<?xml version="1.0"?>
<doc>
    <assembly>
        <name>Google.Apis.Buzz.v1</name>
    </assembly>
    <members>
        <member name="P:Google.Apis.Buzz.v1.BuzzService.Key">
            <summary>Sets the API-Key (or DeveloperKey) which this service uses for all requests</summary>
        </member>
        <member name="T:Google.Apis.Buzz.v1.BuzzService.Scopes">
            <summary>A list of all OAuth2.0 scopes. Each of these scopes relates to a permission or group of permissions that different methods of this API may need.</summary>
        </member>
        <member name="F:Google.Apis.Buzz.v1.BuzzService.Scopes.Buzz">
            <summary>Manage your Buzz activity and address book</summary>
        </member>
        <member name="F:Google.Apis.Buzz.v1.BuzzService.Scopes.BuzzReadonly">
            <summary>View your Buzz activity and address book</summary>
        </member>
        <member name="F:Google.Apis.Buzz.v1.BuzzService.Scopes.Picasa">
            <summary>Manage your photos and videos</summary>
        </member>
        <member name="M:Google.Apis.Buzz.v1.ActivitiesResource.Count">
            <summary>Get a count of link shares</summary>
        </member>
        <member name="M:Google.Apis.Buzz.v1.ActivitiesResource.Delete(System.String,Google.Apis.Buzz.v1.ActivitiesResource.Scope,System.String)">
            <summary>Delete an activity</summary>
            <param name="userId">Required - ID of the user whose post to delete.</param>
            <param name="scope">Required - Must be one of the following values [@liked, @muted, @self] - The collection to which the activity belongs.</param>
            <param name="postId">Required - ID of the activity to delete.</param>
        </member>
        <member name="M:Google.Apis.Buzz.v1.ActivitiesResource.ExtractPeopleFromSearch">
            <summary>Search for people by topic</summary>
        </member>
        <member name="M:Google.Apis.Buzz.v1.ActivitiesResource.Get(System.String,System.String)">
            <summary>Get an activity</summary>
            <param name="userId">Required - ID of the user whose post to get.</param>
            <param name="postId">Required - ID of the post to get.</param>
        </member>
        <member name="M:Google.Apis.Buzz.v1.ActivitiesResource.Insert(Google.Apis.Buzz.v1.Data.Activity,System.String)">
            <summary>Create a new activity</summary>
            <param name="userId">Required - ID of the user being referenced.</param>
        </member>
        <member name="M:Google.Apis.Buzz.v1.ActivitiesResource.List(System.String,Google.Apis.Buzz.v1.ActivitiesResource.ScopeEnum)">
            <summary>List activities</summary>
            <param name="userId">Required - ID of the user being referenced.</param>
            <param name="scope">Required - Must be one of the following values [@comments, @consumption, @liked, @public, @self] - The collection of activities to list.</param>
        </member>
        <member name="M:Google.Apis.Buzz.v1.ActivitiesResource.Patch(Google.Apis.Buzz.v1.Data.Activity,System.String,Google.Apis.Buzz.v1.ActivitiesResource.ScopeMember,System.String)">
            <summary>Update an activity. This method supports patch semantics.</summary>
            <param name="userId">Required - ID of the user whose post to update.</param>
            <param name="scope">Required - Must be one of the following values [@abuse, @liked, @muted, @self] - The collection to which the activity belongs.</param>
            <param name="postId">Required - ID of the activity to update.</param>
        </member>
        <member name="M:Google.Apis.Buzz.v1.ActivitiesResource.Search">
            <summary>Search for activities</summary>
        </member>
        <member name="M:Google.Apis.Buzz.v1.ActivitiesResource.Track">
            <summary>Get real-time activity tracking information</summary>
        </member>
        <member name="M:Google.Apis.Buzz.v1.ActivitiesResource.Update(Google.Apis.Buzz.v1.Data.Activity,System.String,Google.Apis.Buzz.v1.ActivitiesResource.ScopeMember,System.String)">
            <summary>Update an activity</summary>
            <param name="userId">Required - ID of the user whose post to update.</param>
            <param name="scope">Required - Must be one of the following values [@abuse, @liked, @muted, @self] - The collection to which the activity belongs.</param>
            <param name="postId">Required - ID of the activity to update.</param>
        </member>
        <member name="T:Google.Apis.Buzz.v1.ActivitiesResource.Alt">
            <summary>Specifies an alternative representation type.</summary>
        </member>
        <member name="F:Google.Apis.Buzz.v1.ActivitiesResource.Alt.Atom">
            <summary>Use Atom XML format</summary>
        </member>
        <member name="F:Google.Apis.Buzz.v1.ActivitiesResource.Alt.Json">
            <summary>Use JSON format</summary>
        </member>
        <member name="T:Google.Apis.Buzz.v1.ActivitiesResource.Scope">
            <summary>The collection to which the activity belongs.</summary>
        </member>
        <member name="F:Google.Apis.Buzz.v1.ActivitiesResource.Scope.Liked">
            <summary>Activities liked by the user.</summary>
        </member>
        <member name="F:Google.Apis.Buzz.v1.ActivitiesResource.Scope.Muted">
            <summary>Activities muted by the user.</summary>
        </member>
        <member name="F:Google.Apis.Buzz.v1.ActivitiesResource.Scope.Self">
            <summary>Activities posted by the user.</summary>
        </member>
        <member name="T:Google.Apis.Buzz.v1.ActivitiesResource.ScopeEnum">
            <summary>The collection of activities to list.</summary>
        </member>
        <member name="F:Google.Apis.Buzz.v1.ActivitiesResource.ScopeEnum.Comments">
            <summary>Limit to activities commented on by the user.</summary>
        </member>
        <member name="F:Google.Apis.Buzz.v1.ActivitiesResource.ScopeEnum.Consumption">
            <summary>Limit to activities to be consumed by the user.</summary>
        </member>
        <member name="F:Google.Apis.Buzz.v1.ActivitiesResource.ScopeEnum.Liked">
            <summary>Limit to activities liked by the user.</summary>
        </member>
        <member name="F:Google.Apis.Buzz.v1.ActivitiesResource.ScopeEnum.Public">
            <summary>Limit to public activities posted by the user.</summary>
        </member>
        <member name="F:Google.Apis.Buzz.v1.ActivitiesResource.ScopeEnum.Self">
            <summary>Limit to activities posted by the user.</summary>
        </member>
        <member name="T:Google.Apis.Buzz.v1.ActivitiesResource.ScopeMember">
            <summary>The collection to which the activity belongs.</summary>
        </member>
        <member name="F:Google.Apis.Buzz.v1.ActivitiesResource.ScopeMember.Abuse">
            <summary>Activities reported by the user.</summary>
        </member>
        <member name="F:Google.Apis.Buzz.v1.ActivitiesResource.ScopeMember.Liked">
            <summary>Activities liked by the user.</summary>
        </member>
        <member name="F:Google.Apis.Buzz.v1.ActivitiesResource.ScopeMember.Muted">
            <summary>Activities muted by the user.</summary>
        </member>
        <member name="F:Google.Apis.Buzz.v1.ActivitiesResource.ScopeMember.Self">
            <summary>Activities posted by the user.</summary>
        </member>
        <member name="P:Google.Apis.Buzz.v1.ActivitiesResource.CountRequest.Hl">
            <summary>Language code to limit language results.</summary>
        </member>
        <member name="P:Google.Apis.Buzz.v1.ActivitiesResource.CountRequest.Url">
            <summary>URLs for which to get share counts.</summary>
        </member>
        <member name="P:Google.Apis.Buzz.v1.ActivitiesResource.DeleteRequest.Alt">
            <summary>Specifies an alternative representation type.</summary>
        </member>
        <member name="P:Google.Apis.Buzz.v1.ActivitiesResource.DeleteRequest.Hl">
            <summary>Language code to limit language results.</summary>
        </member>
        <member name="P:Google.Apis.Buzz.v1.ActivitiesResource.DeleteRequest.PostId">
            <summary>ID of the activity to delete.</summary>
        </member>
        <member name="P:Google.Apis.Buzz.v1.ActivitiesResource.DeleteRequest.Scope">
            <summary>The collection to which the activity belongs.</summary>
        </member>
        <member name="P:Google.Apis.Buzz.v1.ActivitiesResource.DeleteRequest.UserId">
            <summary>ID of the user whose post to delete.</summary>
        </member>
        <member name="P:Google.Apis.Buzz.v1.ActivitiesResource.ExtractPeopleFromSearchRequest.Alt">
            <summary>Specifies an alternative representation type.</summary>
        </member>
        <member name="P:Google.Apis.Buzz.v1.ActivitiesResource.ExtractPeopleFromSearchRequest.Bbox">
            <summary>Bounding box to use in a geographic location query.</summary>
        </member>
        <member name="P:Google.Apis.Buzz.v1.ActivitiesResource.ExtractPeopleFromSearchRequest.C">
            <summary>A continuation token that allows pagination.</summary>
        </member>
        <member name="P:Google.Apis.Buzz.v1.ActivitiesResource.ExtractPeopleFromSearchRequest.Hl">
            <summary>Language code to limit language results.</summary>
        </member>
        <member name="P:Google.Apis.Buzz.v1.ActivitiesResource.ExtractPeopleFromSearchRequest.Lat">
            <summary>Latitude to use in a geographic location query.</summary>
        </member>
        <member name="P:Google.Apis.Buzz.v1.ActivitiesResource.ExtractPeopleFromSearchRequest.Lon">
            <summary>Longitude to use in a geographic location query.</summary>
        </member>
        <member name="P:Google.Apis.Buzz.v1.ActivitiesResource.ExtractPeopleFromSearchRequest.MaxResults">
            <summary>Maximum number of results to include.</summary>
        </member>
        <member name="P:Google.Apis.Buzz.v1.ActivitiesResource.ExtractPeopleFromSearchRequest.Pid">
            <summary>ID of a place to use in a geographic location query.</summary>
        </member>
        <member name="P:Google.Apis.Buzz.v1.ActivitiesResource.ExtractPeopleFromSearchRequest.Q">
            <summary>Full-text search query string.</summary>
        </member>
        <member name="P:Google.Apis.Buzz.v1.ActivitiesResource.ExtractPeopleFromSearchRequest.Radius">
            <summary>Radius to use in a geographic location query.</summary>
        </member>
        <member name="P:Google.Apis.Buzz.v1.ActivitiesResource.GetRequest.Alt">
            <summary>Specifies an alternative representation type.</summary>
        </member>
        <member name="P:Google.Apis.Buzz.v1.ActivitiesResource.GetRequest.Hl">
            <summary>Language code to limit language results.</summary>
        </member>
        <member name="P:Google.Apis.Buzz.v1.ActivitiesResource.GetRequest.MaxComments">
            <summary>Maximum number of comments to include.</summary>
        </member>
        <member name="P:Google.Apis.Buzz.v1.ActivitiesResource.GetRequest.MaxLiked">
            <summary>Maximum number of likes to include.</summary>
        </member>
        <member name="P:Google.Apis.Buzz.v1.ActivitiesResource.GetRequest.PostId">
            <summary>ID of the post to get.</summary>
        </member>
        <member name="P:Google.Apis.Buzz.v1.ActivitiesResource.GetRequest.TruncateAtom">
            <summary>Truncate the value of the atom:content element.</summary>
        </member>
        <member name="P:Google.Apis.Buzz.v1.ActivitiesResource.GetRequest.UserId">
            <summary>ID of the user whose post to get.</summary>
        </member>
        <member name="P:Google.Apis.Buzz.v1.ActivitiesResource.InsertRequest.Alt">
            <summary>Specifies an alternative representation type.</summary>
        </member>
        <member name="P:Google.Apis.Buzz.v1.ActivitiesResource.InsertRequest.Hl">
            <summary>Language code to limit language results.</summary>
        </member>
        <member name="P:Google.Apis.Buzz.v1.ActivitiesResource.InsertRequest.Preview">
            <summary>If true, only preview the action.</summary>
        </member>
        <member name="P:Google.Apis.Buzz.v1.ActivitiesResource.InsertRequest.UserId">
            <summary>ID of the user being referenced.</summary>
        </member>
        <member name="P:Google.Apis.Buzz.v1.ActivitiesResource.InsertRequest.Body">
            <summary>Gets/Sets the Body of this Request.</summary>
        </member>
        <member name="P:Google.Apis.Buzz.v1.ActivitiesResource.ListRequest.Alt">
            <summary>Specifies an alternative representation type.</summary>
        </member>
        <member name="P:Google.Apis.Buzz.v1.ActivitiesResource.ListRequest.C">
            <summary>A continuation token that allows pagination.</summary>
        </member>
        <member name="P:Google.Apis.Buzz.v1.ActivitiesResource.ListRequest.Hl">
            <summary>Language code to limit language results.</summary>
        </member>
        <member name="P:Google.Apis.Buzz.v1.ActivitiesResource.ListRequest.MaxComments">
            <summary>Maximum number of comments to include.</summary>
        </member>
        <member name="P:Google.Apis.Buzz.v1.ActivitiesResource.ListRequest.MaxLiked">
            <summary>Maximum number of likes to include.</summary>
        </member>
        <member name="P:Google.Apis.Buzz.v1.ActivitiesResource.ListRequest.MaxResults">
            <summary>Maximum number of results to include.</summary>
        </member>
        <member name="P:Google.Apis.Buzz.v1.ActivitiesResource.ListRequest.Scope">
            <summary>The collection of activities to list.</summary>
        </member>
        <member name="P:Google.Apis.Buzz.v1.ActivitiesResource.ListRequest.TruncateAtom">
            <summary>Truncate the value of the atom:content element.</summary>
        </member>
        <member name="P:Google.Apis.Buzz.v1.ActivitiesResource.ListRequest.UserId">
            <summary>ID of the user being referenced.</summary>
        </member>
        <member name="P:Google.Apis.Buzz.v1.ActivitiesResource.PatchRequest.Alt">
            <summary>Specifies an alternative representation type.</summary>
        </member>
        <member name="P:Google.Apis.Buzz.v1.ActivitiesResource.PatchRequest.Hl">
            <summary>Language code to limit language results.</summary>
        </member>
        <member name="P:Google.Apis.Buzz.v1.ActivitiesResource.PatchRequest.PostId">
            <summary>ID of the activity to update.</summary>
        </member>
        <member name="P:Google.Apis.Buzz.v1.ActivitiesResource.PatchRequest.Scope">
            <summary>The collection to which the activity belongs.</summary>
        </member>
        <member name="P:Google.Apis.Buzz.v1.ActivitiesResource.PatchRequest.UserId">
            <summary>ID of the user whose post to update.</summary>
        </member>
        <member name="P:Google.Apis.Buzz.v1.ActivitiesResource.PatchRequest.Body">
            <summary>Gets/Sets the Body of this Request.</summary>
        </member>
        <member name="P:Google.Apis.Buzz.v1.ActivitiesResource.SearchRequest.Alt">
            <summary>Specifies an alternative representation type.</summary>
        </member>
        <member name="P:Google.Apis.Buzz.v1.ActivitiesResource.SearchRequest.Bbox">
            <summary>Bounding box to use in a geographic location query.</summary>
        </member>
        <member name="P:Google.Apis.Buzz.v1.ActivitiesResource.SearchRequest.C">
            <summary>A continuation token that allows pagination.</summary>
        </member>
        <member name="P:Google.Apis.Buzz.v1.ActivitiesResource.SearchRequest.Hl">
            <summary>Language code to limit language results.</summary>
        </member>
        <member name="P:Google.Apis.Buzz.v1.ActivitiesResource.SearchRequest.Lat">
            <summary>Latitude to use in a geographic location query.</summary>
        </member>
        <member name="P:Google.Apis.Buzz.v1.ActivitiesResource.SearchRequest.Lon">
            <summary>Longitude to use in a geographic location query.</summary>
        </member>
        <member name="P:Google.Apis.Buzz.v1.ActivitiesResource.SearchRequest.MaxResults">
            <summary>Maximum number of results to include.</summary>
        </member>
        <member name="P:Google.Apis.Buzz.v1.ActivitiesResource.SearchRequest.Pid">
            <summary>ID of a place to use in a geographic location query.</summary>
        </member>
        <member name="P:Google.Apis.Buzz.v1.ActivitiesResource.SearchRequest.Q">
            <summary>Full-text search query string.</summary>
        </member>
        <member name="P:Google.Apis.Buzz.v1.ActivitiesResource.SearchRequest.Radius">
            <summary>Radius to use in a geographic location query.</summary>
        </member>
        <member name="P:Google.Apis.Buzz.v1.ActivitiesResource.SearchRequest.TruncateAtom">
            <summary>Truncate the value of the atom:content element.</summary>
        </member>
        <member name="P:Google.Apis.Buzz.v1.ActivitiesResource.TrackRequest.Alt">
            <summary>Specifies an alternative representation type.</summary>
        </member>
        <member name="P:Google.Apis.Buzz.v1.ActivitiesResource.TrackRequest.Bbox">
            <summary>Bounding box to use in a geographic location query.</summary>
        </member>
        <member name="P:Google.Apis.Buzz.v1.ActivitiesResource.TrackRequest.C">
            <summary>A continuation token that allows pagination.</summary>
        </member>
        <member name="P:Google.Apis.Buzz.v1.ActivitiesResource.TrackRequest.Hl">
            <summary>Language code to limit language results.</summary>
        </member>
        <member name="P:Google.Apis.Buzz.v1.ActivitiesResource.TrackRequest.Lat">
            <summary>Latitude to use in a geographic location query.</summary>
        </member>
        <member name="P:Google.Apis.Buzz.v1.ActivitiesResource.TrackRequest.Lon">
            <summary>Longitude to use in a geographic location query.</summary>
        </member>
        <member name="P:Google.Apis.Buzz.v1.ActivitiesResource.TrackRequest.MaxResults">
            <summary>Maximum number of results to include.</summary>
        </member>
        <member name="P:Google.Apis.Buzz.v1.ActivitiesResource.TrackRequest.Pid">
            <summary>ID of a place to use in a geographic location query.</summary>
        </member>
        <member name="P:Google.Apis.Buzz.v1.ActivitiesResource.TrackRequest.Q">
            <summary>Full-text search query string.</summary>
        </member>
        <member name="P:Google.Apis.Buzz.v1.ActivitiesResource.TrackRequest.Radius">
            <summary>Radius to use in a geographic location query.</summary>
        </member>
        <member name="P:Google.Apis.Buzz.v1.ActivitiesResource.UpdateRequest.Alt">
            <summary>Specifies an alternative representation type.</summary>
        </member>
        <member name="P:Google.Apis.Buzz.v1.ActivitiesResource.UpdateRequest.Hl">
            <summary>Language code to limit language results.</summary>
        </member>
        <member name="P:Google.Apis.Buzz.v1.ActivitiesResource.UpdateRequest.PostId">
            <summary>ID of the activity to update.</summary>
        </member>
        <member name="P:Google.Apis.Buzz.v1.ActivitiesResource.UpdateRequest.Scope">
            <summary>The collection to which the activity belongs.</summary>
        </member>
        <member name="P:Google.Apis.Buzz.v1.ActivitiesResource.UpdateRequest.UserId">
            <summary>ID of the user whose post to update.</summary>
        </member>
        <member name="P:Google.Apis.Buzz.v1.ActivitiesResource.UpdateRequest.Body">
            <summary>Gets/Sets the Body of this Request.</summary>
        </member>
        <member name="M:Google.Apis.Buzz.v1.CommentsResource.Delete(System.String,System.String,System.String)">
            <summary>Delete a comment</summary>
            <param name="userId">Required - ID of the user being referenced.</param>
            <param name="postId">Required - ID of the activity for which to delete the comment.</param>
            <param name="commentId">Required - ID of the comment being referenced.</param>
        </member>
        <member name="M:Google.Apis.Buzz.v1.CommentsResource.Get(System.String,System.String,System.String)">
            <summary>Get a comment</summary>
            <param name="userId">Required - ID of the user being referenced.</param>
            <param name="postId">Required - ID of the activity for which to get comments.</param>
            <param name="commentId">Required - ID of the comment being referenced.</param>
        </member>
        <member name="M:Google.Apis.Buzz.v1.CommentsResource.Insert(Google.Apis.Buzz.v1.Data.Comment,System.String,System.String)">
            <summary>Create a comment</summary>
            <param name="userId">Required - ID of the user on whose behalf to comment.</param>
            <param name="postId">Required - ID of the activity on which to comment.</param>
        </member>
        <member name="M:Google.Apis.Buzz.v1.CommentsResource.List(System.String,Google.Apis.Buzz.v1.CommentsResource.Scope,System.String)">
            <summary>List comments</summary>
            <param name="userId">Required - ID of the user for whose post to get comments.</param>
            <param name="scope">Required - Must be one of the following values [@self] - The collection to which the activity belongs.</param>
            <param name="postId">Required - ID of the activity for which to get comments.</param>
        </member>
        <member name="M:Google.Apis.Buzz.v1.CommentsResource.Patch(Google.Apis.Buzz.v1.Data.Comment,System.String,Google.Apis.Buzz.v1.CommentsResource.ScopeEnum,System.String,System.String)">
            <summary>Update a comment. This method supports patch semantics.</summary>
            <param name="userId">Required - ID of the user being referenced.</param>
            <param name="scope">Required - Must be one of the following values [@abuse, @self] - The collection to which the activity belongs.</param>
            <param name="postId">Required - ID of the activity for which to update the comment.</param>
            <param name="commentId">Required - ID of the comment being referenced.</param>
        </member>
        <member name="M:Google.Apis.Buzz.v1.CommentsResource.Update(Google.Apis.Buzz.v1.Data.Comment,System.String,Google.Apis.Buzz.v1.CommentsResource.ScopeEnum,System.String,System.String)">
            <summary>Update a comment</summary>
            <param name="userId">Required - ID of the user being referenced.</param>
            <param name="scope">Required - Must be one of the following values [@abuse, @self] - The collection to which the activity belongs.</param>
            <param name="postId">Required - ID of the activity for which to update the comment.</param>
            <param name="commentId">Required - ID of the comment being referenced.</param>
        </member>
        <member name="T:Google.Apis.Buzz.v1.CommentsResource.Alt">
            <summary>Specifies an alternative representation type.</summary>
        </member>
        <member name="F:Google.Apis.Buzz.v1.CommentsResource.Alt.Atom">
            <summary>Use Atom XML format</summary>
        </member>
        <member name="F:Google.Apis.Buzz.v1.CommentsResource.Alt.Json">
            <summary>Use JSON format</summary>
        </member>
        <member name="T:Google.Apis.Buzz.v1.CommentsResource.Scope">
            <summary>The collection to which the activity belongs.</summary>
        </member>
        <member name="F:Google.Apis.Buzz.v1.CommentsResource.Scope.Self">
            <summary>Activities posted by the user.</summary>
        </member>
        <member name="T:Google.Apis.Buzz.v1.CommentsResource.ScopeEnum">
            <summary>The collection to which the activity belongs.</summary>
        </member>
        <member name="F:Google.Apis.Buzz.v1.CommentsResource.ScopeEnum.Abuse">
            <summary>Comments reported by the user.</summary>
        </member>
        <member name="F:Google.Apis.Buzz.v1.CommentsResource.ScopeEnum.Self">
            <summary>Comments posted by the user.</summary>
        </member>
        <member name="P:Google.Apis.Buzz.v1.CommentsResource.DeleteRequest.Alt">
            <summary>Specifies an alternative representation type.</summary>
        </member>
        <member name="P:Google.Apis.Buzz.v1.CommentsResource.DeleteRequest.CommentId">
            <summary>ID of the comment being referenced.</summary>
        </member>
        <member name="P:Google.Apis.Buzz.v1.CommentsResource.DeleteRequest.Hl">
            <summary>Language code to limit language results.</summary>
        </member>
        <member name="P:Google.Apis.Buzz.v1.CommentsResource.DeleteRequest.PostId">
            <summary>ID of the activity for which to delete the comment.</summary>
        </member>
        <member name="P:Google.Apis.Buzz.v1.CommentsResource.DeleteRequest.UserId">
            <summary>ID of the user being referenced.</summary>
        </member>
        <member name="P:Google.Apis.Buzz.v1.CommentsResource.GetRequest.Alt">
            <summary>Specifies an alternative representation type.</summary>
        </member>
        <member name="P:Google.Apis.Buzz.v1.CommentsResource.GetRequest.CommentId">
            <summary>ID of the comment being referenced.</summary>
        </member>
        <member name="P:Google.Apis.Buzz.v1.CommentsResource.GetRequest.Hl">
            <summary>Language code to limit language results.</summary>
        </member>
        <member name="P:Google.Apis.Buzz.v1.CommentsResource.GetRequest.PostId">
            <summary>ID of the activity for which to get comments.</summary>
        </member>
        <member name="P:Google.Apis.Buzz.v1.CommentsResource.GetRequest.UserId">
            <summary>ID of the user being referenced.</summary>
        </member>
        <member name="P:Google.Apis.Buzz.v1.CommentsResource.InsertRequest.Alt">
            <summary>Specifies an alternative representation type.</summary>
        </member>
        <member name="P:Google.Apis.Buzz.v1.CommentsResource.InsertRequest.Hl">
            <summary>Language code to limit language results.</summary>
        </member>
        <member name="P:Google.Apis.Buzz.v1.CommentsResource.InsertRequest.PostId">
            <summary>ID of the activity on which to comment.</summary>
        </member>
        <member name="P:Google.Apis.Buzz.v1.CommentsResource.InsertRequest.UserId">
            <summary>ID of the user on whose behalf to comment.</summary>
        </member>
        <member name="P:Google.Apis.Buzz.v1.CommentsResource.InsertRequest.Body">
            <summary>Gets/Sets the Body of this Request.</summary>
        </member>
        <member name="P:Google.Apis.Buzz.v1.CommentsResource.ListRequest.Alt">
            <summary>Specifies an alternative representation type.</summary>
        </member>
        <member name="P:Google.Apis.Buzz.v1.CommentsResource.ListRequest.C">
            <summary>A continuation token that allows pagination.</summary>
        </member>
        <member name="P:Google.Apis.Buzz.v1.CommentsResource.ListRequest.Hl">
            <summary>Language code to limit language results.</summary>
        </member>
        <member name="P:Google.Apis.Buzz.v1.CommentsResource.ListRequest.MaxResults">
            <summary>Maximum number of results to include.</summary>
        </member>
        <member name="P:Google.Apis.Buzz.v1.CommentsResource.ListRequest.PostId">
            <summary>ID of the activity for which to get comments.</summary>
        </member>
        <member name="P:Google.Apis.Buzz.v1.CommentsResource.ListRequest.Scope">
            <summary>The collection to which the activity belongs.</summary>
        </member>
        <member name="P:Google.Apis.Buzz.v1.CommentsResource.ListRequest.UserId">
            <summary>ID of the user for whose post to get comments.</summary>
        </member>
        <member name="P:Google.Apis.Buzz.v1.CommentsResource.PatchRequest.Alt">
            <summary>Specifies an alternative representation type.</summary>
        </member>
        <member name="P:Google.Apis.Buzz.v1.CommentsResource.PatchRequest.CommentId">
            <summary>ID of the comment being referenced.</summary>
        </member>
        <member name="P:Google.Apis.Buzz.v1.CommentsResource.PatchRequest.Hl">
            <summary>Language code to limit language results.</summary>
        </member>
        <member name="P:Google.Apis.Buzz.v1.CommentsResource.PatchRequest.PostId">
            <summary>ID of the activity for which to update the comment.</summary>
        </member>
        <member name="P:Google.Apis.Buzz.v1.CommentsResource.PatchRequest.Scope">
            <summary>The collection to which the activity belongs.</summary>
        </member>
        <member name="P:Google.Apis.Buzz.v1.CommentsResource.PatchRequest.UserId">
            <summary>ID of the user being referenced.</summary>
        </member>
        <member name="P:Google.Apis.Buzz.v1.CommentsResource.PatchRequest.Body">
            <summary>Gets/Sets the Body of this Request.</summary>
        </member>
        <member name="P:Google.Apis.Buzz.v1.CommentsResource.UpdateRequest.Alt">
            <summary>Specifies an alternative representation type.</summary>
        </member>
        <member name="P:Google.Apis.Buzz.v1.CommentsResource.UpdateRequest.CommentId">
            <summary>ID of the comment being referenced.</summary>
        </member>
        <member name="P:Google.Apis.Buzz.v1.CommentsResource.UpdateRequest.Hl">
            <summary>Language code to limit language results.</summary>
        </member>
        <member name="P:Google.Apis.Buzz.v1.CommentsResource.UpdateRequest.PostId">
            <summary>ID of the activity for which to update the comment.</summary>
        </member>
        <member name="P:Google.Apis.Buzz.v1.CommentsResource.UpdateRequest.Scope">
            <summary>The collection to which the activity belongs.</summary>
        </member>
        <member name="P:Google.Apis.Buzz.v1.CommentsResource.UpdateRequest.UserId">
            <summary>ID of the user being referenced.</summary>
        </member>
        <member name="P:Google.Apis.Buzz.v1.CommentsResource.UpdateRequest.Body">
            <summary>Gets/Sets the Body of this Request.</summary>
        </member>
        <member name="M:Google.Apis.Buzz.v1.GroupsResource.Delete(System.String,System.String)">
            <summary>Delete a group</summary>
            <param name="userId">Required - ID of the user being referenced.</param>
            <param name="groupId">Required - ID of the group to delete.</param>
        </member>
        <member name="M:Google.Apis.Buzz.v1.GroupsResource.Get(System.String,System.String)">
            <summary>Get a group</summary>
            <param name="userId">Required - ID of the user being referenced.</param>
            <param name="groupId">Required - ID of the group to get.</param>
        </member>
        <member name="M:Google.Apis.Buzz.v1.GroupsResource.Insert(Google.Apis.Buzz.v1.Data.Group,System.String)">
            <summary>Create a group</summary>
            <param name="userId">Required - ID of the user being referenced.</param>
        </member>
        <member name="M:Google.Apis.Buzz.v1.GroupsResource.List(System.String)">
            <summary>Get a user&apos;s groups</summary>
            <param name="userId">Required - ID of the user being referenced.</param>
        </member>
        <member name="M:Google.Apis.Buzz.v1.GroupsResource.Patch(Google.Apis.Buzz.v1.Data.Group,System.String,System.String)">
            <summary>Update a group. This method supports patch semantics.</summary>
            <param name="userId">Required - ID of the user being referenced.</param>
            <param name="groupId">Required - ID of the group to update.</param>
        </member>
        <member name="M:Google.Apis.Buzz.v1.GroupsResource.Update(Google.Apis.Buzz.v1.Data.Group,System.String,System.String)">
            <summary>Update a group</summary>
            <param name="userId">Required - ID of the user being referenced.</param>
            <param name="groupId">Required - ID of the group to update.</param>
        </member>
        <member name="T:Google.Apis.Buzz.v1.GroupsResource.Alt">
            <summary>Specifies an alternative representation type.</summary>
        </member>
        <member name="F:Google.Apis.Buzz.v1.GroupsResource.Alt.Atom">
            <summary>Use Atom XML format</summary>
        </member>
        <member name="F:Google.Apis.Buzz.v1.GroupsResource.Alt.Json">
            <summary>Use JSON format</summary>
        </member>
        <member name="P:Google.Apis.Buzz.v1.GroupsResource.DeleteRequest.Alt">
            <summary>Specifies an alternative representation type.</summary>
        </member>
        <member name="P:Google.Apis.Buzz.v1.GroupsResource.DeleteRequest.GroupId">
            <summary>ID of the group to delete.</summary>
        </member>
        <member name="P:Google.Apis.Buzz.v1.GroupsResource.DeleteRequest.Hl">
            <summary>Language code to limit language results.</summary>
        </member>
        <member name="P:Google.Apis.Buzz.v1.GroupsResource.DeleteRequest.UserId">
            <summary>ID of the user being referenced.</summary>
        </member>
        <member name="P:Google.Apis.Buzz.v1.GroupsResource.GetRequest.Alt">
            <summary>Specifies an alternative representation type.</summary>
        </member>
        <member name="P:Google.Apis.Buzz.v1.GroupsResource.GetRequest.GroupId">
            <summary>ID of the group to get.</summary>
        </member>
        <member name="P:Google.Apis.Buzz.v1.GroupsResource.GetRequest.Hl">
            <summary>Language code to limit language results.</summary>
        </member>
        <member name="P:Google.Apis.Buzz.v1.GroupsResource.GetRequest.UserId">
            <summary>ID of the user being referenced.</summary>
        </member>
        <member name="P:Google.Apis.Buzz.v1.GroupsResource.InsertRequest.Alt">
            <summary>Specifies an alternative representation type.</summary>
        </member>
        <member name="P:Google.Apis.Buzz.v1.GroupsResource.InsertRequest.Hl">
            <summary>Language code to limit language results.</summary>
        </member>
        <member name="P:Google.Apis.Buzz.v1.GroupsResource.InsertRequest.UserId">
            <summary>ID of the user being referenced.</summary>
        </member>
        <member name="P:Google.Apis.Buzz.v1.GroupsResource.InsertRequest.Body">
            <summary>Gets/Sets the Body of this Request.</summary>
        </member>
        <member name="P:Google.Apis.Buzz.v1.GroupsResource.ListRequest.Alt">
            <summary>Specifies an alternative representation type.</summary>
        </member>
        <member name="P:Google.Apis.Buzz.v1.GroupsResource.ListRequest.C">
            <summary>A continuation token that allows pagination.</summary>
        </member>
        <member name="P:Google.Apis.Buzz.v1.GroupsResource.ListRequest.Hl">
            <summary>Language code to limit language results.</summary>
        </member>
        <member name="P:Google.Apis.Buzz.v1.GroupsResource.ListRequest.MaxResults">
            <summary>Maximum number of results to include.</summary>
        </member>
        <member name="P:Google.Apis.Buzz.v1.GroupsResource.ListRequest.UserId">
            <summary>ID of the user being referenced.</summary>
        </member>
        <member name="P:Google.Apis.Buzz.v1.GroupsResource.PatchRequest.Alt">
            <summary>Specifies an alternative representation type.</summary>
        </member>
        <member name="P:Google.Apis.Buzz.v1.GroupsResource.PatchRequest.GroupId">
            <summary>ID of the group to update.</summary>
        </member>
        <member name="P:Google.Apis.Buzz.v1.GroupsResource.PatchRequest.Hl">
            <summary>Language code to limit language results.</summary>
        </member>
        <member name="P:Google.Apis.Buzz.v1.GroupsResource.PatchRequest.UserId">
            <summary>ID of the user being referenced.</summary>
        </member>
        <member name="P:Google.Apis.Buzz.v1.GroupsResource.PatchRequest.Body">
            <summary>Gets/Sets the Body of this Request.</summary>
        </member>
        <member name="P:Google.Apis.Buzz.v1.GroupsResource.UpdateRequest.Alt">
            <summary>Specifies an alternative representation type.</summary>
        </member>
        <member name="P:Google.Apis.Buzz.v1.GroupsResource.UpdateRequest.GroupId">
            <summary>ID of the group to update.</summary>
        </member>
        <member name="P:Google.Apis.Buzz.v1.GroupsResource.UpdateRequest.Hl">
            <summary>Language code to limit language results.</summary>
        </member>
        <member name="P:Google.Apis.Buzz.v1.GroupsResource.UpdateRequest.UserId">
            <summary>ID of the user being referenced.</summary>
        </member>
        <member name="P:Google.Apis.Buzz.v1.GroupsResource.UpdateRequest.Body">
            <summary>Gets/Sets the Body of this Request.</summary>
        </member>
        <member name="M:Google.Apis.Buzz.v1.PeopleResource.Delete(System.String,System.String,System.String)">
            <summary>Remove a person from a group</summary>
            <param name="userId">Required - ID of the owner of the group.</param>
            <param name="groupId">Required - ID of the group from which to remove the person.</param>
            <param name="personId">Required - ID of the person to remove from the group.</param>
        </member>
        <member name="M:Google.Apis.Buzz.v1.PeopleResource.Get(System.String)">
            <summary>Get a user profile</summary>
            <param name="userId">Required - ID of the user being referenced.</param>
        </member>
        <member name="M:Google.Apis.Buzz.v1.PeopleResource.Liked(System.String,System.String,System.String,Google.Apis.Buzz.v1.PeopleResource.GroupId)">
            <summary>Get people who liked an activity</summary>
            <param name="userId">Required - ID of the user being referenced.</param>
            <param name="scope">Required</param>
            <param name="postId">Required - ID of the activity that was liked.</param>
            <param name="groupId">Required - Must be one of the following values [@liked]</param>
        </member>
        <member name="M:Google.Apis.Buzz.v1.PeopleResource.List(System.String,System.String)">
            <summary>Get people in a group</summary>
            <param name="userId">Required - ID of the user being referenced.</param>
            <param name="groupId">Required - ID of the group for which to list users.</param>
        </member>
        <member name="M:Google.Apis.Buzz.v1.PeopleResource.Patch(Google.Apis.Buzz.v1.Data.Person,System.String,System.String,System.String)">
            <summary>Add a person to a group. This method supports patch semantics.</summary>
            <param name="userId">Required - ID of the owner of the group.</param>
            <param name="groupId">Required - ID of the group to which to add the person.</param>
            <param name="personId">Required - ID of the person to add to the group.</param>
        </member>
        <member name="M:Google.Apis.Buzz.v1.PeopleResource.Reshared(System.String,System.String,System.String,Google.Apis.Buzz.v1.PeopleResource.GroupIdEnum)">
            <summary>Get people who reshared an activity</summary>
            <param name="userId">Required - ID of the user being referenced.</param>
            <param name="scope">Required</param>
            <param name="postId">Required - ID of the activity that was reshared.</param>
            <param name="groupId">Required - Must be one of the following values [@reshared]</param>
        </member>
        <member name="M:Google.Apis.Buzz.v1.PeopleResource.Search">
            <summary>Search for people</summary>
        </member>
        <member name="M:Google.Apis.Buzz.v1.PeopleResource.Update(Google.Apis.Buzz.v1.Data.Person,System.String,System.String,System.String)">
            <summary>Add a person to a group</summary>
            <param name="userId">Required - ID of the owner of the group.</param>
            <param name="groupId">Required - ID of the group to which to add the person.</param>
            <param name="personId">Required - ID of the person to add to the group.</param>
        </member>
        <member name="T:Google.Apis.Buzz.v1.PeopleResource.Alt">
            <summary>Specifies an alternative representation type.</summary>
        </member>
        <member name="F:Google.Apis.Buzz.v1.PeopleResource.Alt.Atom">
            <summary>Use Atom XML format</summary>
        </member>
        <member name="F:Google.Apis.Buzz.v1.PeopleResource.Alt.Json">
            <summary>Use JSON format</summary>
        </member>
        <member name="F:Google.Apis.Buzz.v1.PeopleResource.GroupId.Liked">
            <summary>People who liked this activity.</summary>
        </member>
        <member name="F:Google.Apis.Buzz.v1.PeopleResource.GroupIdEnum.Reshared">
            <summary>People who reshared this activity.</summary>
        </member>
        <member name="P:Google.Apis.Buzz.v1.PeopleResource.DeleteRequest.Alt">
            <summary>Specifies an alternative representation type.</summary>
        </member>
        <member name="P:Google.Apis.Buzz.v1.PeopleResource.DeleteRequest.GroupId">
            <summary>ID of the group from which to remove the person.</summary>
        </member>
        <member name="P:Google.Apis.Buzz.v1.PeopleResource.DeleteRequest.Hl">
            <summary>Language code to limit language results.</summary>
        </member>
        <member name="P:Google.Apis.Buzz.v1.PeopleResource.DeleteRequest.PersonId">
            <summary>ID of the person to remove from the group.</summary>
        </member>
        <member name="P:Google.Apis.Buzz.v1.PeopleResource.DeleteRequest.UserId">
            <summary>ID of the owner of the group.</summary>
        </member>
        <member name="P:Google.Apis.Buzz.v1.PeopleResource.GetRequest.Alt">
            <summary>Specifies an alternative representation type.</summary>
        </member>
        <member name="P:Google.Apis.Buzz.v1.PeopleResource.GetRequest.Hl">
            <summary>Language code to limit language results.</summary>
        </member>
        <member name="P:Google.Apis.Buzz.v1.PeopleResource.GetRequest.UserId">
            <summary>ID of the user being referenced.</summary>
        </member>
        <member name="P:Google.Apis.Buzz.v1.PeopleResource.LikedRequest.Alt">
            <summary>Specifies an alternative representation type.</summary>
        </member>
        <member name="P:Google.Apis.Buzz.v1.PeopleResource.LikedRequest.C">
            <summary>A continuation token that allows pagination.</summary>
        </member>
        <member name="P:Google.Apis.Buzz.v1.PeopleResource.LikedRequest.Hl">
            <summary>Language code to limit language results.</summary>
        </member>
        <member name="P:Google.Apis.Buzz.v1.PeopleResource.LikedRequest.MaxResults">
            <summary>Maximum number of results to include.</summary>
        </member>
        <member name="P:Google.Apis.Buzz.v1.PeopleResource.LikedRequest.PostId">
            <summary>ID of the activity that was liked.</summary>
        </member>
        <member name="P:Google.Apis.Buzz.v1.PeopleResource.LikedRequest.UserId">
            <summary>ID of the user being referenced.</summary>
        </member>
        <member name="P:Google.Apis.Buzz.v1.PeopleResource.ListRequest.Alt">
            <summary>Specifies an alternative representation type.</summary>
        </member>
        <member name="P:Google.Apis.Buzz.v1.PeopleResource.ListRequest.C">
            <summary>A continuation token that allows pagination.</summary>
        </member>
        <member name="P:Google.Apis.Buzz.v1.PeopleResource.ListRequest.GroupId">
            <summary>ID of the group for which to list users.</summary>
        </member>
        <member name="P:Google.Apis.Buzz.v1.PeopleResource.ListRequest.Hl">
            <summary>Language code to limit language results.</summary>
        </member>
        <member name="P:Google.Apis.Buzz.v1.PeopleResource.ListRequest.MaxResults">
            <summary>Maximum number of results to include.</summary>
        </member>
        <member name="P:Google.Apis.Buzz.v1.PeopleResource.ListRequest.UserId">
            <summary>ID of the user being referenced.</summary>
        </member>
        <member name="P:Google.Apis.Buzz.v1.PeopleResource.PatchRequest.Alt">
            <summary>Specifies an alternative representation type.</summary>
        </member>
        <member name="P:Google.Apis.Buzz.v1.PeopleResource.PatchRequest.GroupId">
            <summary>ID of the group to which to add the person.</summary>
        </member>
        <member name="P:Google.Apis.Buzz.v1.PeopleResource.PatchRequest.Hl">
            <summary>Language code to limit language results.</summary>
        </member>
        <member name="P:Google.Apis.Buzz.v1.PeopleResource.PatchRequest.PersonId">
            <summary>ID of the person to add to the group.</summary>
        </member>
        <member name="P:Google.Apis.Buzz.v1.PeopleResource.PatchRequest.UserId">
            <summary>ID of the owner of the group.</summary>
        </member>
        <member name="P:Google.Apis.Buzz.v1.PeopleResource.PatchRequest.Body">
            <summary>Gets/Sets the Body of this Request.</summary>
        </member>
        <member name="P:Google.Apis.Buzz.v1.PeopleResource.ResharedRequest.Alt">
            <summary>Specifies an alternative representation type.</summary>
        </member>
        <member name="P:Google.Apis.Buzz.v1.PeopleResource.ResharedRequest.C">
            <summary>A continuation token that allows pagination.</summary>
        </member>
        <member name="P:Google.Apis.Buzz.v1.PeopleResource.ResharedRequest.Hl">
            <summary>Language code to limit language results.</summary>
        </member>
        <member name="P:Google.Apis.Buzz.v1.PeopleResource.ResharedRequest.MaxResults">
            <summary>Maximum number of results to include.</summary>
        </member>
        <member name="P:Google.Apis.Buzz.v1.PeopleResource.ResharedRequest.PostId">
            <summary>ID of the activity that was reshared.</summary>
        </member>
        <member name="P:Google.Apis.Buzz.v1.PeopleResource.ResharedRequest.UserId">
            <summary>ID of the user being referenced.</summary>
        </member>
        <member name="P:Google.Apis.Buzz.v1.PeopleResource.SearchRequest.Alt">
            <summary>Specifies an alternative representation type.</summary>
        </member>
        <member name="P:Google.Apis.Buzz.v1.PeopleResource.SearchRequest.C">
            <summary>A continuation token that allows pagination.</summary>
        </member>
        <member name="P:Google.Apis.Buzz.v1.PeopleResource.SearchRequest.Hl">
            <summary>Language code to limit language results.</summary>
        </member>
        <member name="P:Google.Apis.Buzz.v1.PeopleResource.SearchRequest.MaxResults">
            <summary>Maximum number of results to include.</summary>
        </member>
        <member name="P:Google.Apis.Buzz.v1.PeopleResource.SearchRequest.Q">
            <summary>Full-text search query string.</summary>
        </member>
        <member name="P:Google.Apis.Buzz.v1.PeopleResource.UpdateRequest.Alt">
            <summary>Specifies an alternative representation type.</summary>
        </member>
        <member name="P:Google.Apis.Buzz.v1.PeopleResource.UpdateRequest.GroupId">
            <summary>ID of the group to which to add the person.</summary>
        </member>
        <member name="P:Google.Apis.Buzz.v1.PeopleResource.UpdateRequest.Hl">
            <summary>Language code to limit language results.</summary>
        </member>
        <member name="P:Google.Apis.Buzz.v1.PeopleResource.UpdateRequest.PersonId">
            <summary>ID of the person to add to the group.</summary>
        </member>
        <member name="P:Google.Apis.Buzz.v1.PeopleResource.UpdateRequest.UserId">
            <summary>ID of the owner of the group.</summary>
        </member>
        <member name="P:Google.Apis.Buzz.v1.PeopleResource.UpdateRequest.Body">
            <summary>Gets/Sets the Body of this Request.</summary>
        </member>
        <member name="M:Google.Apis.Buzz.v1.PhotoAlbumsResource.Delete(System.String,System.String)">
            <summary>Delete a photo album</summary>
            <param name="userId">Required - ID of the user being referenced.</param>
            <param name="albumId">Required - ID of the album to delete.</param>
        </member>
        <member name="M:Google.Apis.Buzz.v1.PhotoAlbumsResource.Get(System.String,System.String)">
            <summary>Get a photo album</summary>
            <param name="userId">Required - ID of the user being referenced.</param>
            <param name="albumId">Required - ID of the album to get.</param>
        </member>
        <member name="M:Google.Apis.Buzz.v1.PhotoAlbumsResource.Insert(Google.Apis.Buzz.v1.Data.Album,System.String)">
            <summary>Create a photo album</summary>
            <param name="userId">Required - ID of the user being referenced.</param>
        </member>
        <member name="M:Google.Apis.Buzz.v1.PhotoAlbumsResource.List(System.String,Google.Apis.Buzz.v1.PhotoAlbumsResource.Scope)">
            <summary>List a user&apos;s photo albums</summary>
            <param name="userId">Required - ID of the user being referenced.</param>
            <param name="scope">Required - Must be one of the following values [@self] - The collection of albums to list.</param>
        </member>
        <member name="T:Google.Apis.Buzz.v1.PhotoAlbumsResource.Alt">
            <summary>Specifies an alternative representation type.</summary>
        </member>
        <member name="F:Google.Apis.Buzz.v1.PhotoAlbumsResource.Alt.Atom">
            <summary>Use Atom XML format</summary>
        </member>
        <member name="F:Google.Apis.Buzz.v1.PhotoAlbumsResource.Alt.Json">
            <summary>Use JSON format</summary>
        </member>
        <member name="T:Google.Apis.Buzz.v1.PhotoAlbumsResource.Scope">
            <summary>The collection of albums to list.</summary>
        </member>
        <member name="F:Google.Apis.Buzz.v1.PhotoAlbumsResource.Scope.Self">
            <summary>Albums posted by the user.</summary>
        </member>
        <member name="P:Google.Apis.Buzz.v1.PhotoAlbumsResource.DeleteRequest.AlbumId">
            <summary>ID of the album to delete.</summary>
        </member>
        <member name="P:Google.Apis.Buzz.v1.PhotoAlbumsResource.DeleteRequest.Alt">
            <summary>Specifies an alternative representation type.</summary>
        </member>
        <member name="P:Google.Apis.Buzz.v1.PhotoAlbumsResource.DeleteRequest.Hl">
            <summary>Language code to limit language results.</summary>
        </member>
        <member name="P:Google.Apis.Buzz.v1.PhotoAlbumsResource.DeleteRequest.UserId">
            <summary>ID of the user being referenced.</summary>
        </member>
        <member name="P:Google.Apis.Buzz.v1.PhotoAlbumsResource.GetRequest.AlbumId">
            <summary>ID of the album to get.</summary>
        </member>
        <member name="P:Google.Apis.Buzz.v1.PhotoAlbumsResource.GetRequest.Alt">
            <summary>Specifies an alternative representation type.</summary>
        </member>
        <member name="P:Google.Apis.Buzz.v1.PhotoAlbumsResource.GetRequest.Hl">
            <summary>Language code to limit language results.</summary>
        </member>
        <member name="P:Google.Apis.Buzz.v1.PhotoAlbumsResource.GetRequest.UserId">
            <summary>ID of the user being referenced.</summary>
        </member>
        <member name="P:Google.Apis.Buzz.v1.PhotoAlbumsResource.InsertRequest.Alt">
            <summary>Specifies an alternative representation type.</summary>
        </member>
        <member name="P:Google.Apis.Buzz.v1.PhotoAlbumsResource.InsertRequest.Hl">
            <summary>Language code to limit language results.</summary>
        </member>
        <member name="P:Google.Apis.Buzz.v1.PhotoAlbumsResource.InsertRequest.UserId">
            <summary>ID of the user being referenced.</summary>
        </member>
        <member name="P:Google.Apis.Buzz.v1.PhotoAlbumsResource.InsertRequest.Body">
            <summary>Gets/Sets the Body of this Request.</summary>
        </member>
        <member name="P:Google.Apis.Buzz.v1.PhotoAlbumsResource.ListRequest.Alt">
            <summary>Specifies an alternative representation type.</summary>
        </member>
        <member name="P:Google.Apis.Buzz.v1.PhotoAlbumsResource.ListRequest.C">
            <summary>A continuation token that allows pagination.</summary>
        </member>
        <member name="P:Google.Apis.Buzz.v1.PhotoAlbumsResource.ListRequest.Hl">
            <summary>Language code to limit language results.</summary>
        </member>
        <member name="P:Google.Apis.Buzz.v1.PhotoAlbumsResource.ListRequest.MaxResults">
            <summary>Maximum number of results to include.</summary>
        </member>
        <member name="P:Google.Apis.Buzz.v1.PhotoAlbumsResource.ListRequest.Scope">
            <summary>The collection of albums to list.</summary>
        </member>
        <member name="P:Google.Apis.Buzz.v1.PhotoAlbumsResource.ListRequest.UserId">
            <summary>ID of the user being referenced.</summary>
        </member>
        <member name="M:Google.Apis.Buzz.v1.PhotosResource.Delete(System.String,System.String,System.String)">
            <summary>Delete a photo</summary>
            <param name="userId">Required - ID of the user being referenced.</param>
            <param name="albumId">Required - ID of the album to which to photo belongs.</param>
            <param name="photoId">Required - ID of the photo to delete.</param>
        </member>
        <member name="M:Google.Apis.Buzz.v1.PhotosResource.Get(System.String,System.String,System.String)">
            <summary>Get photo metadata</summary>
            <param name="userId">Required - ID of the user being referenced.</param>
            <param name="albumId">Required - ID of the album containing the photo.</param>
            <param name="photoId">Required - ID of the photo for which to get metadata.</param>
        </member>
        <member name="M:Google.Apis.Buzz.v1.PhotosResource.Insert(Google.Apis.Buzz.v1.Data.AlbumLite,System.String,System.String)">
            <summary>Upload a photo to an album</summary>
            <param name="userId">Required - ID of the user being referenced.</param>
            <param name="albumId">Required - ID of the album to which to upload.</param>
        </member>
        <member name="M:Google.Apis.Buzz.v1.PhotosResource.Insert2(Google.Apis.Buzz.v1.Data.ChiliPhotosResourceJson,System.String,System.String)">
            <summary>Upload a photo to an album</summary>
            <param name="userId">Required - ID of the user being referenced.</param>
            <param name="albumId">Required - ID of the album to which to upload.</param>
        </member>
        <member name="M:Google.Apis.Buzz.v1.PhotosResource.ListByAlbum(System.String,System.String)">
            <summary>List photos in an album</summary>
            <param name="userId">Required - ID of the user being referenced.</param>
            <param name="albumId">Required - ID of the album for which to list photos.</param>
        </member>
        <member name="M:Google.Apis.Buzz.v1.PhotosResource.ListByScope(System.String,Google.Apis.Buzz.v1.PhotosResource.Scope)">
            <summary>Get a user&apos;s photos</summary>
            <param name="userId">Required - ID of the user being referenced.</param>
            <param name="scope">Required - Must be one of the following values [@recent] - The collection of photos to list.</param>
        </member>
        <member name="T:Google.Apis.Buzz.v1.PhotosResource.Alt">
            <summary>Specifies an alternative representation type.</summary>
        </member>
        <member name="F:Google.Apis.Buzz.v1.PhotosResource.Alt.Atom">
            <summary>Use Atom XML format</summary>
        </member>
        <member name="F:Google.Apis.Buzz.v1.PhotosResource.Alt.Json">
            <summary>Use JSON format</summary>
        </member>
        <member name="T:Google.Apis.Buzz.v1.PhotosResource.Scope">
            <summary>The collection of photos to list.</summary>
        </member>
        <member name="F:Google.Apis.Buzz.v1.PhotosResource.Scope.Recent">
            <summary>Recent photos uploaded by the user.</summary>
        </member>
        <member name="P:Google.Apis.Buzz.v1.PhotosResource.DeleteRequest.AlbumId">
            <summary>ID of the album to which to photo belongs.</summary>
        </member>
        <member name="P:Google.Apis.Buzz.v1.PhotosResource.DeleteRequest.Alt">
            <summary>Specifies an alternative representation type.</summary>
        </member>
        <member name="P:Google.Apis.Buzz.v1.PhotosResource.DeleteRequest.Hl">
            <summary>Language code to limit language results.</summary>
        </member>
        <member name="P:Google.Apis.Buzz.v1.PhotosResource.DeleteRequest.PhotoId">
            <summary>ID of the photo to delete.</summary>
        </member>
        <member name="P:Google.Apis.Buzz.v1.PhotosResource.DeleteRequest.UserId">
            <summary>ID of the user being referenced.</summary>
        </member>
        <member name="P:Google.Apis.Buzz.v1.PhotosResource.GetRequest.AlbumId">
            <summary>ID of the album containing the photo.</summary>
        </member>
        <member name="P:Google.Apis.Buzz.v1.PhotosResource.GetRequest.Alt">
            <summary>Specifies an alternative representation type.</summary>
        </member>
        <member name="P:Google.Apis.Buzz.v1.PhotosResource.GetRequest.Hl">
            <summary>Language code to limit language results.</summary>
        </member>
        <member name="P:Google.Apis.Buzz.v1.PhotosResource.GetRequest.PhotoId">
            <summary>ID of the photo for which to get metadata.</summary>
        </member>
        <member name="P:Google.Apis.Buzz.v1.PhotosResource.GetRequest.UserId">
            <summary>ID of the user being referenced.</summary>
        </member>
        <member name="P:Google.Apis.Buzz.v1.PhotosResource.InsertRequest.AlbumId">
            <summary>ID of the album to which to upload.</summary>
        </member>
        <member name="P:Google.Apis.Buzz.v1.PhotosResource.InsertRequest.Alt">
            <summary>Specifies an alternative representation type.</summary>
        </member>
        <member name="P:Google.Apis.Buzz.v1.PhotosResource.InsertRequest.Hl">
            <summary>Language code to limit language results.</summary>
        </member>
        <member name="P:Google.Apis.Buzz.v1.PhotosResource.InsertRequest.UserId">
            <summary>ID of the user being referenced.</summary>
        </member>
        <member name="P:Google.Apis.Buzz.v1.PhotosResource.InsertRequest.Body">
            <summary>Gets/Sets the Body of this Request.</summary>
        </member>
        <member name="P:Google.Apis.Buzz.v1.PhotosResource.Insert2Request.AlbumId">
            <summary>ID of the album to which to upload.</summary>
        </member>
        <member name="P:Google.Apis.Buzz.v1.PhotosResource.Insert2Request.Alt">
            <summary>Specifies an alternative representation type.</summary>
        </member>
        <member name="P:Google.Apis.Buzz.v1.PhotosResource.Insert2Request.Hl">
            <summary>Language code to limit language results.</summary>
        </member>
        <member name="P:Google.Apis.Buzz.v1.PhotosResource.Insert2Request.UserId">
            <summary>ID of the user being referenced.</summary>
        </member>
        <member name="P:Google.Apis.Buzz.v1.PhotosResource.Insert2Request.Body">
            <summary>Gets/Sets the Body of this Request.</summary>
        </member>
        <member name="P:Google.Apis.Buzz.v1.PhotosResource.ListByAlbumRequest.AlbumId">
            <summary>ID of the album for which to list photos.</summary>
        </member>
        <member name="P:Google.Apis.Buzz.v1.PhotosResource.ListByAlbumRequest.Alt">
            <summary>Specifies an alternative representation type.</summary>
        </member>
        <member name="P:Google.Apis.Buzz.v1.PhotosResource.ListByAlbumRequest.C">
            <summary>A continuation token that allows pagination.</summary>
        </member>
        <member name="P:Google.Apis.Buzz.v1.PhotosResource.ListByAlbumRequest.Hl">
            <summary>Language code to limit language results.</summary>
        </member>
        <member name="P:Google.Apis.Buzz.v1.PhotosResource.ListByAlbumRequest.MaxResults">
            <summary>Maximum number of results to include.</summary>
        </member>
        <member name="P:Google.Apis.Buzz.v1.PhotosResource.ListByAlbumRequest.UserId">
            <summary>ID of the user being referenced.</summary>
        </member>
        <member name="P:Google.Apis.Buzz.v1.PhotosResource.ListByScopeRequest.Alt">
            <summary>Specifies an alternative representation type.</summary>
        </member>
        <member name="P:Google.Apis.Buzz.v1.PhotosResource.ListByScopeRequest.C">
            <summary>A continuation token that allows pagination.</summary>
        </member>
        <member name="P:Google.Apis.Buzz.v1.PhotosResource.ListByScopeRequest.Hl">
            <summary>Language code to limit language results.</summary>
        </member>
        <member name="P:Google.Apis.Buzz.v1.PhotosResource.ListByScopeRequest.MaxResults">
            <summary>Maximum number of results to include.</summary>
        </member>
        <member name="P:Google.Apis.Buzz.v1.PhotosResource.ListByScopeRequest.Scope">
            <summary>The collection of photos to list.</summary>
        </member>
        <member name="P:Google.Apis.Buzz.v1.PhotosResource.ListByScopeRequest.UserId">
            <summary>ID of the user being referenced.</summary>
        </member>
        <member name="M:Google.Apis.Buzz.v1.RelatedResource.List(System.String,Google.Apis.Buzz.v1.RelatedResource.Scope,System.String)">
            <summary>Get related links for an activity</summary>
            <param name="userId">Required - ID of the user being referenced.</param>
            <param name="scope">Required - Must be one of the following values [@self] - The collection to which the activity belongs.</param>
            <param name="postId">Required - ID of the activity to which to get related links.</param>
        </member>
        <member name="T:Google.Apis.Buzz.v1.RelatedResource.Alt">
            <summary>Specifies an alternative representation type.</summary>
        </member>
        <member name="F:Google.Apis.Buzz.v1.RelatedResource.Alt.Atom">
            <summary>Use Atom XML format</summary>
        </member>
        <member name="F:Google.Apis.Buzz.v1.RelatedResource.Alt.Json">
            <summary>Use JSON format</summary>
        </member>
        <member name="T:Google.Apis.Buzz.v1.RelatedResource.Scope">
            <summary>The collection to which the activity belongs.</summary>
        </member>
        <member name="F:Google.Apis.Buzz.v1.RelatedResource.Scope.Self">
            <summary>Activities posted by the user.</summary>
        </member>
        <member name="P:Google.Apis.Buzz.v1.RelatedResource.ListRequest.Alt">
            <summary>Specifies an alternative representation type.</summary>
        </member>
        <member name="P:Google.Apis.Buzz.v1.RelatedResource.ListRequest.Hl">
            <summary>Language code to limit language results.</summary>
        </member>
        <member name="P:Google.Apis.Buzz.v1.RelatedResource.ListRequest.PostId">
            <summary>ID of the activity to which to get related links.</summary>
        </member>
        <member name="P:Google.Apis.Buzz.v1.RelatedResource.ListRequest.Scope">
            <summary>The collection to which the activity belongs.</summary>
        </member>
        <member name="P:Google.Apis.Buzz.v1.RelatedResource.ListRequest.UserId">
            <summary>ID of the user being referenced.</summary>
        </member>
    </members>
</doc>
