<?xml version="1.0"?>
<doc>
    <assembly>
        <name>Google.Apis.Youtube.v3alpha</name>
    </assembly>
    <members>
        <member name="T:Google.Apis.Youtube.v3alpha.Data.Activity">
            <summary>JSON template for a YouTube activity.</summary>
        </member>
        <member name="P:Google.Apis.Youtube.v3alpha.Data.Activity.ContentDetails">
            <summary>JSON template for the contentDetails part of a activity.</summary>
        </member>
        <member name="P:Google.Apis.Youtube.v3alpha.Data.Activity.ETag">
            <summary>The eTag of the activity.</summary>
        </member>
        <member name="P:Google.Apis.Youtube.v3alpha.Data.Activity.Id">
            <summary>The unique ID of the activity.</summary>
        </member>
        <member name="P:Google.Apis.Youtube.v3alpha.Data.Activity.Kind">
            <summary>The type of this API response.</summary>
        </member>
        <member name="P:Google.Apis.Youtube.v3alpha.Data.Activity.Snippet">
            <summary>JSON template for the snippet part of a activity.</summary>
        </member>
        <member name="T:Google.Apis.Youtube.v3alpha.Data.ActivityContentDetails">
            <summary>JSON template for the contentDetails part of a activity.</summary>
        </member>
        <member name="P:Google.Apis.Youtube.v3alpha.Data.ActivityContentDetails.Bulletin">
            <summary>Only present if the type is &quot;bulletin&quot;.</summary>
        </member>
        <member name="P:Google.Apis.Youtube.v3alpha.Data.ActivityContentDetails.Comment">
            <summary>Only present if the type is &quot;comment&quot;.</summary>
        </member>
        <member name="P:Google.Apis.Youtube.v3alpha.Data.ActivityContentDetails.Favorite">
            <summary>Only present if the type is &quot;favorite&quot;.</summary>
        </member>
        <member name="P:Google.Apis.Youtube.v3alpha.Data.ActivityContentDetails.Like">
            <summary>Only present if the type is &quot;like&quot;.</summary>
        </member>
        <member name="P:Google.Apis.Youtube.v3alpha.Data.ActivityContentDetails.PlaylistItem">
            <summary>Only present if the type is &quot;playlistItem&quot;.</summary>
        </member>
        <member name="P:Google.Apis.Youtube.v3alpha.Data.ActivityContentDetails.Recommendation">
            <summary>Only set if the type is &quot;recommendation&quot;.</summary>
        </member>
        <member name="P:Google.Apis.Youtube.v3alpha.Data.ActivityContentDetails.Social">
            <summary>Only present if the type is &quot;social&quot;.</summary>
        </member>
        <member name="P:Google.Apis.Youtube.v3alpha.Data.ActivityContentDetails.Subscription">
            <summary>Only present if the type is &quot;subscription&quot;.</summary>
        </member>
        <member name="P:Google.Apis.Youtube.v3alpha.Data.ActivityContentDetails.Upload">
            <summary>Only present if the type is &quot;upload&quot;.</summary>
        </member>
        <member name="T:Google.Apis.Youtube.v3alpha.Data.ActivityContentDetails.BulletinData">
            <summary>Only present if the type is &quot;bulletin&quot;.</summary>
        </member>
        <member name="P:Google.Apis.Youtube.v3alpha.Data.ActivityContentDetails.BulletinData.ResourceId">
            <summary>JSON template for a resource id.</summary>
        </member>
        <member name="T:Google.Apis.Youtube.v3alpha.Data.ActivityContentDetails.CommentData">
            <summary>Only present if the type is &quot;comment&quot;.</summary>
        </member>
        <member name="P:Google.Apis.Youtube.v3alpha.Data.ActivityContentDetails.CommentData.ResourceId">
            <summary>JSON template for a resource id.</summary>
        </member>
        <member name="T:Google.Apis.Youtube.v3alpha.Data.ActivityContentDetails.FavoriteData">
            <summary>Only present if the type is &quot;favorite&quot;.</summary>
        </member>
        <member name="P:Google.Apis.Youtube.v3alpha.Data.ActivityContentDetails.FavoriteData.ResourceId">
            <summary>JSON template for a resource id.</summary>
        </member>
        <member name="T:Google.Apis.Youtube.v3alpha.Data.ActivityContentDetails.LikeData">
            <summary>Only present if the type is &quot;like&quot;.</summary>
        </member>
        <member name="P:Google.Apis.Youtube.v3alpha.Data.ActivityContentDetails.LikeData.ResourceId">
            <summary>JSON template for a resource id.</summary>
        </member>
        <member name="T:Google.Apis.Youtube.v3alpha.Data.ActivityContentDetails.PlaylistItemData">
            <summary>Only present if the type is &quot;playlistItem&quot;.</summary>
        </member>
        <member name="P:Google.Apis.Youtube.v3alpha.Data.ActivityContentDetails.PlaylistItemData.PlaylistId">
            <summary>ID of the playlist the video was added to.</summary>
        </member>
        <member name="P:Google.Apis.Youtube.v3alpha.Data.ActivityContentDetails.PlaylistItemData.VideoId">
            <summary>ID of the video added to the playlist.</summary>
        </member>
        <member name="T:Google.Apis.Youtube.v3alpha.Data.ActivityContentDetails.RecommendationData">
            <summary>Only set if the type is &quot;recommendation&quot;.</summary>
        </member>
        <member name="P:Google.Apis.Youtube.v3alpha.Data.ActivityContentDetails.RecommendationData.Reason">
            <summary>Reason for which the video was recommended.</summary>
        </member>
        <member name="P:Google.Apis.Youtube.v3alpha.Data.ActivityContentDetails.RecommendationData.ResourceId">
            <summary>JSON template for a resource id.</summary>
        </member>
        <member name="P:Google.Apis.Youtube.v3alpha.Data.ActivityContentDetails.RecommendationData.SeedResourceId">
            <summary>JSON template for a resource id.</summary>
        </member>
        <member name="T:Google.Apis.Youtube.v3alpha.Data.ActivityContentDetails.SocialData">
            <summary>Only present if the type is &quot;social&quot;.</summary>
        </member>
        <member name="P:Google.Apis.Youtube.v3alpha.Data.ActivityContentDetails.SocialData.Author">
            <summary>Author of the post.</summary>
        </member>
        <member name="P:Google.Apis.Youtube.v3alpha.Data.ActivityContentDetails.SocialData.ImgageUrl">
            <summary>Image of the post author.</summary>
        </member>
        <member name="P:Google.Apis.Youtube.v3alpha.Data.ActivityContentDetails.SocialData.ReferenceUrl">
            <summary>Url of the social post.</summary>
        </member>
        <member name="P:Google.Apis.Youtube.v3alpha.Data.ActivityContentDetails.SocialData.ResourceId">
            <summary>JSON template for a resource id.</summary>
        </member>
        <member name="P:Google.Apis.Youtube.v3alpha.Data.ActivityContentDetails.SocialData.Type">
            <summary>Type of the social network.</summary>
        </member>
        <member name="T:Google.Apis.Youtube.v3alpha.Data.ActivityContentDetails.SubscriptionData">
            <summary>Only present if the type is &quot;subscription&quot;.</summary>
        </member>
        <member name="P:Google.Apis.Youtube.v3alpha.Data.ActivityContentDetails.SubscriptionData.ResourceId">
            <summary>JSON template for a resource id.</summary>
        </member>
        <member name="T:Google.Apis.Youtube.v3alpha.Data.ActivityContentDetails.UploadData">
            <summary>Only present if the type is &quot;upload&quot;.</summary>
        </member>
        <member name="P:Google.Apis.Youtube.v3alpha.Data.ActivityContentDetails.UploadData.VideoId">
            <summary>ID of the uploaded video.</summary>
        </member>
        <member name="T:Google.Apis.Youtube.v3alpha.Data.ActivityListResponse">
            <summary>JSON template for a ActivityService.List() response.</summary>
        </member>
        <member name="P:Google.Apis.Youtube.v3alpha.Data.ActivityListResponse.Activities">
            <summary>List of activities matching the request criteria.</summary>
        </member>
        <member name="P:Google.Apis.Youtube.v3alpha.Data.ActivityListResponse.ETag">
            <summary>The eTag of the response.</summary>
        </member>
        <member name="P:Google.Apis.Youtube.v3alpha.Data.ActivityListResponse.Kind">
            <summary>The type of this API response.</summary>
        </member>
        <member name="P:Google.Apis.Youtube.v3alpha.Data.ActivityListResponse.PageInfo">
            <summary>JSON template for a page info.</summary>
        </member>
        <member name="P:Google.Apis.Youtube.v3alpha.Data.ActivityListResponse.TokenPagination">
            <summary>JSON template for token pagination.</summary>
        </member>
        <member name="T:Google.Apis.Youtube.v3alpha.Data.ActivitySnippet">
            <summary>JSON template for the snippet part of a activity.</summary>
        </member>
        <member name="P:Google.Apis.Youtube.v3alpha.Data.ActivitySnippet.ChannelId">
            <summary>Channel publishing the activity.</summary>
        </member>
        <member name="P:Google.Apis.Youtube.v3alpha.Data.ActivitySnippet.Description">
            <summary>Description of the activity.</summary>
        </member>
        <member name="P:Google.Apis.Youtube.v3alpha.Data.ActivitySnippet.GroupId">
            <summary>Id of the group that this activity is part of.</summary>
        </member>
        <member name="P:Google.Apis.Youtube.v3alpha.Data.ActivitySnippet.PublishedAt">
            <summary>Date and time the activity was published at.</summary>
        </member>
        <member name="P:Google.Apis.Youtube.v3alpha.Data.ActivitySnippet.Thumbnails">
            <summary>Activity thumbnails.</summary>
        </member>
        <member name="P:Google.Apis.Youtube.v3alpha.Data.ActivitySnippet.Title">
            <summary>Title of the activity.</summary>
        </member>
        <member name="P:Google.Apis.Youtube.v3alpha.Data.ActivitySnippet.Type">
            <summary>Type of the activity.</summary>
        </member>
        <member name="T:Google.Apis.Youtube.v3alpha.Data.ActivitySnippet.ThumbnailsData">
            <summary>Activity thumbnails.</summary>
        </member>
        <member name="T:Google.Apis.Youtube.v3alpha.Data.Channel">
            <summary>JSON template for a YouTube Channel.</summary>
        </member>
        <member name="P:Google.Apis.Youtube.v3alpha.Data.Channel.ContentDetails">
            <summary>JSON template for the content details part of a channel.</summary>
        </member>
        <member name="P:Google.Apis.Youtube.v3alpha.Data.Channel.ETag">
            <summary>The eTag of the channel.</summary>
        </member>
        <member name="P:Google.Apis.Youtube.v3alpha.Data.Channel.Id">
            <summary>The unique ID of the channel.</summary>
        </member>
        <member name="P:Google.Apis.Youtube.v3alpha.Data.Channel.Kind">
            <summary>The type of this API resource.</summary>
        </member>
        <member name="P:Google.Apis.Youtube.v3alpha.Data.Channel.Snippet">
            <summary>JSON template for the snippet part of a channel.</summary>
        </member>
        <member name="P:Google.Apis.Youtube.v3alpha.Data.Channel.Statistics">
            <summary>JSON template for the statistics part of a channel.</summary>
        </member>
        <member name="P:Google.Apis.Youtube.v3alpha.Data.Channel.TopicDetails">
            <summary>JSON template for the topic details part of a channel.</summary>
        </member>
        <member name="T:Google.Apis.Youtube.v3alpha.Data.ChannelCategory">
            <summary>JSON template for a YouTube guide category.</summary>
        </member>
        <member name="P:Google.Apis.Youtube.v3alpha.Data.ChannelCategory.ETag">
            <summary>The eTag of the guide category.</summary>
        </member>
        <member name="P:Google.Apis.Youtube.v3alpha.Data.ChannelCategory.Id">
            <summary>The unique ID of the guide category.</summary>
        </member>
        <member name="P:Google.Apis.Youtube.v3alpha.Data.ChannelCategory.Kind">
            <summary>The type of this API resource.</summary>
        </member>
        <member name="P:Google.Apis.Youtube.v3alpha.Data.ChannelCategory.Snippet">
            <summary>JSON template for the details part of a guide category.</summary>
        </member>
        <member name="T:Google.Apis.Youtube.v3alpha.Data.ChannelCategoryListResponse">
            <summary>JSON template for a GuideCategoryService.List() response.</summary>
        </member>
        <member name="P:Google.Apis.Youtube.v3alpha.Data.ChannelCategoryListResponse.ChannelCategories">
            <summary>List of categories matching the request criteria.</summary>
        </member>
        <member name="P:Google.Apis.Youtube.v3alpha.Data.ChannelCategoryListResponse.ETag">
            <summary>The eTag of the response.</summary>
        </member>
        <member name="P:Google.Apis.Youtube.v3alpha.Data.ChannelCategoryListResponse.Kind">
            <summary>The type of this API response.</summary>
        </member>
        <member name="T:Google.Apis.Youtube.v3alpha.Data.ChannelContentDetails">
            <summary>JSON template for the content details part of a channel.</summary>
        </member>
        <member name="P:Google.Apis.Youtube.v3alpha.Data.ChannelContentDetails.PrivacyStatus">
            <summary>Privacy status of the channel.</summary>
        </member>
        <member name="P:Google.Apis.Youtube.v3alpha.Data.ChannelContentDetails.Uploads">
            <summary>The ID of the playlist containing the uploads of this channel.</summary>
        </member>
        <member name="T:Google.Apis.Youtube.v3alpha.Data.ChannelListResponse">
            <summary>JSON template for a ChannelService.List() response.</summary>
        </member>
        <member name="P:Google.Apis.Youtube.v3alpha.Data.ChannelListResponse.Channels">
            <summary>List of channels matching the request criteria.</summary>
        </member>
        <member name="P:Google.Apis.Youtube.v3alpha.Data.ChannelListResponse.ETag">
            <summary>The eTag of the response.</summary>
        </member>
        <member name="P:Google.Apis.Youtube.v3alpha.Data.ChannelListResponse.Kind">
            <summary>The type of this API response.</summary>
        </member>
        <member name="P:Google.Apis.Youtube.v3alpha.Data.ChannelListResponse.PageInfo">
            <summary>JSON template for a page info.</summary>
        </member>
        <member name="P:Google.Apis.Youtube.v3alpha.Data.ChannelListResponse.TokenPagination">
            <summary>JSON template for token pagination.</summary>
        </member>
        <member name="T:Google.Apis.Youtube.v3alpha.Data.ChannelSnippet">
            <summary>JSON template for the snippet part of a channel.</summary>
        </member>
        <member name="P:Google.Apis.Youtube.v3alpha.Data.ChannelSnippet.ChannelId">
            <summary>Id of the channel.</summary>
        </member>
        <member name="P:Google.Apis.Youtube.v3alpha.Data.ChannelSnippet.Description">
            <summary>Description of the channel.</summary>
        </member>
        <member name="P:Google.Apis.Youtube.v3alpha.Data.ChannelSnippet.PublishedAt">
            <summary>Date and time the channel was published at.</summary>
        </member>
        <member name="P:Google.Apis.Youtube.v3alpha.Data.ChannelSnippet.Thumbnails">
            <summary>Channel thumbnails.</summary>
        </member>
        <member name="P:Google.Apis.Youtube.v3alpha.Data.ChannelSnippet.Title">
            <summary>Title of the channel.</summary>
        </member>
        <member name="T:Google.Apis.Youtube.v3alpha.Data.ChannelSnippet.ThumbnailsData">
            <summary>Channel thumbnails.</summary>
        </member>
        <member name="T:Google.Apis.Youtube.v3alpha.Data.ChannelStatistics">
            <summary>JSON template for the statistics part of a channel.</summary>
        </member>
        <member name="P:Google.Apis.Youtube.v3alpha.Data.ChannelStatistics.CommentCount">
            <summary>Number of comments for this channel.</summary>
        </member>
        <member name="P:Google.Apis.Youtube.v3alpha.Data.ChannelStatistics.SubscriberCount">
            <summary>Number of subscribers to this channel.</summary>
        </member>
        <member name="P:Google.Apis.Youtube.v3alpha.Data.ChannelStatistics.VideoCount">
            <summary>Number of videos in the channel.</summary>
        </member>
        <member name="P:Google.Apis.Youtube.v3alpha.Data.ChannelStatistics.ViewCount">
            <summary>Number of times the channel has been viewed.</summary>
        </member>
        <member name="T:Google.Apis.Youtube.v3alpha.Data.ChannelTopicDetails">
            <summary>JSON template for the topic details part of a channel.</summary>
        </member>
        <member name="P:Google.Apis.Youtube.v3alpha.Data.ChannelTopicDetails.Topics">
            <summary>List of topic ids for this channel *</summary>
        </member>
        <member name="T:Google.Apis.Youtube.v3alpha.Data.GuideCategorySnippet">
            <summary>JSON template for the details part of a guide category.</summary>
        </member>
        <member name="P:Google.Apis.Youtube.v3alpha.Data.GuideCategorySnippet.ChannelId">
            <summary>Channel publishing the guide category.</summary>
        </member>
        <member name="P:Google.Apis.Youtube.v3alpha.Data.GuideCategorySnippet.Title">
            <summary>Title of the guide category.</summary>
        </member>
        <member name="T:Google.Apis.Youtube.v3alpha.Data.PageInfo">
            <summary>JSON template for a page info.</summary>
        </member>
        <member name="P:Google.Apis.Youtube.v3alpha.Data.PageInfo.ResultPerPage">
            <summary>The number of results to display for each page.</summary>
        </member>
        <member name="P:Google.Apis.Youtube.v3alpha.Data.PageInfo.TotalResults">
            <summary>The total number of results.</summary>
        </member>
        <member name="T:Google.Apis.Youtube.v3alpha.Data.Playlist">
            <summary>JSON template for a YouTube Playlist.</summary>
        </member>
        <member name="P:Google.Apis.Youtube.v3alpha.Data.Playlist.ETag">
            <summary>The eTag of the playlist.</summary>
        </member>
        <member name="P:Google.Apis.Youtube.v3alpha.Data.Playlist.Id">
            <summary>The unique id of the playlist.</summary>
        </member>
        <member name="P:Google.Apis.Youtube.v3alpha.Data.Playlist.Kind">
            <summary>The type of this API resource.</summary>
        </member>
        <member name="P:Google.Apis.Youtube.v3alpha.Data.Playlist.Snippet">
            <summary>JSON template for the snippet part of a playlist.</summary>
        </member>
        <member name="P:Google.Apis.Youtube.v3alpha.Data.Playlist.Status">
            <summary>JSON template for the status part of a playlist.</summary>
        </member>
        <member name="T:Google.Apis.Youtube.v3alpha.Data.PlaylistItem">
            <summary>JSON template for a YouTube Playlist item.</summary>
        </member>
        <member name="P:Google.Apis.Youtube.v3alpha.Data.PlaylistItem.ContentDetails">
            <summary>JSON template for the content details part of a playlist item.</summary>
        </member>
        <member name="P:Google.Apis.Youtube.v3alpha.Data.PlaylistItem.ETag">
            <summary>The eTag of the playlist item.</summary>
        </member>
        <member name="P:Google.Apis.Youtube.v3alpha.Data.PlaylistItem.Id">
            <summary>The unique id of the playlist item.</summary>
        </member>
        <member name="P:Google.Apis.Youtube.v3alpha.Data.PlaylistItem.Kind">
            <summary>The type of this API resource.</summary>
        </member>
        <member name="P:Google.Apis.Youtube.v3alpha.Data.PlaylistItem.Snippet">
            <summary>JSON template for the snippet part of a playlist item.</summary>
        </member>
        <member name="T:Google.Apis.Youtube.v3alpha.Data.PlaylistItemContentDetails">
            <summary>JSON template for the content details part of a playlist item.</summary>
        </member>
        <member name="P:Google.Apis.Youtube.v3alpha.Data.PlaylistItemContentDetails.EndAt">
            <summary>The time video playback ends.</summary>
        </member>
        <member name="P:Google.Apis.Youtube.v3alpha.Data.PlaylistItemContentDetails.Note">
            <summary>The user-generated note for this item.</summary>
        </member>
        <member name="P:Google.Apis.Youtube.v3alpha.Data.PlaylistItemContentDetails.StartAt">
            <summary>The time video playback begins.</summary>
        </member>
        <member name="P:Google.Apis.Youtube.v3alpha.Data.PlaylistItemContentDetails.VideoId">
            <summary>ID of the video.</summary>
        </member>
        <member name="T:Google.Apis.Youtube.v3alpha.Data.PlaylistItemListResponse">
            <summary>JSON template for a PlaylistItemService.List() response.</summary>
        </member>
        <member name="P:Google.Apis.Youtube.v3alpha.Data.PlaylistItemListResponse.ETag">
            <summary>The eTag of the response.</summary>
        </member>
        <member name="P:Google.Apis.Youtube.v3alpha.Data.PlaylistItemListResponse.Kind">
            <summary>The type of this API response.</summary>
        </member>
        <member name="P:Google.Apis.Youtube.v3alpha.Data.PlaylistItemListResponse.PageInfo">
            <summary>JSON template for a page info.</summary>
        </member>
        <member name="P:Google.Apis.Youtube.v3alpha.Data.PlaylistItemListResponse.PlaylistItems">
            <summary>List of playlist items matching the request criteria.</summary>
        </member>
        <member name="P:Google.Apis.Youtube.v3alpha.Data.PlaylistItemListResponse.TokenPagination">
            <summary>JSON template for token pagination.</summary>
        </member>
        <member name="T:Google.Apis.Youtube.v3alpha.Data.PlaylistItemSnippet">
            <summary>JSON template for the snippet part of a playlist item.</summary>
        </member>
        <member name="P:Google.Apis.Youtube.v3alpha.Data.PlaylistItemSnippet.ChannelId">
            <summary>Channel publishing the playlist item.</summary>
        </member>
        <member name="P:Google.Apis.Youtube.v3alpha.Data.PlaylistItemSnippet.Description">
            <summary>Description of the playlist item.</summary>
        </member>
        <member name="P:Google.Apis.Youtube.v3alpha.Data.PlaylistItemSnippet.PlaylistId">
            <summary>The playlist the item is part of.</summary>
        </member>
        <member name="P:Google.Apis.Youtube.v3alpha.Data.PlaylistItemSnippet.Position">
            <summary>The position of the item within the playlist.</summary>
        </member>
        <member name="P:Google.Apis.Youtube.v3alpha.Data.PlaylistItemSnippet.PublishedAt">
            <summary>Date and time the playlist item was published at.</summary>
        </member>
        <member name="P:Google.Apis.Youtube.v3alpha.Data.PlaylistItemSnippet.ResourceId">
            <summary>JSON template for a resource id.</summary>
        </member>
        <member name="P:Google.Apis.Youtube.v3alpha.Data.PlaylistItemSnippet.Thumbnails">
            <summary>Playlist item thumbnails.</summary>
        </member>
        <member name="P:Google.Apis.Youtube.v3alpha.Data.PlaylistItemSnippet.Title">
            <summary>Title of the playlist item.</summary>
        </member>
        <member name="T:Google.Apis.Youtube.v3alpha.Data.PlaylistItemSnippet.ThumbnailsData">
            <summary>Playlist item thumbnails.</summary>
        </member>
        <member name="T:Google.Apis.Youtube.v3alpha.Data.PlaylistListResponse">
            <summary>JSON template for a PlaylistService.List() response.</summary>
        </member>
        <member name="P:Google.Apis.Youtube.v3alpha.Data.PlaylistListResponse.ETag">
            <summary>The eTag of the response.</summary>
        </member>
        <member name="P:Google.Apis.Youtube.v3alpha.Data.PlaylistListResponse.Kind">
            <summary>The type of this API response.</summary>
        </member>
        <member name="P:Google.Apis.Youtube.v3alpha.Data.PlaylistListResponse.PageInfo">
            <summary>JSON template for a page info.</summary>
        </member>
        <member name="P:Google.Apis.Youtube.v3alpha.Data.PlaylistListResponse.Playlists">
            <summary>List of playlists matching the request criteria.</summary>
        </member>
        <member name="P:Google.Apis.Youtube.v3alpha.Data.PlaylistListResponse.TokenPagination">
            <summary>JSON template for token pagination.</summary>
        </member>
        <member name="T:Google.Apis.Youtube.v3alpha.Data.PlaylistSnippet">
            <summary>JSON template for the snippet part of a playlist.</summary>
        </member>
        <member name="P:Google.Apis.Youtube.v3alpha.Data.PlaylistSnippet.ChannelId">
            <summary>Channel publishing the playlist.</summary>
        </member>
        <member name="P:Google.Apis.Youtube.v3alpha.Data.PlaylistSnippet.Description">
            <summary>Description of the playlist.</summary>
        </member>
        <member name="P:Google.Apis.Youtube.v3alpha.Data.PlaylistSnippet.PublishedAt">
            <summary>Date and time the playlist was published at.</summary>
        </member>
        <member name="P:Google.Apis.Youtube.v3alpha.Data.PlaylistSnippet.Thumbnails">
            <summary>Playlist thumbnails.</summary>
        </member>
        <member name="P:Google.Apis.Youtube.v3alpha.Data.PlaylistSnippet.Title">
            <summary>Title of the playlist.</summary>
        </member>
        <member name="T:Google.Apis.Youtube.v3alpha.Data.PlaylistSnippet.ThumbnailsData">
            <summary>Playlist thumbnails.</summary>
        </member>
        <member name="T:Google.Apis.Youtube.v3alpha.Data.PlaylistStatus">
            <summary>JSON template for the status part of a playlist.</summary>
        </member>
        <member name="P:Google.Apis.Youtube.v3alpha.Data.PlaylistStatus.PrivacyStatus">
            <summary>Privacy of the playlist.</summary>
        </member>
        <member name="T:Google.Apis.Youtube.v3alpha.Data.ResourceId">
            <summary>JSON template for a resource id.</summary>
        </member>
        <member name="P:Google.Apis.Youtube.v3alpha.Data.ResourceId.ChannelId">
            <summary>ID of the referred channel. Present only when type is &quot;CHANNEL&quot;.</summary>
        </member>
        <member name="P:Google.Apis.Youtube.v3alpha.Data.ResourceId.Kind">
            <summary>The kind of the referred resource.</summary>
        </member>
        <member name="P:Google.Apis.Youtube.v3alpha.Data.ResourceId.PlaylistId">
            <summary>ID of the referred playlist. Present only when type is &quot;PLAYLIST&quot;.</summary>
        </member>
        <member name="P:Google.Apis.Youtube.v3alpha.Data.ResourceId.VideoId">
            <summary>ID of the referred video. Present only when type is &quot;VIDEO&quot;.</summary>
        </member>
        <member name="T:Google.Apis.Youtube.v3alpha.Data.SearchListResponse">
            <summary>JSON template for a SearchService.List() response.</summary>
        </member>
        <member name="P:Google.Apis.Youtube.v3alpha.Data.SearchListResponse.ETag">
            <summary>The eTag of the response.</summary>
        </member>
        <member name="P:Google.Apis.Youtube.v3alpha.Data.SearchListResponse.Kind">
            <summary>The type of this API response.</summary>
        </member>
        <member name="P:Google.Apis.Youtube.v3alpha.Data.SearchListResponse.PageInfo">
            <summary>JSON template for a page info.</summary>
        </member>
        <member name="P:Google.Apis.Youtube.v3alpha.Data.SearchListResponse.SearchResults">
            <summary>List of results matching the request criteria.</summary>
        </member>
        <member name="P:Google.Apis.Youtube.v3alpha.Data.SearchListResponse.TokenPagination">
            <summary>JSON template for token pagination.</summary>
        </member>
        <member name="T:Google.Apis.Youtube.v3alpha.Data.SearchResult">
            <summary>JSON template for a YouTube Search result.</summary>
        </member>
        <member name="P:Google.Apis.Youtube.v3alpha.Data.SearchResult.ETag">
            <summary>The eTag of the search result.</summary>
        </member>
        <member name="P:Google.Apis.Youtube.v3alpha.Data.SearchResult.Id">
            <summary>JSON template for a resource id.</summary>
        </member>
        <member name="P:Google.Apis.Youtube.v3alpha.Data.SearchResult.Kind">
            <summary>The type of this API resource.</summary>
        </member>
        <member name="P:Google.Apis.Youtube.v3alpha.Data.SearchResult.Snippet">
            <summary>JSON template for the snippet part of a search result.</summary>
        </member>
        <member name="T:Google.Apis.Youtube.v3alpha.Data.SearchResultSnippet">
            <summary>JSON template for the snippet part of a search result.</summary>
        </member>
        <member name="P:Google.Apis.Youtube.v3alpha.Data.SearchResultSnippet.ChannelId">
            <summary>Channel publishing the found resource.</summary>
        </member>
        <member name="P:Google.Apis.Youtube.v3alpha.Data.SearchResultSnippet.Description">
            <summary>Description of the found resource.</summary>
        </member>
        <member name="P:Google.Apis.Youtube.v3alpha.Data.SearchResultSnippet.PublishedAt">
            <summary>Date and time the found resource was published at.</summary>
        </member>
        <member name="P:Google.Apis.Youtube.v3alpha.Data.SearchResultSnippet.Thumbnails">
            <summary>Thumbnails for the found resource.</summary>
        </member>
        <member name="P:Google.Apis.Youtube.v3alpha.Data.SearchResultSnippet.Title">
            <summary>Title of the found resource.</summary>
        </member>
        <member name="T:Google.Apis.Youtube.v3alpha.Data.SearchResultSnippet.ThumbnailsData">
            <summary>Thumbnails for the found resource.</summary>
        </member>
        <member name="T:Google.Apis.Youtube.v3alpha.Data.Subscription">
            <summary>JSON template for a YouTube Subscription.</summary>
        </member>
        <member name="P:Google.Apis.Youtube.v3alpha.Data.Subscription.ContentDetails">
            <summary>JSON template for the contect details part of a subscription.</summary>
        </member>
        <member name="P:Google.Apis.Youtube.v3alpha.Data.Subscription.ETag">
            <summary>The eTag of the subscription.</summary>
        </member>
        <member name="P:Google.Apis.Youtube.v3alpha.Data.Subscription.Id">
            <summary>The unique id of the subscription.</summary>
        </member>
        <member name="P:Google.Apis.Youtube.v3alpha.Data.Subscription.Kind">
            <summary>The type of this API resource.</summary>
        </member>
        <member name="P:Google.Apis.Youtube.v3alpha.Data.Subscription.Snippet">
            <summary>JSON template for the snippet part of a subscription.</summary>
        </member>
        <member name="T:Google.Apis.Youtube.v3alpha.Data.SubscriptionListResponse">
            <summary>JSON template for a SubscriptionService.List() response.</summary>
        </member>
        <member name="P:Google.Apis.Youtube.v3alpha.Data.SubscriptionListResponse.ETag">
            <summary>The eTag of the response.</summary>
        </member>
        <member name="P:Google.Apis.Youtube.v3alpha.Data.SubscriptionListResponse.Kind">
            <summary>The type of this API response.</summary>
        </member>
        <member name="P:Google.Apis.Youtube.v3alpha.Data.SubscriptionListResponse.PageInfo">
            <summary>JSON template for a page info.</summary>
        </member>
        <member name="P:Google.Apis.Youtube.v3alpha.Data.SubscriptionListResponse.Subscriptions">
            <summary>List of subscriptions matching the request criteria.</summary>
        </member>
        <member name="P:Google.Apis.Youtube.v3alpha.Data.SubscriptionListResponse.TokenPagination">
            <summary>JSON template for token pagination.</summary>
        </member>
        <member name="T:Google.Apis.Youtube.v3alpha.Data.SubscriptionSnippet">
            <summary>JSON template for the snippet part of a subscription.</summary>
        </member>
        <member name="P:Google.Apis.Youtube.v3alpha.Data.SubscriptionSnippet.ChannelId">
            <summary>Channel publishing the subscription.</summary>
        </member>
        <member name="P:Google.Apis.Youtube.v3alpha.Data.SubscriptionSnippet.Description">
            <summary>Description of the subscription.</summary>
        </member>
        <member name="P:Google.Apis.Youtube.v3alpha.Data.SubscriptionSnippet.PublishedAt">
            <summary>Date and time the subscription was published at.</summary>
        </member>
        <member name="P:Google.Apis.Youtube.v3alpha.Data.SubscriptionSnippet.ResourceId">
            <summary>JSON template for a resource id.</summary>
        </member>
        <member name="P:Google.Apis.Youtube.v3alpha.Data.SubscriptionSnippet.Thumbnails">
            <summary>Subscription thumbnails.</summary>
        </member>
        <member name="P:Google.Apis.Youtube.v3alpha.Data.SubscriptionSnippet.Title">
            <summary>Title of the subscription.</summary>
        </member>
        <member name="T:Google.Apis.Youtube.v3alpha.Data.SubscriptionSnippet.ThumbnailsData">
            <summary>Subscription thumbnails.</summary>
        </member>
        <member name="T:Google.Apis.Youtube.v3alpha.Data.SubscriptionStatistics">
            <summary>JSON template for the contect details part of a subscription.</summary>
        </member>
        <member name="T:Google.Apis.Youtube.v3alpha.Data.Thumbnail">
            <summary>JSON template for a thumbnail.</summary>
        </member>
        <member name="P:Google.Apis.Youtube.v3alpha.Data.Thumbnail.Url">
            <summary>The URL for the thumbnail.</summary>
        </member>
        <member name="T:Google.Apis.Youtube.v3alpha.Data.TokenPagination">
            <summary>JSON template for token pagination.</summary>
        </member>
        <member name="P:Google.Apis.Youtube.v3alpha.Data.TokenPagination.NextPageToken">
            <summary>Token to the next page.</summary>
        </member>
        <member name="P:Google.Apis.Youtube.v3alpha.Data.TokenPagination.PreviousPageToken">
            <summary>Token to the previous page.</summary>
        </member>
        <member name="T:Google.Apis.Youtube.v3alpha.Data.Video">
            <summary>JSON template for a YouTube Video.</summary>
        </member>
        <member name="P:Google.Apis.Youtube.v3alpha.Data.Video.ContentDetails">
            <summary>JSON template for the content details part of a video.</summary>
        </member>
        <member name="P:Google.Apis.Youtube.v3alpha.Data.Video.ETag">
            <summary>The eTag of the video.</summary>
        </member>
        <member name="P:Google.Apis.Youtube.v3alpha.Data.Video.Id">
            <summary>The unique id of the video.</summary>
        </member>
        <member name="P:Google.Apis.Youtube.v3alpha.Data.Video.Kind">
            <summary>The type of this API resource.</summary>
        </member>
        <member name="P:Google.Apis.Youtube.v3alpha.Data.Video.Player">
            <summary>JSON template for the player part of a video.</summary>
        </member>
        <member name="P:Google.Apis.Youtube.v3alpha.Data.Video.Snippet">
            <summary>JSON template for the snippet part of a video.</summary>
        </member>
        <member name="P:Google.Apis.Youtube.v3alpha.Data.Video.Statistics">
            <summary>JSON template for the statistics part of a video.</summary>
        </member>
        <member name="P:Google.Apis.Youtube.v3alpha.Data.Video.Status">
            <summary>JSON template for the status part of a video.</summary>
        </member>
        <member name="T:Google.Apis.Youtube.v3alpha.Data.VideoCategory">
            <summary>JSON template for a YouTube Video Category.</summary>
        </member>
        <member name="P:Google.Apis.Youtube.v3alpha.Data.VideoCategory.ETag">
            <summary>The eTag of the video.</summary>
        </member>
        <member name="P:Google.Apis.Youtube.v3alpha.Data.VideoCategory.Id">
            <summary>The unique id of the video category.</summary>
        </member>
        <member name="P:Google.Apis.Youtube.v3alpha.Data.VideoCategory.Kind">
            <summary>The type of this API resource.</summary>
        </member>
        <member name="P:Google.Apis.Youtube.v3alpha.Data.VideoCategory.Snippet">
            <summary>JSON template for the snippet part of a video category.</summary>
        </member>
        <member name="T:Google.Apis.Youtube.v3alpha.Data.VideoCategoryListResponse">
            <summary>JSON template for a VideoCategoryService.List() response.</summary>
        </member>
        <member name="P:Google.Apis.Youtube.v3alpha.Data.VideoCategoryListResponse.ETag">
            <summary>The eTag of the response.</summary>
        </member>
        <member name="P:Google.Apis.Youtube.v3alpha.Data.VideoCategoryListResponse.Kind">
            <summary>The type of this API response.</summary>
        </member>
        <member name="P:Google.Apis.Youtube.v3alpha.Data.VideoCategoryListResponse.VideoCategories">
            <summary>List of video categories matching the request criteria.</summary>
        </member>
        <member name="T:Google.Apis.Youtube.v3alpha.Data.VideoCategorySnippet">
            <summary>JSON template for the snippet part of a video category.</summary>
        </member>
        <member name="P:Google.Apis.Youtube.v3alpha.Data.VideoCategorySnippet.ChannelId">
            <summary>Channel publishing the video category.</summary>
        </member>
        <member name="P:Google.Apis.Youtube.v3alpha.Data.VideoCategorySnippet.Title">
            <summary>Title of the video category.</summary>
        </member>
        <member name="T:Google.Apis.Youtube.v3alpha.Data.VideoContentDetails">
            <summary>JSON template for the content details part of a video.</summary>
        </member>
        <member name="P:Google.Apis.Youtube.v3alpha.Data.VideoContentDetails.AspectRatio">
            <summary>The aspect ratio of the video.</summary>
        </member>
        <member name="P:Google.Apis.Youtube.v3alpha.Data.VideoContentDetails.Duration">
            <summary>Duration of the video.</summary>
        </member>
        <member name="T:Google.Apis.Youtube.v3alpha.Data.VideoListResponse">
            <summary>JSON template for a VideoService.List() response.</summary>
        </member>
        <member name="P:Google.Apis.Youtube.v3alpha.Data.VideoListResponse.ETag">
            <summary>The eTag of the response.</summary>
        </member>
        <member name="P:Google.Apis.Youtube.v3alpha.Data.VideoListResponse.Kind">
            <summary>The type of this API response.</summary>
        </member>
        <member name="P:Google.Apis.Youtube.v3alpha.Data.VideoListResponse.Videos">
            <summary>List of videos matching the request criteria.</summary>
        </member>
        <member name="T:Google.Apis.Youtube.v3alpha.Data.VideoPlayer">
            <summary>JSON template for the player part of a video.</summary>
        </member>
        <member name="P:Google.Apis.Youtube.v3alpha.Data.VideoPlayer.EmbedHtml">
            <summary>Iframe embed for the video.</summary>
        </member>
        <member name="T:Google.Apis.Youtube.v3alpha.Data.VideoSnippet">
            <summary>JSON template for the snippet part of a video.</summary>
        </member>
        <member name="P:Google.Apis.Youtube.v3alpha.Data.VideoSnippet.CategoryId">
            <summary>Video category the video belongs to.</summary>
        </member>
        <member name="P:Google.Apis.Youtube.v3alpha.Data.VideoSnippet.ChannelId">
            <summary>Channel publishing the video.</summary>
        </member>
        <member name="P:Google.Apis.Youtube.v3alpha.Data.VideoSnippet.Description">
            <summary>Description of the video.</summary>
        </member>
        <member name="P:Google.Apis.Youtube.v3alpha.Data.VideoSnippet.PublishedAt">
            <summary>Date and time the video was published at.</summary>
        </member>
        <member name="P:Google.Apis.Youtube.v3alpha.Data.VideoSnippet.Tags">
            <summary>Textual tags associated with the video.</summary>
        </member>
        <member name="P:Google.Apis.Youtube.v3alpha.Data.VideoSnippet.Thumbnails">
            <summary>Video thumbnails.</summary>
        </member>
        <member name="P:Google.Apis.Youtube.v3alpha.Data.VideoSnippet.Title">
            <summary>Title of the video.</summary>
        </member>
        <member name="T:Google.Apis.Youtube.v3alpha.Data.VideoSnippet.ThumbnailsData">
            <summary>Video thumbnails.</summary>
        </member>
        <member name="T:Google.Apis.Youtube.v3alpha.Data.VideoStatistics">
            <summary>JSON template for the statistics part of a video.</summary>
        </member>
        <member name="P:Google.Apis.Youtube.v3alpha.Data.VideoStatistics.CommentCount">
            <summary>Number of comments for this video.</summary>
        </member>
        <member name="P:Google.Apis.Youtube.v3alpha.Data.VideoStatistics.DislikeCount">
            <summary>Number of times the video was disliked.</summary>
        </member>
        <member name="P:Google.Apis.Youtube.v3alpha.Data.VideoStatistics.FavoriteCount">
            <summary>Number of times the video was added to a user&apos;s favorites list.</summary>
        </member>
        <member name="P:Google.Apis.Youtube.v3alpha.Data.VideoStatistics.LikeCount">
            <summary>Number of times the video was liked.</summary>
        </member>
        <member name="P:Google.Apis.Youtube.v3alpha.Data.VideoStatistics.ViewCount">
            <summary>Number of times the video was viewed.</summary>
        </member>
        <member name="T:Google.Apis.Youtube.v3alpha.Data.VideoStatus">
            <summary>JSON template for the status part of a video.</summary>
        </member>
        <member name="P:Google.Apis.Youtube.v3alpha.Data.VideoStatus.FailureReason">
            <summary>Present only if the uploadStatus indicates a failed upload.</summary>
        </member>
        <member name="P:Google.Apis.Youtube.v3alpha.Data.VideoStatus.PrivacyStatus">
            <summary>Privacy of the video.</summary>
        </member>
        <member name="P:Google.Apis.Youtube.v3alpha.Data.VideoStatus.RejectionReason">
            <summary>Present only if the uploadStatus indicates a rejected upload.</summary>
        </member>
        <member name="P:Google.Apis.Youtube.v3alpha.Data.VideoStatus.UploadStatus">
            <summary>Status of the video upload.</summary>
        </member>
        <member name="P:Google.Apis.Youtube.v3alpha.YoutubeService.Key">
            <summary>Sets the API-Key (or DeveloperKey) which this service uses for all requests</summary>
        </member>
        <member name="T:Google.Apis.Youtube.v3alpha.YoutubeService.Scopes">
            <summary>A list of all OAuth2.0 scopes. Each of these scopes relates to a permission or group of permissions that different methods of this API may need.</summary>
        </member>
        <member name="F:Google.Apis.Youtube.v3alpha.YoutubeService.Scopes.Youtube">
            <summary>Manage your YouTube account</summary>
        </member>
        <member name="F:Google.Apis.Youtube.v3alpha.YoutubeService.Scopes.YoutubeReadonly">
            <summary>View your YouTube account</summary>
        </member>
        <member name="F:Google.Apis.Youtube.v3alpha.YoutubeService.Scopes.YoutubeUpload">
            <summary>Manage your YouTube videos</summary>
        </member>
        <member name="F:Google.Apis.Youtube.v3alpha.YoutubeService.Scopes.Youtubepartner">
            <summary>View and manage your assets and associated content on YouTube</summary>
        </member>
        <member name="M:Google.Apis.Youtube.v3alpha.ActivitiesResource.Insert(Google.Apis.Youtube.v3alpha.Data.Activity)">
            <summary>Post a channel bulletin.</summary>
        </member>
        <member name="M:Google.Apis.Youtube.v3alpha.ActivitiesResource.List">
            <summary>Browse the YouTube channel activity collection.</summary>
        </member>
        <member name="P:Google.Apis.Youtube.v3alpha.ActivitiesResource.InsertRequest.ContentOwnerId">
            <summary>The authenticated user acts on behalf of this content owner.</summary>
        </member>
        <member name="P:Google.Apis.Youtube.v3alpha.ActivitiesResource.InsertRequest.Oauth_token">
            <summary>OAuth 2.0 token for the current user.</summary>
        </member>
        <member name="P:Google.Apis.Youtube.v3alpha.ActivitiesResource.InsertRequest.Part">
            <summary>One or more parts to return on the current request.</summary>
        </member>
        <member name="P:Google.Apis.Youtube.v3alpha.ActivitiesResource.InsertRequest.PrettyPrint">
            <summary>Returns response with indentations and line breaks.</summary>
        </member>
        <member name="P:Google.Apis.Youtube.v3alpha.ActivitiesResource.InsertRequest.Body">
            <summary>Gets/Sets the Body of this Request.</summary>
        </member>
        <member name="P:Google.Apis.Youtube.v3alpha.ActivitiesResource.ListRequest.ContentOwnerId">
            <summary>The authenticated user acts on behalf of this content owner.</summary>
        </member>
        <member name="P:Google.Apis.Youtube.v3alpha.ActivitiesResource.ListRequest.Oauth_token">
            <summary>OAuth 2.0 token for the current user.</summary>
        </member>
        <member name="P:Google.Apis.Youtube.v3alpha.ActivitiesResource.ListRequest.Part">
            <summary>One or more parts to return on the current request.</summary>
        </member>
        <member name="P:Google.Apis.Youtube.v3alpha.ActivitiesResource.ListRequest.PrettyPrint">
            <summary>Returns response with indentations and line breaks.</summary>
        </member>
        <member name="P:Google.Apis.Youtube.v3alpha.ActivitiesResource.ListRequest.ChannelId">
            <summary>YouTube ID of the channel.</summary>
        </member>
        <member name="P:Google.Apis.Youtube.v3alpha.ActivitiesResource.ListRequest.Home">
            <summary>Flag indicating to return user's homepage feed.</summary>
        </member>
        <member name="P:Google.Apis.Youtube.v3alpha.ActivitiesResource.ListRequest.MaxResults">
            <summary>Maximum number of results to return</summary>
        </member>
        <member name="P:Google.Apis.Youtube.v3alpha.ActivitiesResource.ListRequest.Mine">
            <summary>Flag indicating to return user's activities.</summary>
        </member>
        <member name="P:Google.Apis.Youtube.v3alpha.ActivitiesResource.ListRequest.PageToken">
            <summary>Token for the page selection.</summary>
        </member>
        <member name="P:Google.Apis.Youtube.v3alpha.ActivitiesResource.ListRequest.PublishedAfter">
            <summary>Only return activities published after given date (inclusive).</summary>
        </member>
        <member name="P:Google.Apis.Youtube.v3alpha.ActivitiesResource.ListRequest.PublishedBefore">
            <summary>Only return activities published before given date (exclusive).</summary>
        </member>
        <member name="M:Google.Apis.Youtube.v3alpha.ChannelCategoriesResource.List">
            <summary>Browse the YouTube guide category collection.</summary>
        </member>
        <member name="P:Google.Apis.Youtube.v3alpha.ChannelCategoriesResource.ListRequest.ContentOwnerId">
            <summary>The authenticated user acts on behalf of this content owner.</summary>
        </member>
        <member name="P:Google.Apis.Youtube.v3alpha.ChannelCategoriesResource.ListRequest.Oauth_token">
            <summary>OAuth 2.0 token for the current user.</summary>
        </member>
        <member name="P:Google.Apis.Youtube.v3alpha.ChannelCategoriesResource.ListRequest.Part">
            <summary>One or more parts to return on the current request.</summary>
        </member>
        <member name="P:Google.Apis.Youtube.v3alpha.ChannelCategoriesResource.ListRequest.PrettyPrint">
            <summary>Returns response with indentations and line breaks.</summary>
        </member>
        <member name="P:Google.Apis.Youtube.v3alpha.ChannelCategoriesResource.ListRequest.Hl">
            <summary>Language for the returned channelCategories.</summary>
        </member>
        <member name="P:Google.Apis.Youtube.v3alpha.ChannelCategoriesResource.ListRequest.Id">
            <summary>Comma-separated YouTube IDs of the channelCategories to be returned.</summary>
        </member>
        <member name="P:Google.Apis.Youtube.v3alpha.ChannelCategoriesResource.ListRequest.RegionCode">
            <summary>Return the channelCategories in the given region code.</summary>
        </member>
        <member name="M:Google.Apis.Youtube.v3alpha.ChannelsResource.List">
            <summary>Browse the YouTube channel collection. Either the &apos;id&apos; or &apos;mine&apos; parameter must be set.</summary>
        </member>
        <member name="P:Google.Apis.Youtube.v3alpha.ChannelsResource.ListRequest.ContentOwnerId">
            <summary>The authenticated user acts on behalf of this content owner.</summary>
        </member>
        <member name="P:Google.Apis.Youtube.v3alpha.ChannelsResource.ListRequest.Oauth_token">
            <summary>OAuth 2.0 token for the current user.</summary>
        </member>
        <member name="P:Google.Apis.Youtube.v3alpha.ChannelsResource.ListRequest.Part">
            <summary>One or more parts to return on the current request.</summary>
        </member>
        <member name="P:Google.Apis.Youtube.v3alpha.ChannelsResource.ListRequest.PrettyPrint">
            <summary>Returns response with indentations and line breaks.</summary>
        </member>
        <member name="P:Google.Apis.Youtube.v3alpha.ChannelsResource.ListRequest.CategoryId">
            <summary>Filter to retrieve the channels within the given category ID.</summary>
        </member>
        <member name="P:Google.Apis.Youtube.v3alpha.ChannelsResource.ListRequest.Id">
            <summary>YouTube IDs of the channels to be returned.</summary>
        </member>
        <member name="P:Google.Apis.Youtube.v3alpha.ChannelsResource.ListRequest.MaxResults">
            <summary>Maximum number of results to return</summary>
        </member>
        <member name="P:Google.Apis.Youtube.v3alpha.ChannelsResource.ListRequest.Mine">
            <summary>Filter to only channels owned by authenticated user.</summary>
        </member>
        <member name="P:Google.Apis.Youtube.v3alpha.ChannelsResource.ListRequest.MySubscribers">
            <summary>Filter to channels that subscribed to the channel of the authenticated user.</summary>
        </member>
        <member name="P:Google.Apis.Youtube.v3alpha.ChannelsResource.ListRequest.PageToken">
            <summary>Token for the page selection.</summary>
        </member>
        <member name="M:Google.Apis.Youtube.v3alpha.PlaylistItemsResource.Delete(System.String)">
            <summary>Deletes playlist items by IDs.</summary>
            <param name="id">Required - YouTube IDs of the playlist items to be deleted.</param>
        </member>
        <member name="M:Google.Apis.Youtube.v3alpha.PlaylistItemsResource.Insert(Google.Apis.Youtube.v3alpha.Data.PlaylistItem)">
            <summary>Insert a resource into a playlist.</summary>
        </member>
        <member name="M:Google.Apis.Youtube.v3alpha.PlaylistItemsResource.List">
            <summary>Browse the YouTube playlist collection.</summary>
        </member>
        <member name="M:Google.Apis.Youtube.v3alpha.PlaylistItemsResource.Update(Google.Apis.Youtube.v3alpha.Data.PlaylistItem)">
            <summary>Update a playlist item.</summary>
        </member>
        <member name="P:Google.Apis.Youtube.v3alpha.PlaylistItemsResource.DeleteRequest.ContentOwnerId">
            <summary>The authenticated user acts on behalf of this content owner.</summary>
        </member>
        <member name="P:Google.Apis.Youtube.v3alpha.PlaylistItemsResource.DeleteRequest.Oauth_token">
            <summary>OAuth 2.0 token for the current user.</summary>
        </member>
        <member name="P:Google.Apis.Youtube.v3alpha.PlaylistItemsResource.DeleteRequest.Part">
            <summary>One or more parts to return on the current request.</summary>
        </member>
        <member name="P:Google.Apis.Youtube.v3alpha.PlaylistItemsResource.DeleteRequest.PrettyPrint">
            <summary>Returns response with indentations and line breaks.</summary>
        </member>
        <member name="P:Google.Apis.Youtube.v3alpha.PlaylistItemsResource.DeleteRequest.Id">
            <summary>YouTube IDs of the playlist items to be deleted.</summary>
        </member>
        <member name="P:Google.Apis.Youtube.v3alpha.PlaylistItemsResource.InsertRequest.ContentOwnerId">
            <summary>The authenticated user acts on behalf of this content owner.</summary>
        </member>
        <member name="P:Google.Apis.Youtube.v3alpha.PlaylistItemsResource.InsertRequest.Oauth_token">
            <summary>OAuth 2.0 token for the current user.</summary>
        </member>
        <member name="P:Google.Apis.Youtube.v3alpha.PlaylistItemsResource.InsertRequest.Part">
            <summary>One or more parts to return on the current request.</summary>
        </member>
        <member name="P:Google.Apis.Youtube.v3alpha.PlaylistItemsResource.InsertRequest.PrettyPrint">
            <summary>Returns response with indentations and line breaks.</summary>
        </member>
        <member name="P:Google.Apis.Youtube.v3alpha.PlaylistItemsResource.InsertRequest.Body">
            <summary>Gets/Sets the Body of this Request.</summary>
        </member>
        <member name="P:Google.Apis.Youtube.v3alpha.PlaylistItemsResource.ListRequest.ContentOwnerId">
            <summary>The authenticated user acts on behalf of this content owner.</summary>
        </member>
        <member name="P:Google.Apis.Youtube.v3alpha.PlaylistItemsResource.ListRequest.Oauth_token">
            <summary>OAuth 2.0 token for the current user.</summary>
        </member>
        <member name="P:Google.Apis.Youtube.v3alpha.PlaylistItemsResource.ListRequest.Part">
            <summary>One or more parts to return on the current request.</summary>
        </member>
        <member name="P:Google.Apis.Youtube.v3alpha.PlaylistItemsResource.ListRequest.PrettyPrint">
            <summary>Returns response with indentations and line breaks.</summary>
        </member>
        <member name="P:Google.Apis.Youtube.v3alpha.PlaylistItemsResource.ListRequest.Id">
            <summary>YouTube IDs of the playlist items to be returned.</summary>
        </member>
        <member name="P:Google.Apis.Youtube.v3alpha.PlaylistItemsResource.ListRequest.MaxResults">
            <summary>Maximum number of results to return</summary>
        </member>
        <member name="P:Google.Apis.Youtube.v3alpha.PlaylistItemsResource.ListRequest.PageToken">
            <summary>Token for the page selection.</summary>
        </member>
        <member name="P:Google.Apis.Youtube.v3alpha.PlaylistItemsResource.ListRequest.PlaylistId">
            <summary>Retrieves playlist items from the given playlist id.</summary>
        </member>
        <member name="P:Google.Apis.Youtube.v3alpha.PlaylistItemsResource.UpdateRequest.ContentOwnerId">
            <summary>The authenticated user acts on behalf of this content owner.</summary>
        </member>
        <member name="P:Google.Apis.Youtube.v3alpha.PlaylistItemsResource.UpdateRequest.Oauth_token">
            <summary>OAuth 2.0 token for the current user.</summary>
        </member>
        <member name="P:Google.Apis.Youtube.v3alpha.PlaylistItemsResource.UpdateRequest.Part">
            <summary>One or more parts to return on the current request.</summary>
        </member>
        <member name="P:Google.Apis.Youtube.v3alpha.PlaylistItemsResource.UpdateRequest.PrettyPrint">
            <summary>Returns response with indentations and line breaks.</summary>
        </member>
        <member name="P:Google.Apis.Youtube.v3alpha.PlaylistItemsResource.UpdateRequest.Body">
            <summary>Gets/Sets the Body of this Request.</summary>
        </member>
        <member name="M:Google.Apis.Youtube.v3alpha.PlaylistsResource.Delete(System.String)">
            <summary>Deletes playlists by IDs.</summary>
            <param name="id">Required - YouTube IDs of the playlists to be deleted.</param>
        </member>
        <member name="M:Google.Apis.Youtube.v3alpha.PlaylistsResource.Insert(Google.Apis.Youtube.v3alpha.Data.Playlist)">
            <summary>Create a playlist.</summary>
        </member>
        <member name="M:Google.Apis.Youtube.v3alpha.PlaylistsResource.List">
            <summary>Browse the YouTube playlist collection.</summary>
        </member>
        <member name="M:Google.Apis.Youtube.v3alpha.PlaylistsResource.Update(Google.Apis.Youtube.v3alpha.Data.Playlist)">
            <summary>Update a playlist.</summary>
        </member>
        <member name="P:Google.Apis.Youtube.v3alpha.PlaylistsResource.DeleteRequest.ContentOwnerId">
            <summary>The authenticated user acts on behalf of this content owner.</summary>
        </member>
        <member name="P:Google.Apis.Youtube.v3alpha.PlaylistsResource.DeleteRequest.Oauth_token">
            <summary>OAuth 2.0 token for the current user.</summary>
        </member>
        <member name="P:Google.Apis.Youtube.v3alpha.PlaylistsResource.DeleteRequest.Part">
            <summary>One or more parts to return on the current request.</summary>
        </member>
        <member name="P:Google.Apis.Youtube.v3alpha.PlaylistsResource.DeleteRequest.PrettyPrint">
            <summary>Returns response with indentations and line breaks.</summary>
        </member>
        <member name="P:Google.Apis.Youtube.v3alpha.PlaylistsResource.DeleteRequest.Id">
            <summary>YouTube IDs of the playlists to be deleted.</summary>
        </member>
        <member name="P:Google.Apis.Youtube.v3alpha.PlaylistsResource.InsertRequest.ContentOwnerId">
            <summary>The authenticated user acts on behalf of this content owner.</summary>
        </member>
        <member name="P:Google.Apis.Youtube.v3alpha.PlaylistsResource.InsertRequest.Oauth_token">
            <summary>OAuth 2.0 token for the current user.</summary>
        </member>
        <member name="P:Google.Apis.Youtube.v3alpha.PlaylistsResource.InsertRequest.Part">
            <summary>One or more parts to return on the current request.</summary>
        </member>
        <member name="P:Google.Apis.Youtube.v3alpha.PlaylistsResource.InsertRequest.PrettyPrint">
            <summary>Returns response with indentations and line breaks.</summary>
        </member>
        <member name="P:Google.Apis.Youtube.v3alpha.PlaylistsResource.InsertRequest.Body">
            <summary>Gets/Sets the Body of this Request.</summary>
        </member>
        <member name="P:Google.Apis.Youtube.v3alpha.PlaylistsResource.ListRequest.ContentOwnerId">
            <summary>The authenticated user acts on behalf of this content owner.</summary>
        </member>
        <member name="P:Google.Apis.Youtube.v3alpha.PlaylistsResource.ListRequest.Oauth_token">
            <summary>OAuth 2.0 token for the current user.</summary>
        </member>
        <member name="P:Google.Apis.Youtube.v3alpha.PlaylistsResource.ListRequest.Part">
            <summary>One or more parts to return on the current request.</summary>
        </member>
        <member name="P:Google.Apis.Youtube.v3alpha.PlaylistsResource.ListRequest.PrettyPrint">
            <summary>Returns response with indentations and line breaks.</summary>
        </member>
        <member name="P:Google.Apis.Youtube.v3alpha.PlaylistsResource.ListRequest.Id">
            <summary>Comma-separated YouTube IDs of the playlists to be returned.</summary>
        </member>
        <member name="P:Google.Apis.Youtube.v3alpha.PlaylistsResource.ListRequest.MaxResults">
            <summary>Maximum number of results to return</summary>
        </member>
        <member name="P:Google.Apis.Youtube.v3alpha.PlaylistsResource.ListRequest.Mine">
            <summary>Flag indicating only return the playlists of the authenticated user.</summary>
        </member>
        <member name="P:Google.Apis.Youtube.v3alpha.PlaylistsResource.ListRequest.PageToken">
            <summary>Token for the page selection.</summary>
        </member>
        <member name="P:Google.Apis.Youtube.v3alpha.PlaylistsResource.UpdateRequest.ContentOwnerId">
            <summary>The authenticated user acts on behalf of this content owner.</summary>
        </member>
        <member name="P:Google.Apis.Youtube.v3alpha.PlaylistsResource.UpdateRequest.Oauth_token">
            <summary>OAuth 2.0 token for the current user.</summary>
        </member>
        <member name="P:Google.Apis.Youtube.v3alpha.PlaylistsResource.UpdateRequest.Part">
            <summary>One or more parts to return on the current request.</summary>
        </member>
        <member name="P:Google.Apis.Youtube.v3alpha.PlaylistsResource.UpdateRequest.PrettyPrint">
            <summary>Returns response with indentations and line breaks.</summary>
        </member>
        <member name="P:Google.Apis.Youtube.v3alpha.PlaylistsResource.UpdateRequest.Body">
            <summary>Gets/Sets the Body of this Request.</summary>
        </member>
        <member name="M:Google.Apis.Youtube.v3alpha.SearchResource.List">
            <summary>Universal search for youtube.</summary>
        </member>
        <member name="T:Google.Apis.Youtube.v3alpha.SearchResource.Order">
            <summary>Sort order.</summary>
        </member>
        <member name="F:Google.Apis.Youtube.v3alpha.SearchResource.Order.Date">
            <summary>Sort according to the date.</summary>
        </member>
        <member name="F:Google.Apis.Youtube.v3alpha.SearchResource.Order.Rating">
            <summary>Sort according to the rating.</summary>
        </member>
        <member name="F:Google.Apis.Youtube.v3alpha.SearchResource.Order.Relevance">
            <summary>Sort according to the relevance.</summary>
        </member>
        <member name="F:Google.Apis.Youtube.v3alpha.SearchResource.Order.View_count">
            <summary>Sort according to the view count.</summary>
        </member>
        <member name="T:Google.Apis.Youtube.v3alpha.SearchResource.Published">
            <summary>Only search for resources uploaded at a specific pediod</summary>
        </member>
        <member name="F:Google.Apis.Youtube.v3alpha.SearchResource.Published.Any">
            <summary>No filter on the release date</summary>
        </member>
        <member name="F:Google.Apis.Youtube.v3alpha.SearchResource.Published.ThisWeek">
            <summary>Videos uploaded this month</summary>
        </member>
        <member name="F:Google.Apis.Youtube.v3alpha.SearchResource.Published.Today">
            <summary>Videos uploaded today</summary>
        </member>
        <member name="T:Google.Apis.Youtube.v3alpha.SearchResource.Type">
            <summary>Type of resource to search.</summary>
        </member>
        <member name="F:Google.Apis.Youtube.v3alpha.SearchResource.Type.Channel">
            <summary>Search for channels.</summary>
        </member>
        <member name="F:Google.Apis.Youtube.v3alpha.SearchResource.Type.Playlist">
            <summary>Search for playlists.</summary>
        </member>
        <member name="F:Google.Apis.Youtube.v3alpha.SearchResource.Type.Video">
            <summary>Search for videos.</summary>
        </member>
        <member name="T:Google.Apis.Youtube.v3alpha.SearchResource.VideoCaption">
            <summary>Add a filter on the the presence of captions on the videos.</summary>
        </member>
        <member name="F:Google.Apis.Youtube.v3alpha.SearchResource.VideoCaption.Any">
            <summary>No filter on the captions.</summary>
        </member>
        <member name="F:Google.Apis.Youtube.v3alpha.SearchResource.VideoCaption.ClosedCaption">
            <summary>Videos with closed captions.</summary>
        </member>
        <member name="F:Google.Apis.Youtube.v3alpha.SearchResource.VideoCaption.None">
            <summary>Videos without captions.</summary>
        </member>
        <member name="T:Google.Apis.Youtube.v3alpha.SearchResource.VideoDefinition">
            <summary>Add a filter for the definition of the videos.</summary>
        </member>
        <member name="F:Google.Apis.Youtube.v3alpha.SearchResource.VideoDefinition.Any">
            <summary>No filter on the definition.</summary>
        </member>
        <member name="F:Google.Apis.Youtube.v3alpha.SearchResource.VideoDefinition.High">
            <summary>Videos in high definition.</summary>
        </member>
        <member name="F:Google.Apis.Youtube.v3alpha.SearchResource.VideoDefinition.Standard">
            <summary>Videos in standard definition.</summary>
        </member>
        <member name="T:Google.Apis.Youtube.v3alpha.SearchResource.VideoDimension">
            <summary>Add a filter for the number of dimensions in the videos.</summary>
        </member>
        <member name="F:Google.Apis.Youtube.v3alpha.SearchResource.VideoDimension.D">
            <summary>Videos in two dimensions.</summary>
        </member>
        <member name="F:Google.Apis.Youtube.v3alpha.SearchResource.VideoDimension.DValue">
            <summary>Videos in three dimensions.</summary>
        </member>
        <member name="F:Google.Apis.Youtube.v3alpha.SearchResource.VideoDimension.Any">
            <summary>No filter on the dimension.</summary>
        </member>
        <member name="T:Google.Apis.Youtube.v3alpha.SearchResource.VideoDuration">
            <summary>Add a filter on the duration of the videos.</summary>
        </member>
        <member name="F:Google.Apis.Youtube.v3alpha.SearchResource.VideoDuration.Any">
            <summary>No filter on the duration.</summary>
        </member>
        <member name="F:Google.Apis.Youtube.v3alpha.SearchResource.VideoDuration.Long">
            <summary>Videos with a duration longer than 20 minutes.</summary>
        </member>
        <member name="F:Google.Apis.Youtube.v3alpha.SearchResource.VideoDuration.Medium">
            <summary>Videos with a duration between 4 and 20 minutes.</summary>
        </member>
        <member name="F:Google.Apis.Youtube.v3alpha.SearchResource.VideoDuration.Short">
            <summary>Videos with a duration under 4 minutes.</summary>
        </member>
        <member name="T:Google.Apis.Youtube.v3alpha.SearchResource.VideoLicense">
            <summary>Add a filter on the licensing of the videos.</summary>
        </member>
        <member name="F:Google.Apis.Youtube.v3alpha.SearchResource.VideoLicense.Any">
            <summary>No filter on the license.</summary>
        </member>
        <member name="F:Google.Apis.Youtube.v3alpha.SearchResource.VideoLicense.CreativeCommon">
            <summary>Videos under the Creative Common license.</summary>
        </member>
        <member name="F:Google.Apis.Youtube.v3alpha.SearchResource.VideoLicense.Youtube">
            <summary>Videos under the YouTube license.</summary>
        </member>
        <member name="P:Google.Apis.Youtube.v3alpha.SearchResource.ListRequest.ContentOwnerId">
            <summary>The authenticated user acts on behalf of this content owner.</summary>
        </member>
        <member name="P:Google.Apis.Youtube.v3alpha.SearchResource.ListRequest.Oauth_token">
            <summary>OAuth 2.0 token for the current user.</summary>
        </member>
        <member name="P:Google.Apis.Youtube.v3alpha.SearchResource.ListRequest.Part">
            <summary>One or more parts to return on the current request.</summary>
        </member>
        <member name="P:Google.Apis.Youtube.v3alpha.SearchResource.ListRequest.PrettyPrint">
            <summary>Returns response with indentations and line breaks.</summary>
        </member>
        <member name="P:Google.Apis.Youtube.v3alpha.SearchResource.ListRequest.MaxResults">
            <summary>Maximum number of search results to return per page.</summary>
        </member>
        <member name="P:Google.Apis.Youtube.v3alpha.SearchResource.ListRequest.Order">
            <summary>Sort order.</summary>
        </member>
        <member name="P:Google.Apis.Youtube.v3alpha.SearchResource.ListRequest.PageToken">
            <summary>Token for the page selection.</summary>
        </member>
        <member name="P:Google.Apis.Youtube.v3alpha.SearchResource.ListRequest.Published">
            <summary>Only search for resources uploaded at a specific pediod</summary>
        </member>
        <member name="P:Google.Apis.Youtube.v3alpha.SearchResource.ListRequest.Q">
            <summary>Query to search in Youtube.</summary>
        </member>
        <member name="P:Google.Apis.Youtube.v3alpha.SearchResource.ListRequest.RelatedToVideo">
            <summary>Search for resources related to this video. Need to be used with type set to 'video'</summary>
        </member>
        <member name="P:Google.Apis.Youtube.v3alpha.SearchResource.ListRequest.TopicId">
            <summary>Only search for resources with the specified topic</summary>
        </member>
        <member name="P:Google.Apis.Youtube.v3alpha.SearchResource.ListRequest.Type">
            <summary>Type of resource to search.</summary>
        </member>
        <member name="P:Google.Apis.Youtube.v3alpha.SearchResource.ListRequest.VideoCaption">
            <summary>Add a filter on the the presence of captions on the videos.</summary>
        </member>
        <member name="P:Google.Apis.Youtube.v3alpha.SearchResource.ListRequest.VideoDefinition">
            <summary>Add a filter for the definition of the videos.</summary>
        </member>
        <member name="P:Google.Apis.Youtube.v3alpha.SearchResource.ListRequest.VideoDimension">
            <summary>Add a filter for the number of dimensions in the videos.</summary>
        </member>
        <member name="P:Google.Apis.Youtube.v3alpha.SearchResource.ListRequest.VideoDuration">
            <summary>Add a filter on the duration of the videos.</summary>
        </member>
        <member name="P:Google.Apis.Youtube.v3alpha.SearchResource.ListRequest.VideoLicense">
            <summary>Add a filter on the licensing of the videos.</summary>
        </member>
        <member name="M:Google.Apis.Youtube.v3alpha.SubscriptionResource.Delete(System.String)">
            <summary>Deletes subscriptions by IDs.</summary>
            <param name="id">Required - YouTube IDs of the subscription to be deleted.</param>
        </member>
        <member name="M:Google.Apis.Youtube.v3alpha.SubscriptionResource.Insert(Google.Apis.Youtube.v3alpha.Data.Subscription)">
            <summary>Insert a subscription.</summary>
        </member>
        <member name="M:Google.Apis.Youtube.v3alpha.SubscriptionResource.List">
            <summary>Browse user&apos;s subscription collection.</summary>
        </member>
        <member name="T:Google.Apis.Youtube.v3alpha.SubscriptionResource.Order">
            <summary>Sort order.</summary>
        </member>
        <member name="F:Google.Apis.Youtube.v3alpha.SubscriptionResource.Order.Alphabetical">
            <summary>Sort alphabetically</summary>
        </member>
        <member name="F:Google.Apis.Youtube.v3alpha.SubscriptionResource.Order.Relevance">
            <summary>Sort by relevance.</summary>
        </member>
        <member name="F:Google.Apis.Youtube.v3alpha.SubscriptionResource.Order.Unread">
            <summary>Sort by order of activity.</summary>
        </member>
        <member name="P:Google.Apis.Youtube.v3alpha.SubscriptionResource.DeleteRequest.ContentOwnerId">
            <summary>The authenticated user acts on behalf of this content owner.</summary>
        </member>
        <member name="P:Google.Apis.Youtube.v3alpha.SubscriptionResource.DeleteRequest.Oauth_token">
            <summary>OAuth 2.0 token for the current user.</summary>
        </member>
        <member name="P:Google.Apis.Youtube.v3alpha.SubscriptionResource.DeleteRequest.Part">
            <summary>One or more parts to return on the current request.</summary>
        </member>
        <member name="P:Google.Apis.Youtube.v3alpha.SubscriptionResource.DeleteRequest.PrettyPrint">
            <summary>Returns response with indentations and line breaks.</summary>
        </member>
        <member name="P:Google.Apis.Youtube.v3alpha.SubscriptionResource.DeleteRequest.Id">
            <summary>YouTube IDs of the subscription to be deleted.</summary>
        </member>
        <member name="P:Google.Apis.Youtube.v3alpha.SubscriptionResource.InsertRequest.ContentOwnerId">
            <summary>The authenticated user acts on behalf of this content owner.</summary>
        </member>
        <member name="P:Google.Apis.Youtube.v3alpha.SubscriptionResource.InsertRequest.Oauth_token">
            <summary>OAuth 2.0 token for the current user.</summary>
        </member>
        <member name="P:Google.Apis.Youtube.v3alpha.SubscriptionResource.InsertRequest.Part">
            <summary>One or more parts to return on the current request.</summary>
        </member>
        <member name="P:Google.Apis.Youtube.v3alpha.SubscriptionResource.InsertRequest.PrettyPrint">
            <summary>Returns response with indentations and line breaks.</summary>
        </member>
        <member name="P:Google.Apis.Youtube.v3alpha.SubscriptionResource.InsertRequest.Body">
            <summary>Gets/Sets the Body of this Request.</summary>
        </member>
        <member name="P:Google.Apis.Youtube.v3alpha.SubscriptionResource.ListRequest.ContentOwnerId">
            <summary>The authenticated user acts on behalf of this content owner.</summary>
        </member>
        <member name="P:Google.Apis.Youtube.v3alpha.SubscriptionResource.ListRequest.Oauth_token">
            <summary>OAuth 2.0 token for the current user.</summary>
        </member>
        <member name="P:Google.Apis.Youtube.v3alpha.SubscriptionResource.ListRequest.Part">
            <summary>One or more parts to return on the current request.</summary>
        </member>
        <member name="P:Google.Apis.Youtube.v3alpha.SubscriptionResource.ListRequest.PrettyPrint">
            <summary>Returns response with indentations and line breaks.</summary>
        </member>
        <member name="P:Google.Apis.Youtube.v3alpha.SubscriptionResource.ListRequest.ForChannelId">
            <summary>Takes a comma separated list of channel IDs. Filters the returned list to only those matching these channels</summary>
        </member>
        <member name="P:Google.Apis.Youtube.v3alpha.SubscriptionResource.ListRequest.Id">
            <summary>YouTube IDs of the subscriptions to be returned.</summary>
        </member>
        <member name="P:Google.Apis.Youtube.v3alpha.SubscriptionResource.ListRequest.MaxResults">
            <summary>Maximum number of search results to return per page.</summary>
        </member>
        <member name="P:Google.Apis.Youtube.v3alpha.SubscriptionResource.ListRequest.Mine">
            <summary>Flag indicating only return the channel ids of the authenticated user.</summary>
        </member>
        <member name="P:Google.Apis.Youtube.v3alpha.SubscriptionResource.ListRequest.Order">
            <summary>Sort order.</summary>
        </member>
        <member name="P:Google.Apis.Youtube.v3alpha.SubscriptionResource.ListRequest.PageToken">
            <summary>Token for the page selection.</summary>
        </member>
        <member name="M:Google.Apis.Youtube.v3alpha.VideocategoryResource.List(System.String)">
            <summary>Browse list of video categories.</summary>
            <param name="part">Required - Parts of the video categories to be returned.</param>
        </member>
        <member name="P:Google.Apis.Youtube.v3alpha.VideocategoryResource.ListRequest.ContentOwnerId">
            <summary>The authenticated user acts on behalf of this content owner.</summary>
        </member>
        <member name="P:Google.Apis.Youtube.v3alpha.VideocategoryResource.ListRequest.Oauth_token">
            <summary>OAuth 2.0 token for the current user.</summary>
        </member>
        <member name="P:Google.Apis.Youtube.v3alpha.VideocategoryResource.ListRequest.PrettyPrint">
            <summary>Returns response with indentations and line breaks.</summary>
        </member>
        <member name="P:Google.Apis.Youtube.v3alpha.VideocategoryResource.ListRequest.Hl">
            <summary>Language used for the title of the categories.</summary>
        </member>
        <member name="P:Google.Apis.Youtube.v3alpha.VideocategoryResource.ListRequest.Id">
            <summary>IDs of the categories to be returned.</summary>
        </member>
        <member name="P:Google.Apis.Youtube.v3alpha.VideocategoryResource.ListRequest.Part">
            <summary>Parts of the video categories to be returned.</summary>
        </member>
        <member name="P:Google.Apis.Youtube.v3alpha.VideocategoryResource.ListRequest.RegionCode">
            <summary>Return all the categories in this region.</summary>
        </member>
        <member name="M:Google.Apis.Youtube.v3alpha.VideosResource.Delete(System.String)">
            <summary>Delete a YouTube video.</summary>
            <param name="id">Required - YouTube ID of the video to be deleted.</param>
        </member>
        <member name="M:Google.Apis.Youtube.v3alpha.VideosResource.Insert(Google.Apis.Youtube.v3alpha.Data.Video)">
            <summary>Upload a video to YouTube.</summary>
        </member>
        <member name="M:Google.Apis.Youtube.v3alpha.VideosResource.Insert(Google.Apis.Youtube.v3alpha.Data.Video,System.IO.Stream,System.String)">
            <summary>Upload a video to YouTube.</summary>
        </member>
        <member name="M:Google.Apis.Youtube.v3alpha.VideosResource.List(System.String)">
            <summary>Browse the YouTube video collection.</summary>
            <param name="id">Required - YouTube IDs of the videos to be returned.</param>
        </member>
        <member name="P:Google.Apis.Youtube.v3alpha.VideosResource.DeleteRequest.Oauth_token">
            <summary>OAuth 2.0 token for the current user.</summary>
        </member>
        <member name="P:Google.Apis.Youtube.v3alpha.VideosResource.DeleteRequest.Part">
            <summary>One or more parts to return on the current request.</summary>
        </member>
        <member name="P:Google.Apis.Youtube.v3alpha.VideosResource.DeleteRequest.PrettyPrint">
            <summary>Returns response with indentations and line breaks.</summary>
        </member>
        <member name="P:Google.Apis.Youtube.v3alpha.VideosResource.DeleteRequest.ContentOwnerId">
            <summary>The authenticated user acts on behalf of this content owner.</summary>
        </member>
        <member name="P:Google.Apis.Youtube.v3alpha.VideosResource.DeleteRequest.Id">
            <summary>YouTube ID of the video to be deleted.</summary>
        </member>
        <member name="P:Google.Apis.Youtube.v3alpha.VideosResource.InsertRequest.ContentOwnerId">
            <summary>The authenticated user acts on behalf of this content owner.</summary>
        </member>
        <member name="P:Google.Apis.Youtube.v3alpha.VideosResource.InsertRequest.Oauth_token">
            <summary>OAuth 2.0 token for the current user.</summary>
        </member>
        <member name="P:Google.Apis.Youtube.v3alpha.VideosResource.InsertRequest.Part">
            <summary>One or more parts to return on the current request.</summary>
        </member>
        <member name="P:Google.Apis.Youtube.v3alpha.VideosResource.InsertRequest.PrettyPrint">
            <summary>Returns response with indentations and line breaks.</summary>
        </member>
        <member name="P:Google.Apis.Youtube.v3alpha.VideosResource.InsertRequest.Body">
            <summary>Gets/Sets the Body of this Request.</summary>
        </member>
        <member name="P:Google.Apis.Youtube.v3alpha.VideosResource.InsertMediaUpload.ContentOwnerId">
            <summary>The authenticated user acts on behalf of this content owner.</summary>
        </member>
        <member name="P:Google.Apis.Youtube.v3alpha.VideosResource.InsertMediaUpload.Oauth_token">
            <summary>OAuth 2.0 token for the current user.</summary>
        </member>
        <member name="P:Google.Apis.Youtube.v3alpha.VideosResource.InsertMediaUpload.Part">
            <summary>One or more parts to return on the current request.</summary>
        </member>
        <member name="P:Google.Apis.Youtube.v3alpha.VideosResource.InsertMediaUpload.PrettyPrint">
            <summary>Returns response with indentations and line breaks.</summary>
        </member>
        <member name="P:Google.Apis.Youtube.v3alpha.VideosResource.ListRequest.ContentOwnerId">
            <summary>The authenticated user acts on behalf of this content owner.</summary>
        </member>
        <member name="P:Google.Apis.Youtube.v3alpha.VideosResource.ListRequest.Oauth_token">
            <summary>OAuth 2.0 token for the current user.</summary>
        </member>
        <member name="P:Google.Apis.Youtube.v3alpha.VideosResource.ListRequest.Part">
            <summary>One or more parts to return on the current request.</summary>
        </member>
        <member name="P:Google.Apis.Youtube.v3alpha.VideosResource.ListRequest.PrettyPrint">
            <summary>Returns response with indentations and line breaks.</summary>
        </member>
        <member name="P:Google.Apis.Youtube.v3alpha.VideosResource.ListRequest.Id">
            <summary>YouTube IDs of the videos to be returned.</summary>
        </member>
    </members>
</doc>
