<?xml version="1.0"?>
<doc>
    <assembly>
        <name>Google.Apis.Analytics.v3</name>
    </assembly>
    <members>
        <member name="T:Google.Apis.Analytics.v3.Data.Account">
            <summary>JSON template for Analytics account entry.</summary>
        </member>
        <member name="P:Google.Apis.Analytics.v3.Data.Account.ChildLink">
            <summary>Child link for an account entry. Points to the list of web properties for this account.</summary>
        </member>
        <member name="P:Google.Apis.Analytics.v3.Data.Account.Created">
            <summary>Time the account was created.</summary>
        </member>
        <member name="P:Google.Apis.Analytics.v3.Data.Account.Id">
            <summary>Account ID.</summary>
        </member>
        <member name="P:Google.Apis.Analytics.v3.Data.Account.Kind">
            <summary>Resource type for Analytics account.</summary>
        </member>
        <member name="P:Google.Apis.Analytics.v3.Data.Account.Name">
            <summary>Account name.</summary>
        </member>
        <member name="P:Google.Apis.Analytics.v3.Data.Account.SelfLink">
            <summary>Link for this account.</summary>
        </member>
        <member name="P:Google.Apis.Analytics.v3.Data.Account.Updated">
            <summary>Time the account was last modified.</summary>
        </member>
        <member name="T:Google.Apis.Analytics.v3.Data.Account.ChildLinkData">
            <summary>Child link for an account entry. Points to the list of web properties for this account.</summary>
        </member>
        <member name="P:Google.Apis.Analytics.v3.Data.Account.ChildLinkData.Href">
            <summary>Link to the list of web properties for this account.</summary>
        </member>
        <member name="P:Google.Apis.Analytics.v3.Data.Account.ChildLinkData.Type">
            <summary>Type of the child link. Its value is &quot;analytics#webproperties&quot;.</summary>
        </member>
        <member name="T:Google.Apis.Analytics.v3.Data.Accounts">
            <summary>An account collection provides a list of Analytics accounts to which a user has access. The account collection is the entry point to all management information. Each resource in the collection corresponds to a single Analytics account.</summary>
        </member>
        <member name="P:Google.Apis.Analytics.v3.Data.Accounts.Items">
            <summary>A list of accounts.</summary>
        </member>
        <member name="P:Google.Apis.Analytics.v3.Data.Accounts.ItemsPerPage">
            <summary>The maximum number of entries the response can contain, regardless of the actual number of entries returned. Its value ranges from 1 to 1000 with a value of 1000 by default, or otherwise specified by the max-results query parameter.</summary>
        </member>
        <member name="P:Google.Apis.Analytics.v3.Data.Accounts.Kind">
            <summary>Collection type.</summary>
        </member>
        <member name="P:Google.Apis.Analytics.v3.Data.Accounts.NextLink">
            <summary>Next link for this account collection.</summary>
        </member>
        <member name="P:Google.Apis.Analytics.v3.Data.Accounts.PreviousLink">
            <summary>Previous link for this account collection.</summary>
        </member>
        <member name="P:Google.Apis.Analytics.v3.Data.Accounts.StartIndex">
            <summary>The starting index of the entries, which is 1 by default or otherwise specified by the start-index query parameter.</summary>
        </member>
        <member name="P:Google.Apis.Analytics.v3.Data.Accounts.TotalResults">
            <summary>The total number of results for the query, regardless of the number of results in the response.</summary>
        </member>
        <member name="P:Google.Apis.Analytics.v3.Data.Accounts.Username">
            <summary>Email ID of the authenticated user</summary>
        </member>
        <member name="T:Google.Apis.Analytics.v3.Data.GaData">
            <summary>Analytics data for a given profile.</summary>
        </member>
        <member name="P:Google.Apis.Analytics.v3.Data.GaData.ColumnHeaders">
            <summary>Column headers that list dimension names followed by the metric names. The order of dimensions and metrics is same as specified in the request.</summary>
        </member>
        <member name="P:Google.Apis.Analytics.v3.Data.GaData.ContainsSampledData">
            <summary>Determines if Analytics data contains samples.</summary>
        </member>
        <member name="P:Google.Apis.Analytics.v3.Data.GaData.Id">
            <summary>Unique ID for this data response.</summary>
        </member>
        <member name="P:Google.Apis.Analytics.v3.Data.GaData.ItemsPerPage">
            <summary>The maximum number of rows the response can contain, regardless of the actual number of rows returned. Its value ranges from 1 to 10,000 with a value of 1000 by default, or otherwise specified by the max-results query parameter.</summary>
        </member>
        <member name="P:Google.Apis.Analytics.v3.Data.GaData.Kind">
            <summary>Resource type.</summary>
        </member>
        <member name="P:Google.Apis.Analytics.v3.Data.GaData.NextLink">
            <summary>Link to next page for this Analytics data query.</summary>
        </member>
        <member name="P:Google.Apis.Analytics.v3.Data.GaData.PreviousLink">
            <summary>Link to previous page for this Analytics data query.</summary>
        </member>
        <member name="P:Google.Apis.Analytics.v3.Data.GaData.ProfileInfo">
            <summary>Information for the profile, for which the Analytics data was requested.</summary>
        </member>
        <member name="P:Google.Apis.Analytics.v3.Data.GaData.Query">
            <summary>Analytics data request query parameters.</summary>
        </member>
        <member name="P:Google.Apis.Analytics.v3.Data.GaData.Rows">
            <summary>Analytics data rows, where each row contains a list of dimension values followed by the metric values. The order of dimensions and metrics is same as specified in the request.</summary>
        </member>
        <member name="P:Google.Apis.Analytics.v3.Data.GaData.SelfLink">
            <summary>Link to this page.</summary>
        </member>
        <member name="P:Google.Apis.Analytics.v3.Data.GaData.TotalResults">
            <summary>The total number of rows for the query, regardless of the number of rows in the response.</summary>
        </member>
        <member name="P:Google.Apis.Analytics.v3.Data.GaData.TotalsForAllResults">
            <summary>Total values for the requested metrics over all the results, not just the results returned in this response. The order of the metric totals is same as the metric order specified in the request.</summary>
        </member>
        <member name="P:Google.Apis.Analytics.v3.Data.GaData.ColumnHeadersData.ColumnType">
            <summary>Column Type. Either DIMENSION or METRIC.</summary>
        </member>
        <member name="P:Google.Apis.Analytics.v3.Data.GaData.ColumnHeadersData.DataType">
            <summary>Data type. Dimension column headers have only STRING as the data type. Metric column headers have data types for metric values such as INTEGER, DOUBLE, CURRENCY etc.</summary>
        </member>
        <member name="P:Google.Apis.Analytics.v3.Data.GaData.ColumnHeadersData.Name">
            <summary>Column name.</summary>
        </member>
        <member name="T:Google.Apis.Analytics.v3.Data.GaData.ProfileInfoData">
            <summary>Information for the profile, for which the Analytics data was requested.</summary>
        </member>
        <member name="P:Google.Apis.Analytics.v3.Data.GaData.ProfileInfoData.AccountId">
            <summary>Account ID to which this profile belongs.</summary>
        </member>
        <member name="P:Google.Apis.Analytics.v3.Data.GaData.ProfileInfoData.InternalWebPropertyId">
            <summary>Internal ID for the web property to which this profile belongs.</summary>
        </member>
        <member name="P:Google.Apis.Analytics.v3.Data.GaData.ProfileInfoData.ProfileId">
            <summary>Profile ID.</summary>
        </member>
        <member name="P:Google.Apis.Analytics.v3.Data.GaData.ProfileInfoData.ProfileName">
            <summary>Profile name.</summary>
        </member>
        <member name="P:Google.Apis.Analytics.v3.Data.GaData.ProfileInfoData.TableId">
            <summary>Table ID for profile.</summary>
        </member>
        <member name="P:Google.Apis.Analytics.v3.Data.GaData.ProfileInfoData.WebPropertyId">
            <summary>Web Property ID to which this profile belongs.</summary>
        </member>
        <member name="T:Google.Apis.Analytics.v3.Data.GaData.QueryData">
            <summary>Analytics data request query parameters.</summary>
        </member>
        <member name="P:Google.Apis.Analytics.v3.Data.GaData.QueryData.Dimensions">
            <summary>List of analytics dimensions.</summary>
        </member>
        <member name="P:Google.Apis.Analytics.v3.Data.GaData.QueryData.EndDate">
            <summary>End date.</summary>
        </member>
        <member name="P:Google.Apis.Analytics.v3.Data.GaData.QueryData.Filters">
            <summary>Comma-separated list of dimension or metric filters.</summary>
        </member>
        <member name="P:Google.Apis.Analytics.v3.Data.GaData.QueryData.Ids">
            <summary>Unique table ID.</summary>
        </member>
        <member name="P:Google.Apis.Analytics.v3.Data.GaData.QueryData.MaxResults">
            <summary>Maximum results per page.</summary>
        </member>
        <member name="P:Google.Apis.Analytics.v3.Data.GaData.QueryData.Metrics">
            <summary>List of analytics metrics.</summary>
        </member>
        <member name="P:Google.Apis.Analytics.v3.Data.GaData.QueryData.Segment">
            <summary>Analytics advanced segment.</summary>
        </member>
        <member name="P:Google.Apis.Analytics.v3.Data.GaData.QueryData.Sort">
            <summary>List of dimensions or metrics based on which Analytics data is sorted.</summary>
        </member>
        <member name="P:Google.Apis.Analytics.v3.Data.GaData.QueryData.StartDate">
            <summary>Start date.</summary>
        </member>
        <member name="P:Google.Apis.Analytics.v3.Data.GaData.QueryData.StartIndex">
            <summary>Start index.</summary>
        </member>
        <member name="T:Google.Apis.Analytics.v3.Data.GaData.TotalsForAllResultsData">
            <summary>Total values for the requested metrics over all the results, not just the results returned in this response. The order of the metric totals is same as the metric order specified in the request.</summary>
        </member>
        <member name="T:Google.Apis.Analytics.v3.Data.Goal">
            <summary>JSON template for Analytics goal resource.</summary>
        </member>
        <member name="P:Google.Apis.Analytics.v3.Data.Goal.AccountId">
            <summary>Account ID to which this goal belongs.</summary>
        </member>
        <member name="P:Google.Apis.Analytics.v3.Data.Goal.Active">
            <summary>Determines whether this goal is active.</summary>
        </member>
        <member name="P:Google.Apis.Analytics.v3.Data.Goal.Created">
            <summary>Time this goal was created.</summary>
        </member>
        <member name="P:Google.Apis.Analytics.v3.Data.Goal.EventDetails">
            <summary>Details for the goal of the type EVENT.</summary>
        </member>
        <member name="P:Google.Apis.Analytics.v3.Data.Goal.Id">
            <summary>Goal ID.</summary>
        </member>
        <member name="P:Google.Apis.Analytics.v3.Data.Goal.InternalWebPropertyId">
            <summary>Internal ID for the web property to which this goal belongs.</summary>
        </member>
        <member name="P:Google.Apis.Analytics.v3.Data.Goal.Kind">
            <summary>Resource type for an Analytics goal.</summary>
        </member>
        <member name="P:Google.Apis.Analytics.v3.Data.Goal.Name">
            <summary>Goal name.</summary>
        </member>
        <member name="P:Google.Apis.Analytics.v3.Data.Goal.ParentLink">
            <summary>Parent link for a goal. Points to the profile to which this goal belongs.</summary>
        </member>
        <member name="P:Google.Apis.Analytics.v3.Data.Goal.ProfileId">
            <summary>Profile ID to which this goal belongs.</summary>
        </member>
        <member name="P:Google.Apis.Analytics.v3.Data.Goal.SelfLink">
            <summary>Link for this goal.</summary>
        </member>
        <member name="P:Google.Apis.Analytics.v3.Data.Goal.Type">
            <summary>Goal type. Possible values are URL_DESTINATION, VISIT_TIME_ON_SITE, VISIT_NUM_PAGES, AND EVENT.</summary>
        </member>
        <member name="P:Google.Apis.Analytics.v3.Data.Goal.Updated">
            <summary>Time this goal was last modified.</summary>
        </member>
        <member name="P:Google.Apis.Analytics.v3.Data.Goal.UrlDestinationDetails">
            <summary>Details for the goal of the type URL_DESTINATION.</summary>
        </member>
        <member name="P:Google.Apis.Analytics.v3.Data.Goal.Value">
            <summary>Goal value.</summary>
        </member>
        <member name="P:Google.Apis.Analytics.v3.Data.Goal.VisitNumPagesDetails">
            <summary>Details for the goal of the type VISIT_NUM_PAGES.</summary>
        </member>
        <member name="P:Google.Apis.Analytics.v3.Data.Goal.VisitTimeOnSiteDetails">
            <summary>Details for the goal of the type VISIT_TIME_ON_SITE.</summary>
        </member>
        <member name="P:Google.Apis.Analytics.v3.Data.Goal.WebPropertyId">
            <summary>Web property ID to which this goal belongs. The web property ID is of the form UA-XXXXX-YY.</summary>
        </member>
        <member name="T:Google.Apis.Analytics.v3.Data.Goal.EventDetailsData">
            <summary>Details for the goal of the type EVENT.</summary>
        </member>
        <member name="P:Google.Apis.Analytics.v3.Data.Goal.EventDetailsData.EventConditions">
            <summary>List of event conditions.</summary>
        </member>
        <member name="P:Google.Apis.Analytics.v3.Data.Goal.EventDetailsData.UseEventValue">
            <summary>Determines if the event value should be used as the value for this goal.</summary>
        </member>
        <member name="P:Google.Apis.Analytics.v3.Data.Goal.EventDetailsData.EventConditionsData.ComparisonType">
            <summary>Type of comparison. Possible values are LESS_THAN, GREATER_THAN or EQUAL.</summary>
        </member>
        <member name="P:Google.Apis.Analytics.v3.Data.Goal.EventDetailsData.EventConditionsData.ComparisonValue">
            <summary>Value used for this comparison.</summary>
        </member>
        <member name="P:Google.Apis.Analytics.v3.Data.Goal.EventDetailsData.EventConditionsData.Expression">
            <summary>Expression used for this match.</summary>
        </member>
        <member name="P:Google.Apis.Analytics.v3.Data.Goal.EventDetailsData.EventConditionsData.MatchType">
            <summary>Type of the match to be performed. Possible values are REGEXP, BEGINS_WITH, or EXACT.</summary>
        </member>
        <member name="P:Google.Apis.Analytics.v3.Data.Goal.EventDetailsData.EventConditionsData.Type">
            <summary>Type of this event condition. Possible values are CATEGORY, ACTION, LABEL, or VALUE.</summary>
        </member>
        <member name="T:Google.Apis.Analytics.v3.Data.Goal.ParentLinkData">
            <summary>Parent link for a goal. Points to the profile to which this goal belongs.</summary>
        </member>
        <member name="P:Google.Apis.Analytics.v3.Data.Goal.ParentLinkData.Href">
            <summary>Link to the profile to which this goal belongs.</summary>
        </member>
        <member name="P:Google.Apis.Analytics.v3.Data.Goal.ParentLinkData.Type">
            <summary>Value is &quot;analytics#profile&quot;.</summary>
        </member>
        <member name="T:Google.Apis.Analytics.v3.Data.Goal.UrlDestinationDetailsData">
            <summary>Details for the goal of the type URL_DESTINATION.</summary>
        </member>
        <member name="P:Google.Apis.Analytics.v3.Data.Goal.UrlDestinationDetailsData.CaseSensitive">
            <summary>Determines if the goal URL must exactly match the capitalization of visited URLs.</summary>
        </member>
        <member name="P:Google.Apis.Analytics.v3.Data.Goal.UrlDestinationDetailsData.FirstStepRequired">
            <summary>Determines if the first step in this goal is required.</summary>
        </member>
        <member name="P:Google.Apis.Analytics.v3.Data.Goal.UrlDestinationDetailsData.MatchType">
            <summary>Match type for the goal URL. Possible values are HEAD, EXACT, or REGEX.</summary>
        </member>
        <member name="P:Google.Apis.Analytics.v3.Data.Goal.UrlDestinationDetailsData.Steps">
            <summary>List of steps configured for this goal funnel.</summary>
        </member>
        <member name="P:Google.Apis.Analytics.v3.Data.Goal.UrlDestinationDetailsData.Url">
            <summary>URL for this goal.</summary>
        </member>
        <member name="P:Google.Apis.Analytics.v3.Data.Goal.UrlDestinationDetailsData.StepsData.Name">
            <summary>Step name.</summary>
        </member>
        <member name="P:Google.Apis.Analytics.v3.Data.Goal.UrlDestinationDetailsData.StepsData.Number">
            <summary>Step number.</summary>
        </member>
        <member name="P:Google.Apis.Analytics.v3.Data.Goal.UrlDestinationDetailsData.StepsData.Url">
            <summary>URL for this step.</summary>
        </member>
        <member name="T:Google.Apis.Analytics.v3.Data.Goal.VisitNumPagesDetailsData">
            <summary>Details for the goal of the type VISIT_NUM_PAGES.</summary>
        </member>
        <member name="P:Google.Apis.Analytics.v3.Data.Goal.VisitNumPagesDetailsData.ComparisonType">
            <summary>Type of comparison. Possible values are LESS_THAN, GREATER_THAN, or EQUAL.</summary>
        </member>
        <member name="P:Google.Apis.Analytics.v3.Data.Goal.VisitNumPagesDetailsData.ComparisonValue">
            <summary>Value used for this comparison.</summary>
        </member>
        <member name="T:Google.Apis.Analytics.v3.Data.Goal.VisitTimeOnSiteDetailsData">
            <summary>Details for the goal of the type VISIT_TIME_ON_SITE.</summary>
        </member>
        <member name="P:Google.Apis.Analytics.v3.Data.Goal.VisitTimeOnSiteDetailsData.ComparisonType">
            <summary>Type of comparison. Possible values are LESS_THAN or GREATER_THAN.</summary>
        </member>
        <member name="P:Google.Apis.Analytics.v3.Data.Goal.VisitTimeOnSiteDetailsData.ComparisonValue">
            <summary>Value used for this comparison.</summary>
        </member>
        <member name="T:Google.Apis.Analytics.v3.Data.Goals">
            <summary>A goal collection lists Analytics goals to which the user has access. Each profile can have a set of goals. Each resource in the Goal collection corresponds to a single Analytics goal.</summary>
        </member>
        <member name="P:Google.Apis.Analytics.v3.Data.Goals.Items">
            <summary>A list of goals.</summary>
        </member>
        <member name="P:Google.Apis.Analytics.v3.Data.Goals.ItemsPerPage">
            <summary>The maximum number of resources the response can contain, regardless of the actual number of resources returned. Its value ranges from 1 to 1000 with a value of 1000 by default, or otherwise specified by the max-results query parameter.</summary>
        </member>
        <member name="P:Google.Apis.Analytics.v3.Data.Goals.Kind">
            <summary>Collection type.</summary>
        </member>
        <member name="P:Google.Apis.Analytics.v3.Data.Goals.NextLink">
            <summary>Link to next page for this goal collection.</summary>
        </member>
        <member name="P:Google.Apis.Analytics.v3.Data.Goals.PreviousLink">
            <summary>Link to previous page for this goal collection.</summary>
        </member>
        <member name="P:Google.Apis.Analytics.v3.Data.Goals.StartIndex">
            <summary>The starting index of the resources, which is 1 by default or otherwise specified by the start-index query parameter.</summary>
        </member>
        <member name="P:Google.Apis.Analytics.v3.Data.Goals.TotalResults">
            <summary>The total number of results for the query, regardless of the number of resources in the result.</summary>
        </member>
        <member name="P:Google.Apis.Analytics.v3.Data.Goals.Username">
            <summary>Email ID of the authenticated user</summary>
        </member>
        <member name="T:Google.Apis.Analytics.v3.Data.McfData">
            <summary>Multi-Channel Funnels data for a given profile.</summary>
        </member>
        <member name="P:Google.Apis.Analytics.v3.Data.McfData.ColumnHeaders">
            <summary>Column headers that list dimension names followed by the metric names. The order of dimensions and metrics is same as specified in the request.</summary>
        </member>
        <member name="P:Google.Apis.Analytics.v3.Data.McfData.ContainsSampledData">
            <summary>Determines if the Analytics data contains sampled data.</summary>
        </member>
        <member name="P:Google.Apis.Analytics.v3.Data.McfData.Id">
            <summary>Unique ID for this data response.</summary>
        </member>
        <member name="P:Google.Apis.Analytics.v3.Data.McfData.ItemsPerPage">
            <summary>The maximum number of rows the response can contain, regardless of the actual number of rows returned. Its value ranges from 1 to 10,000 with a value of 1000 by default, or otherwise specified by the max-results query parameter.</summary>
        </member>
        <member name="P:Google.Apis.Analytics.v3.Data.McfData.Kind">
            <summary>Resource type.</summary>
        </member>
        <member name="P:Google.Apis.Analytics.v3.Data.McfData.NextLink">
            <summary>Link to next page for this Analytics data query.</summary>
        </member>
        <member name="P:Google.Apis.Analytics.v3.Data.McfData.PreviousLink">
            <summary>Link to previous page for this Analytics data query.</summary>
        </member>
        <member name="P:Google.Apis.Analytics.v3.Data.McfData.ProfileInfo">
            <summary>Information for the profile, for which the Analytics data was requested.</summary>
        </member>
        <member name="P:Google.Apis.Analytics.v3.Data.McfData.Query">
            <summary>Analytics data request query parameters.</summary>
        </member>
        <member name="P:Google.Apis.Analytics.v3.Data.McfData.Rows">
            <summary>Analytics data rows, where each row contains a list of dimension values followed by the metric values. The order of dimensions and metrics is same as specified in the request.</summary>
        </member>
        <member name="P:Google.Apis.Analytics.v3.Data.McfData.SelfLink">
            <summary>Link to this page.</summary>
        </member>
        <member name="P:Google.Apis.Analytics.v3.Data.McfData.TotalResults">
            <summary>The total number of rows for the query, regardless of the number of rows in the response.</summary>
        </member>
        <member name="P:Google.Apis.Analytics.v3.Data.McfData.TotalsForAllResults">
            <summary>Total values for the requested metrics over all the results, not just the results returned in this response. The order of the metric totals is same as the metric order specified in the request.</summary>
        </member>
        <member name="P:Google.Apis.Analytics.v3.Data.McfData.ColumnHeadersData.ColumnType">
            <summary>Column Type. Either DIMENSION or METRIC.</summary>
        </member>
        <member name="P:Google.Apis.Analytics.v3.Data.McfData.ColumnHeadersData.DataType">
            <summary>Data type. Dimension and metric values data types such as INTEGER, DOUBLE, CURRENCY, MCF_SEQUENCE etc.</summary>
        </member>
        <member name="P:Google.Apis.Analytics.v3.Data.McfData.ColumnHeadersData.Name">
            <summary>Column name.</summary>
        </member>
        <member name="T:Google.Apis.Analytics.v3.Data.McfData.ProfileInfoData">
            <summary>Information for the profile, for which the Analytics data was requested.</summary>
        </member>
        <member name="P:Google.Apis.Analytics.v3.Data.McfData.ProfileInfoData.AccountId">
            <summary>Account ID to which this profile belongs.</summary>
        </member>
        <member name="P:Google.Apis.Analytics.v3.Data.McfData.ProfileInfoData.InternalWebPropertyId">
            <summary>Internal ID for the web property to which this profile belongs.</summary>
        </member>
        <member name="P:Google.Apis.Analytics.v3.Data.McfData.ProfileInfoData.ProfileId">
            <summary>Profile ID.</summary>
        </member>
        <member name="P:Google.Apis.Analytics.v3.Data.McfData.ProfileInfoData.ProfileName">
            <summary>Profile name.</summary>
        </member>
        <member name="P:Google.Apis.Analytics.v3.Data.McfData.ProfileInfoData.TableId">
            <summary>Table ID for profile.</summary>
        </member>
        <member name="P:Google.Apis.Analytics.v3.Data.McfData.ProfileInfoData.WebPropertyId">
            <summary>Web Property ID to which this profile belongs.</summary>
        </member>
        <member name="T:Google.Apis.Analytics.v3.Data.McfData.QueryData">
            <summary>Analytics data request query parameters.</summary>
        </member>
        <member name="P:Google.Apis.Analytics.v3.Data.McfData.QueryData.Dimensions">
            <summary>List of analytics dimensions.</summary>
        </member>
        <member name="P:Google.Apis.Analytics.v3.Data.McfData.QueryData.EndDate">
            <summary>End date.</summary>
        </member>
        <member name="P:Google.Apis.Analytics.v3.Data.McfData.QueryData.Filters">
            <summary>Comma-separated list of dimension or metric filters.</summary>
        </member>
        <member name="P:Google.Apis.Analytics.v3.Data.McfData.QueryData.Ids">
            <summary>Unique table ID.</summary>
        </member>
        <member name="P:Google.Apis.Analytics.v3.Data.McfData.QueryData.MaxResults">
            <summary>Maximum results per page.</summary>
        </member>
        <member name="P:Google.Apis.Analytics.v3.Data.McfData.QueryData.Metrics">
            <summary>List of analytics metrics.</summary>
        </member>
        <member name="P:Google.Apis.Analytics.v3.Data.McfData.QueryData.Segment">
            <summary>Analytics advanced segment.</summary>
        </member>
        <member name="P:Google.Apis.Analytics.v3.Data.McfData.QueryData.Sort">
            <summary>List of dimensions or metrics based on which Analytics data is sorted.</summary>
        </member>
        <member name="P:Google.Apis.Analytics.v3.Data.McfData.QueryData.StartDate">
            <summary>Start date.</summary>
        </member>
        <member name="P:Google.Apis.Analytics.v3.Data.McfData.QueryData.StartIndex">
            <summary>Start index.</summary>
        </member>
        <member name="T:Google.Apis.Analytics.v3.Data.McfData.RowsData">
            <summary>A union object representing a dimension or metric value. Only one of &quot;primitiveValue&quot; or &quot;conversionPathValue&quot; attribute will be populated.</summary>
        </member>
        <member name="P:Google.Apis.Analytics.v3.Data.McfData.RowsData.ConversionPathValue">
            <summary>A conversion path dimension value, containing a list of interactions with their attributes.</summary>
        </member>
        <member name="P:Google.Apis.Analytics.v3.Data.McfData.RowsData.PrimitiveValue">
            <summary>A primitive dimension value. A primitive metric value.</summary>
        </member>
        <member name="P:Google.Apis.Analytics.v3.Data.McfData.RowsData.ConversionPathValueData.InteractionType">
            <summary>Type of an interaction on conversion path. Such as CLICK, IMPRESSION etc.</summary>
        </member>
        <member name="P:Google.Apis.Analytics.v3.Data.McfData.RowsData.ConversionPathValueData.NodeValue">
            <summary>Node value of an interaction on conversion path. Such as source, medium etc.</summary>
        </member>
        <member name="T:Google.Apis.Analytics.v3.Data.McfData.TotalsForAllResultsData">
            <summary>Total values for the requested metrics over all the results, not just the results returned in this response. The order of the metric totals is same as the metric order specified in the request.</summary>
        </member>
        <member name="T:Google.Apis.Analytics.v3.Data.Profile">
            <summary>JSON template for an Analytics profile.</summary>
        </member>
        <member name="P:Google.Apis.Analytics.v3.Data.Profile.AccountId">
            <summary>Account ID to which this profile belongs.</summary>
        </member>
        <member name="P:Google.Apis.Analytics.v3.Data.Profile.ChildLink">
            <summary>Child link for this profile. Points to the list of goals for this profile.</summary>
        </member>
        <member name="P:Google.Apis.Analytics.v3.Data.Profile.Created">
            <summary>Time this profile was created.</summary>
        </member>
        <member name="P:Google.Apis.Analytics.v3.Data.Profile.Currency">
            <summary>The currency type associated with this profile.</summary>
        </member>
        <member name="P:Google.Apis.Analytics.v3.Data.Profile.DefaultPage">
            <summary>Default page for this profile.</summary>
        </member>
        <member name="P:Google.Apis.Analytics.v3.Data.Profile.ECommerceTracking">
            <summary>E-commerce tracking parameter for this profile.</summary>
        </member>
        <member name="P:Google.Apis.Analytics.v3.Data.Profile.ExcludeQueryParameters">
            <summary>The query parameters that are excluded from this profile.</summary>
        </member>
        <member name="P:Google.Apis.Analytics.v3.Data.Profile.Id">
            <summary>Profile ID.</summary>
        </member>
        <member name="P:Google.Apis.Analytics.v3.Data.Profile.InternalWebPropertyId">
            <summary>Internal ID for the web property to which this profile belongs.</summary>
        </member>
        <member name="P:Google.Apis.Analytics.v3.Data.Profile.Kind">
            <summary>Resource type for Analytics profile.</summary>
        </member>
        <member name="P:Google.Apis.Analytics.v3.Data.Profile.Name">
            <summary>Name of this profile.</summary>
        </member>
        <member name="P:Google.Apis.Analytics.v3.Data.Profile.ParentLink">
            <summary>Parent link for this profile. Points to the web property to which this profile belongs.</summary>
        </member>
        <member name="P:Google.Apis.Analytics.v3.Data.Profile.SelfLink">
            <summary>Link for this profile.</summary>
        </member>
        <member name="P:Google.Apis.Analytics.v3.Data.Profile.SiteSearchCategoryParameters">
            <summary>Site search category parameters for this profile.</summary>
        </member>
        <member name="P:Google.Apis.Analytics.v3.Data.Profile.SiteSearchQueryParameters">
            <summary>The site search query parameters for this profile.</summary>
        </member>
        <member name="P:Google.Apis.Analytics.v3.Data.Profile.Timezone">
            <summary>Time zone for which this profile has been configured.</summary>
        </member>
        <member name="P:Google.Apis.Analytics.v3.Data.Profile.Updated">
            <summary>Time this profile was last modified.</summary>
        </member>
        <member name="P:Google.Apis.Analytics.v3.Data.Profile.WebPropertyId">
            <summary>Web property ID of the form UA-XXXXX-YY to which this profile belongs.</summary>
        </member>
        <member name="P:Google.Apis.Analytics.v3.Data.Profile.WebsiteUrl">
            <summary>Website URL for this profile.</summary>
        </member>
        <member name="T:Google.Apis.Analytics.v3.Data.Profile.ChildLinkData">
            <summary>Child link for this profile. Points to the list of goals for this profile.</summary>
        </member>
        <member name="P:Google.Apis.Analytics.v3.Data.Profile.ChildLinkData.Href">
            <summary>Link to the list of goals for this profile.</summary>
        </member>
        <member name="P:Google.Apis.Analytics.v3.Data.Profile.ChildLinkData.Type">
            <summary>Value is &quot;analytics#goals&quot;.</summary>
        </member>
        <member name="T:Google.Apis.Analytics.v3.Data.Profile.ParentLinkData">
            <summary>Parent link for this profile. Points to the web property to which this profile belongs.</summary>
        </member>
        <member name="P:Google.Apis.Analytics.v3.Data.Profile.ParentLinkData.Href">
            <summary>Link to the web property to which this profile belongs.</summary>
        </member>
        <member name="P:Google.Apis.Analytics.v3.Data.Profile.ParentLinkData.Type">
            <summary>Value is &quot;analytics#webproperty&quot;.</summary>
        </member>
        <member name="T:Google.Apis.Analytics.v3.Data.Profiles">
            <summary>A profile collection lists Analytics profiles to which the user has access. Each resource in the collection corresponds to a single Analytics profile.</summary>
        </member>
        <member name="P:Google.Apis.Analytics.v3.Data.Profiles.Items">
            <summary>A list of profiles.</summary>
        </member>
        <member name="P:Google.Apis.Analytics.v3.Data.Profiles.ItemsPerPage">
            <summary>The maximum number of resources the response can contain, regardless of the actual number of resources returned. Its value ranges from 1 to 1000 with a value of 1000 by default, or otherwise specified by the max-results query parameter.</summary>
        </member>
        <member name="P:Google.Apis.Analytics.v3.Data.Profiles.Kind">
            <summary>Collection type.</summary>
        </member>
        <member name="P:Google.Apis.Analytics.v3.Data.Profiles.NextLink">
            <summary>Link to next page for this profile collection.</summary>
        </member>
        <member name="P:Google.Apis.Analytics.v3.Data.Profiles.PreviousLink">
            <summary>Link to previous page for this profile collection.</summary>
        </member>
        <member name="P:Google.Apis.Analytics.v3.Data.Profiles.StartIndex">
            <summary>The starting index of the resources, which is 1 by default or otherwise specified by the start-index query parameter.</summary>
        </member>
        <member name="P:Google.Apis.Analytics.v3.Data.Profiles.TotalResults">
            <summary>The total number of results for the query, regardless of the number of results in the response.</summary>
        </member>
        <member name="P:Google.Apis.Analytics.v3.Data.Profiles.Username">
            <summary>Email ID of the authenticated user</summary>
        </member>
        <member name="T:Google.Apis.Analytics.v3.Data.Segment">
            <summary>JSON template for an Analytics advanced segment.</summary>
        </member>
        <member name="P:Google.Apis.Analytics.v3.Data.Segment.Created">
            <summary>Time the advanced segment was created.</summary>
        </member>
        <member name="P:Google.Apis.Analytics.v3.Data.Segment.Definition">
            <summary>Advanced segment definition.</summary>
        </member>
        <member name="P:Google.Apis.Analytics.v3.Data.Segment.Id">
            <summary>Advanced segment ID.</summary>
        </member>
        <member name="P:Google.Apis.Analytics.v3.Data.Segment.Kind">
            <summary>Resource type for Analytics advanced segment.</summary>
        </member>
        <member name="P:Google.Apis.Analytics.v3.Data.Segment.Name">
            <summary>Advanced segment name.</summary>
        </member>
        <member name="P:Google.Apis.Analytics.v3.Data.Segment.SegmentId">
            <summary>Segment ID. Can be used with the &apos;segment&apos; parameter in Data Feed.</summary>
        </member>
        <member name="P:Google.Apis.Analytics.v3.Data.Segment.SelfLink">
            <summary>Link for this advanced segment.</summary>
        </member>
        <member name="P:Google.Apis.Analytics.v3.Data.Segment.Updated">
            <summary>Time the advanced segment was last modified.</summary>
        </member>
        <member name="T:Google.Apis.Analytics.v3.Data.Segments">
            <summary>An advanced segment collection lists Analytics advanced segments that the user has access to. Each resource in the collection corresponds to a single Analytics advanced segment.</summary>
        </member>
        <member name="P:Google.Apis.Analytics.v3.Data.Segments.Items">
            <summary>A list of advanced segments.</summary>
        </member>
        <member name="P:Google.Apis.Analytics.v3.Data.Segments.ItemsPerPage">
            <summary>The maximum number of resources the response can contain, regardless of the actual number of resources returned. Its value ranges from 1 to 1000 with a value of 1000 by default, or otherwise specified by the max-results query parameter.</summary>
        </member>
        <member name="P:Google.Apis.Analytics.v3.Data.Segments.Kind">
            <summary>Collection type for advanced segments.</summary>
        </member>
        <member name="P:Google.Apis.Analytics.v3.Data.Segments.NextLink">
            <summary>Link to next page for this advanced segment collection.</summary>
        </member>
        <member name="P:Google.Apis.Analytics.v3.Data.Segments.PreviousLink">
            <summary>Link to previous page for this advanced segment collection.</summary>
        </member>
        <member name="P:Google.Apis.Analytics.v3.Data.Segments.StartIndex">
            <summary>The starting index of the resources, which is 1 by default or otherwise specified by the start-index query parameter.</summary>
        </member>
        <member name="P:Google.Apis.Analytics.v3.Data.Segments.TotalResults">
            <summary>The total number of results for the query, regardless of the number of results in the response.</summary>
        </member>
        <member name="P:Google.Apis.Analytics.v3.Data.Segments.Username">
            <summary>Email ID of the authenticated user</summary>
        </member>
        <member name="T:Google.Apis.Analytics.v3.Data.Webproperties">
            <summary>A web property collection lists Analytics web properties to which the user has access. Each resource in the collection corresponds to a single Analytics web property.</summary>
        </member>
        <member name="P:Google.Apis.Analytics.v3.Data.Webproperties.Items">
            <summary>A list of web properties.</summary>
        </member>
        <member name="P:Google.Apis.Analytics.v3.Data.Webproperties.ItemsPerPage">
            <summary>The maximum number of resources the response can contain, regardless of the actual number of resources returned. Its value ranges from 1 to 1000 with a value of 1000 by default, or otherwise specified by the max-results query parameter.</summary>
        </member>
        <member name="P:Google.Apis.Analytics.v3.Data.Webproperties.Kind">
            <summary>Collection type.</summary>
        </member>
        <member name="P:Google.Apis.Analytics.v3.Data.Webproperties.NextLink">
            <summary>Link to next page for this web property collection.</summary>
        </member>
        <member name="P:Google.Apis.Analytics.v3.Data.Webproperties.PreviousLink">
            <summary>Link to previous page for this web property collection.</summary>
        </member>
        <member name="P:Google.Apis.Analytics.v3.Data.Webproperties.StartIndex">
            <summary>The starting index of the resources, which is 1 by default or otherwise specified by the start-index query parameter.</summary>
        </member>
        <member name="P:Google.Apis.Analytics.v3.Data.Webproperties.TotalResults">
            <summary>The total number of results for the query, regardless of the number of results in the response.</summary>
        </member>
        <member name="P:Google.Apis.Analytics.v3.Data.Webproperties.Username">
            <summary>Email ID of the authenticated user</summary>
        </member>
        <member name="T:Google.Apis.Analytics.v3.Data.Webproperty">
            <summary>JSON template for an Analytics web property.</summary>
        </member>
        <member name="P:Google.Apis.Analytics.v3.Data.Webproperty.AccountId">
            <summary>Account ID to which this web property belongs.</summary>
        </member>
        <member name="P:Google.Apis.Analytics.v3.Data.Webproperty.ChildLink">
            <summary>Child link for this web property. Points to the list of profiles for this web property.</summary>
        </member>
        <member name="P:Google.Apis.Analytics.v3.Data.Webproperty.Created">
            <summary>Time this web property was created.</summary>
        </member>
        <member name="P:Google.Apis.Analytics.v3.Data.Webproperty.Id">
            <summary>Web property ID of the form UA-XXXXX-YY.</summary>
        </member>
        <member name="P:Google.Apis.Analytics.v3.Data.Webproperty.InternalWebPropertyId">
            <summary>Internal ID for this web property.</summary>
        </member>
        <member name="P:Google.Apis.Analytics.v3.Data.Webproperty.Kind">
            <summary>Resource type for Analytics WebProperty.</summary>
        </member>
        <member name="P:Google.Apis.Analytics.v3.Data.Webproperty.Name">
            <summary>Name of this web property.</summary>
        </member>
        <member name="P:Google.Apis.Analytics.v3.Data.Webproperty.ParentLink">
            <summary>Parent link for this web property. Points to the account to which this web property belongs.</summary>
        </member>
        <member name="P:Google.Apis.Analytics.v3.Data.Webproperty.SelfLink">
            <summary>Link for this web property.</summary>
        </member>
        <member name="P:Google.Apis.Analytics.v3.Data.Webproperty.Updated">
            <summary>Time this web property was last modified.</summary>
        </member>
        <member name="P:Google.Apis.Analytics.v3.Data.Webproperty.WebsiteUrl">
            <summary>Website url for this web property.</summary>
        </member>
        <member name="T:Google.Apis.Analytics.v3.Data.Webproperty.ChildLinkData">
            <summary>Child link for this web property. Points to the list of profiles for this web property.</summary>
        </member>
        <member name="P:Google.Apis.Analytics.v3.Data.Webproperty.ChildLinkData.Href">
            <summary>Link to the list of profiles for this web property.</summary>
        </member>
        <member name="P:Google.Apis.Analytics.v3.Data.Webproperty.ChildLinkData.Type">
            <summary>Type of the parent link. Its value is &quot;analytics#profiles&quot;.</summary>
        </member>
        <member name="T:Google.Apis.Analytics.v3.Data.Webproperty.ParentLinkData">
            <summary>Parent link for this web property. Points to the account to which this web property belongs.</summary>
        </member>
        <member name="P:Google.Apis.Analytics.v3.Data.Webproperty.ParentLinkData.Href">
            <summary>Link to the account for this web property.</summary>
        </member>
        <member name="P:Google.Apis.Analytics.v3.Data.Webproperty.ParentLinkData.Type">
            <summary>Type of the parent link. Its value is &quot;analytics#account&quot;.</summary>
        </member>
        <member name="P:Google.Apis.Analytics.v3.AnalyticsService.Key">
            <summary>Sets the API-Key (or DeveloperKey) which this service uses for all requests</summary>
        </member>
        <member name="T:Google.Apis.Analytics.v3.AnalyticsService.Scopes">
            <summary>A list of all OAuth2.0 scopes. Each of these scopes relates to a permission or group of permissions that different methods of this API may need.</summary>
        </member>
        <member name="F:Google.Apis.Analytics.v3.AnalyticsService.Scopes.Analytics">
            <summary>View and manage your Google Analytics data</summary>
        </member>
        <member name="F:Google.Apis.Analytics.v3.AnalyticsService.Scopes.AnalyticsReadonly">
            <summary>View your Google Analytics data</summary>
        </member>
        <member name="M:Google.Apis.Analytics.v3.DataResource.GaResource.Get(System.String,System.String,System.String,System.String)">
            <summary>Returns Analytics data for a profile.</summary>
            <param name="ids">Required - Must match pattern ga:[0-9]+ - Unique table ID for retrieving Analytics data. Table ID is of the form ga:XXXX, where XXXX is the Analytics profile ID.</param>
            <param name="startDate">start-date - Required - Must match pattern [0-9]{4}-[0-9]{2}-[0-9]{2} - Start date for fetching Analytics data. All requests should specify a start date formatted as YYYY-MM-DD.</param>
            <param name="endDate">end-date - Required - Must match pattern [0-9]{4}-[0-9]{2}-[0-9]{2} - End date for fetching Analytics data. All requests should specify an end date formatted as YYYY-MM-DD.</param>
            <param name="metrics">Required - Must match pattern ga:.+ - A comma-separated list of Analytics metrics. E.g., &apos;ga:visits,ga:pageviews&apos;. At least one metric must be specified.</param>
        </member>
        <member name="P:Google.Apis.Analytics.v3.DataResource.GaResource.GetRequest.Oauth_token">
            <summary>OAuth 2.0 token for the current user.</summary>
        </member>
        <member name="P:Google.Apis.Analytics.v3.DataResource.GaResource.GetRequest.PrettyPrint">
            <summary>Returns response with indentations and line breaks.</summary>
        </member>
        <member name="P:Google.Apis.Analytics.v3.DataResource.GaResource.GetRequest.Dimensions">
            <summary>A comma-separated list of Analytics dimensions. E.g., 'ga:browser,ga:city'.</summary>
        </member>
        <member name="P:Google.Apis.Analytics.v3.DataResource.GaResource.GetRequest.EndDate">
            <summary>End date for fetching Analytics data. All requests should specify an end date formatted as YYYY-MM-DD.</summary>
        </member>
        <member name="P:Google.Apis.Analytics.v3.DataResource.GaResource.GetRequest.Filters">
            <summary>A comma-separated list of dimension or metric filters to be applied to Analytics data.</summary>
        </member>
        <member name="P:Google.Apis.Analytics.v3.DataResource.GaResource.GetRequest.Ids">
            <summary>Unique table ID for retrieving Analytics data. Table ID is of the form ga:XXXX, where XXXX is the Analytics profile ID.</summary>
        </member>
        <member name="P:Google.Apis.Analytics.v3.DataResource.GaResource.GetRequest.MaxResults">
            <summary>The maximum number of entries to include in this feed.</summary>
        </member>
        <member name="P:Google.Apis.Analytics.v3.DataResource.GaResource.GetRequest.Metrics">
            <summary>A comma-separated list of Analytics metrics. E.g., 'ga:visits,ga:pageviews'. At least one metric must be specified.</summary>
        </member>
        <member name="P:Google.Apis.Analytics.v3.DataResource.GaResource.GetRequest.Segment">
            <summary>An Analytics advanced segment to be applied to data.</summary>
        </member>
        <member name="P:Google.Apis.Analytics.v3.DataResource.GaResource.GetRequest.Sort">
            <summary>A comma-separated list of dimensions or metrics that determine the sort order for Analytics data.</summary>
        </member>
        <member name="P:Google.Apis.Analytics.v3.DataResource.GaResource.GetRequest.StartDate">
            <summary>Start date for fetching Analytics data. All requests should specify a start date formatted as YYYY-MM-DD.</summary>
        </member>
        <member name="P:Google.Apis.Analytics.v3.DataResource.GaResource.GetRequest.StartIndex">
            <summary>An index of the first entity to retrieve. Use this parameter as a pagination mechanism along with the max-results parameter.</summary>
        </member>
        <member name="M:Google.Apis.Analytics.v3.DataResource.McfResource.Get(System.String,System.String,System.String,System.String)">
            <summary>Returns Analytics Multi-Channel Funnels data for a profile.</summary>
            <param name="ids">Required - Must match pattern ga:[0-9]+ - Unique table ID for retrieving Analytics data. Table ID is of the form ga:XXXX, where XXXX is the Analytics profile ID.</param>
            <param name="startDate">start-date - Required - Must match pattern [0-9]{4}-[0-9]{2}-[0-9]{2} - Start date for fetching Analytics data. All requests should specify a start date formatted as YYYY-MM-DD.</param>
            <param name="endDate">end-date - Required - Must match pattern [0-9]{4}-[0-9]{2}-[0-9]{2} - End date for fetching Analytics data. All requests should specify an end date formatted as YYYY-MM-DD.</param>
            <param name="metrics">Required - Must match pattern mcf:.+ - A comma-separated list of Multi-Channel Funnels metrics. E.g., &apos;mcf:totalConversions,mcf:totalConversionValue&apos;. At least one metric must be specified.</param>
        </member>
        <member name="P:Google.Apis.Analytics.v3.DataResource.McfResource.GetRequest.Oauth_token">
            <summary>OAuth 2.0 token for the current user.</summary>
        </member>
        <member name="P:Google.Apis.Analytics.v3.DataResource.McfResource.GetRequest.PrettyPrint">
            <summary>Returns response with indentations and line breaks.</summary>
        </member>
        <member name="P:Google.Apis.Analytics.v3.DataResource.McfResource.GetRequest.Dimensions">
            <summary>A comma-separated list of Multi-Channel Funnels dimensions. E.g., 'mcf:source,mcf:medium'.</summary>
        </member>
        <member name="P:Google.Apis.Analytics.v3.DataResource.McfResource.GetRequest.EndDate">
            <summary>End date for fetching Analytics data. All requests should specify an end date formatted as YYYY-MM-DD.</summary>
        </member>
        <member name="P:Google.Apis.Analytics.v3.DataResource.McfResource.GetRequest.Filters">
            <summary>A comma-separated list of dimension or metric filters to be applied to the Analytics data.</summary>
        </member>
        <member name="P:Google.Apis.Analytics.v3.DataResource.McfResource.GetRequest.Ids">
            <summary>Unique table ID for retrieving Analytics data. Table ID is of the form ga:XXXX, where XXXX is the Analytics profile ID.</summary>
        </member>
        <member name="P:Google.Apis.Analytics.v3.DataResource.McfResource.GetRequest.MaxResults">
            <summary>The maximum number of entries to include in this feed.</summary>
        </member>
        <member name="P:Google.Apis.Analytics.v3.DataResource.McfResource.GetRequest.Metrics">
            <summary>A comma-separated list of Multi-Channel Funnels metrics. E.g., 'mcf:totalConversions,mcf:totalConversionValue'. At least one metric must be specified.</summary>
        </member>
        <member name="P:Google.Apis.Analytics.v3.DataResource.McfResource.GetRequest.Sort">
            <summary>A comma-separated list of dimensions or metrics that determine the sort order for the Analytics data.</summary>
        </member>
        <member name="P:Google.Apis.Analytics.v3.DataResource.McfResource.GetRequest.StartDate">
            <summary>Start date for fetching Analytics data. All requests should specify a start date formatted as YYYY-MM-DD.</summary>
        </member>
        <member name="P:Google.Apis.Analytics.v3.DataResource.McfResource.GetRequest.StartIndex">
            <summary>An index of the first entity to retrieve. Use this parameter as a pagination mechanism along with the max-results parameter.</summary>
        </member>
        <member name="M:Google.Apis.Analytics.v3.ManagementResource.AccountsResource.List">
            <summary>Lists all accounts to which the user has access.</summary>
        </member>
        <member name="P:Google.Apis.Analytics.v3.ManagementResource.AccountsResource.ListRequest.Oauth_token">
            <summary>OAuth 2.0 token for the current user.</summary>
        </member>
        <member name="P:Google.Apis.Analytics.v3.ManagementResource.AccountsResource.ListRequest.PrettyPrint">
            <summary>Returns response with indentations and line breaks.</summary>
        </member>
        <member name="P:Google.Apis.Analytics.v3.ManagementResource.AccountsResource.ListRequest.MaxResults">
            <summary>The maximum number of accounts to include in this response.</summary>
        </member>
        <member name="P:Google.Apis.Analytics.v3.ManagementResource.AccountsResource.ListRequest.StartIndex">
            <summary>An index of the first account to retrieve. Use this parameter as a pagination mechanism along with the max-results parameter.</summary>
        </member>
        <member name="M:Google.Apis.Analytics.v3.ManagementResource.GoalsResource.List(System.String,System.String,System.String)">
            <summary>Lists goals to which the user has access.</summary>
            <param name="accountId">Required - Account ID to retrieve goals for. Can either be a specific account ID or &apos;~all&apos;, which refers to all the accounts that user has access to.</param>
            <param name="webPropertyId">Required - Web property ID to retrieve goals for. Can either be a specific web property ID or &apos;~all&apos;, which refers to all the web properties that user has access to.</param>
            <param name="profileId">Required - Profile ID to retrieve goals for. Can either be a specific profile ID or &apos;~all&apos;, which refers to all the profiles that user has access to.</param>
        </member>
        <member name="P:Google.Apis.Analytics.v3.ManagementResource.GoalsResource.ListRequest.Oauth_token">
            <summary>OAuth 2.0 token for the current user.</summary>
        </member>
        <member name="P:Google.Apis.Analytics.v3.ManagementResource.GoalsResource.ListRequest.PrettyPrint">
            <summary>Returns response with indentations and line breaks.</summary>
        </member>
        <member name="P:Google.Apis.Analytics.v3.ManagementResource.GoalsResource.ListRequest.AccountId">
            <summary>Account ID to retrieve goals for. Can either be a specific account ID or '~all', which refers to all the accounts that user has access to.</summary>
        </member>
        <member name="P:Google.Apis.Analytics.v3.ManagementResource.GoalsResource.ListRequest.MaxResults">
            <summary>The maximum number of goals to include in this response.</summary>
        </member>
        <member name="P:Google.Apis.Analytics.v3.ManagementResource.GoalsResource.ListRequest.ProfileId">
            <summary>Profile ID to retrieve goals for. Can either be a specific profile ID or '~all', which refers to all the profiles that user has access to.</summary>
        </member>
        <member name="P:Google.Apis.Analytics.v3.ManagementResource.GoalsResource.ListRequest.StartIndex">
            <summary>An index of the first goal to retrieve. Use this parameter as a pagination mechanism along with the max-results parameter.</summary>
        </member>
        <member name="P:Google.Apis.Analytics.v3.ManagementResource.GoalsResource.ListRequest.WebPropertyId">
            <summary>Web property ID to retrieve goals for. Can either be a specific web property ID or '~all', which refers to all the web properties that user has access to.</summary>
        </member>
        <member name="M:Google.Apis.Analytics.v3.ManagementResource.ProfilesResource.List(System.String,System.String)">
            <summary>Lists profiles to which the user has access.</summary>
            <param name="accountId">Required - Account ID for the profiles to retrieve. Can either be a specific account ID or &apos;~all&apos;, which refers to all the accounts to which the user has access.</param>
            <param name="webPropertyId">Required - Web property ID for the profiles to retrieve. Can either be a specific web property ID or &apos;~all&apos;, which refers to all the web properties to which the user has access.</param>
        </member>
        <member name="P:Google.Apis.Analytics.v3.ManagementResource.ProfilesResource.ListRequest.Oauth_token">
            <summary>OAuth 2.0 token for the current user.</summary>
        </member>
        <member name="P:Google.Apis.Analytics.v3.ManagementResource.ProfilesResource.ListRequest.PrettyPrint">
            <summary>Returns response with indentations and line breaks.</summary>
        </member>
        <member name="P:Google.Apis.Analytics.v3.ManagementResource.ProfilesResource.ListRequest.AccountId">
            <summary>Account ID for the profiles to retrieve. Can either be a specific account ID or '~all', which refers to all the accounts to which the user has access.</summary>
        </member>
        <member name="P:Google.Apis.Analytics.v3.ManagementResource.ProfilesResource.ListRequest.MaxResults">
            <summary>The maximum number of profiles to include in this response.</summary>
        </member>
        <member name="P:Google.Apis.Analytics.v3.ManagementResource.ProfilesResource.ListRequest.StartIndex">
            <summary>An index of the first entity to retrieve. Use this parameter as a pagination mechanism along with the max-results parameter.</summary>
        </member>
        <member name="P:Google.Apis.Analytics.v3.ManagementResource.ProfilesResource.ListRequest.WebPropertyId">
            <summary>Web property ID for the profiles to retrieve. Can either be a specific web property ID or '~all', which refers to all the web properties to which the user has access.</summary>
        </member>
        <member name="M:Google.Apis.Analytics.v3.ManagementResource.SegmentsResource.List">
            <summary>Lists advanced segments to which the user has access.</summary>
        </member>
        <member name="P:Google.Apis.Analytics.v3.ManagementResource.SegmentsResource.ListRequest.Oauth_token">
            <summary>OAuth 2.0 token for the current user.</summary>
        </member>
        <member name="P:Google.Apis.Analytics.v3.ManagementResource.SegmentsResource.ListRequest.PrettyPrint">
            <summary>Returns response with indentations and line breaks.</summary>
        </member>
        <member name="P:Google.Apis.Analytics.v3.ManagementResource.SegmentsResource.ListRequest.MaxResults">
            <summary>The maximum number of advanced segments to include in this response.</summary>
        </member>
        <member name="P:Google.Apis.Analytics.v3.ManagementResource.SegmentsResource.ListRequest.StartIndex">
            <summary>An index of the first advanced segment to retrieve. Use this parameter as a pagination mechanism along with the max-results parameter.</summary>
        </member>
        <member name="M:Google.Apis.Analytics.v3.ManagementResource.WebpropertiesResource.List(System.String)">
            <summary>Lists web properties to which the user has access.</summary>
            <param name="accountId">Required - Account ID to retrieve web properties for. Can either be a specific account ID or &apos;~all&apos;, which refers to all the accounts that user has access to.</param>
        </member>
        <member name="P:Google.Apis.Analytics.v3.ManagementResource.WebpropertiesResource.ListRequest.Oauth_token">
            <summary>OAuth 2.0 token for the current user.</summary>
        </member>
        <member name="P:Google.Apis.Analytics.v3.ManagementResource.WebpropertiesResource.ListRequest.PrettyPrint">
            <summary>Returns response with indentations and line breaks.</summary>
        </member>
        <member name="P:Google.Apis.Analytics.v3.ManagementResource.WebpropertiesResource.ListRequest.AccountId">
            <summary>Account ID to retrieve web properties for. Can either be a specific account ID or '~all', which refers to all the accounts that user has access to.</summary>
        </member>
        <member name="P:Google.Apis.Analytics.v3.ManagementResource.WebpropertiesResource.ListRequest.MaxResults">
            <summary>The maximum number of web properties to include in this response.</summary>
        </member>
        <member name="P:Google.Apis.Analytics.v3.ManagementResource.WebpropertiesResource.ListRequest.StartIndex">
            <summary>An index of the first entity to retrieve. Use this parameter as a pagination mechanism along with the max-results parameter.</summary>
        </member>
    </members>
</doc>
