<?xml version="1.0"?>
<doc>
    <assembly>
        <name>Google.Apis.Taskqueue.v1beta1</name>
    </assembly>
    <members>
        <member name="P:Google.Apis.Taskqueue.v1beta1.Data.Task.EnqueueTimestamp">
            <summary>Time (in seconds since the epoch) at which the task was enqueued.</summary>
        </member>
        <member name="P:Google.Apis.Taskqueue.v1beta1.Data.Task.Id">
            <summary>Name of the task.</summary>
        </member>
        <member name="P:Google.Apis.Taskqueue.v1beta1.Data.Task.Kind">
            <summary>The kind of object returned, in this case set to task.</summary>
        </member>
        <member name="P:Google.Apis.Taskqueue.v1beta1.Data.Task.LeaseTimestamp">
            <summary>Time (in seconds since the epoch) at which the task lease will expire. This value is 0 if the task isnt currently leased out to a worker.</summary>
        </member>
        <member name="P:Google.Apis.Taskqueue.v1beta1.Data.Task.PayloadBase64">
            <summary>A bag of bytes which is the task payload. The payload on the JSON side is always Base64 encoded.</summary>
        </member>
        <member name="P:Google.Apis.Taskqueue.v1beta1.Data.Task.QueueName">
            <summary>Name of the queue that the task is in.</summary>
        </member>
        <member name="P:Google.Apis.Taskqueue.v1beta1.Data.Taskqueue.Acl">
            <summary>ACLs that are applicable to this TaskQueue object.</summary>
        </member>
        <member name="P:Google.Apis.Taskqueue.v1beta1.Data.Taskqueue.Id">
            <summary>Name of the taskqueue.</summary>
        </member>
        <member name="P:Google.Apis.Taskqueue.v1beta1.Data.Taskqueue.Kind">
            <summary>The kind of REST object returned, in this case taskqueue.</summary>
        </member>
        <member name="P:Google.Apis.Taskqueue.v1beta1.Data.Taskqueue.MaxLeases">
            <summary>The number of times we should lease out tasks before giving up on them. If unset we lease them out forever until a worker deletes the task.</summary>
        </member>
        <member name="P:Google.Apis.Taskqueue.v1beta1.Data.Taskqueue.Stats">
            <summary>Statistics for the TaskQueue object in question.</summary>
        </member>
        <member name="T:Google.Apis.Taskqueue.v1beta1.Data.Taskqueue.AclData">
            <summary>ACLs that are applicable to this TaskQueue object.</summary>
        </member>
        <member name="P:Google.Apis.Taskqueue.v1beta1.Data.Taskqueue.AclData.AdminEmails">
            <summary>Email addresses of users who are &quot;admins&quot; of the TaskQueue. This means they can control the queue, eg set ACLs for the queue.</summary>
        </member>
        <member name="P:Google.Apis.Taskqueue.v1beta1.Data.Taskqueue.AclData.ConsumerEmails">
            <summary>Email addresses of users who can &quot;consume&quot; tasks from the TaskQueue. This means they can Dequeue and Delete tasks from the queue.</summary>
        </member>
        <member name="P:Google.Apis.Taskqueue.v1beta1.Data.Taskqueue.AclData.ProducerEmails">
            <summary>Email addresses of users who can &quot;produce&quot; tasks into the TaskQueue. This means they can Insert tasks into the queue.</summary>
        </member>
        <member name="T:Google.Apis.Taskqueue.v1beta1.Data.Taskqueue.StatsData">
            <summary>Statistics for the TaskQueue object in question.</summary>
        </member>
        <member name="P:Google.Apis.Taskqueue.v1beta1.Data.Taskqueue.StatsData.LeasedLastHour">
            <summary>Number of tasks leased in the last hour.</summary>
        </member>
        <member name="P:Google.Apis.Taskqueue.v1beta1.Data.Taskqueue.StatsData.LeasedLastMinute">
            <summary>Number of tasks leased in the last minute.</summary>
        </member>
        <member name="P:Google.Apis.Taskqueue.v1beta1.Data.Taskqueue.StatsData.OldestTask">
            <summary>The timestamp (in seconds since the epoch) of the oldest unfinished task.</summary>
        </member>
        <member name="P:Google.Apis.Taskqueue.v1beta1.Data.Taskqueue.StatsData.TotalTasks">
            <summary>Number of tasks in the queue.</summary>
        </member>
        <member name="P:Google.Apis.Taskqueue.v1beta1.Data.Tasks.Items">
            <summary>The actual list of tasks returned as a result of the lease operation.</summary>
        </member>
        <member name="P:Google.Apis.Taskqueue.v1beta1.Data.Tasks.Kind">
            <summary>The kind of object returned, a list of tasks.</summary>
        </member>
        <member name="P:Google.Apis.Taskqueue.v1beta1.Data.Tasks2.Items">
            <summary>The actual list of tasks currently active in the TaskQueue.</summary>
        </member>
        <member name="P:Google.Apis.Taskqueue.v1beta1.Data.Tasks2.Kind">
            <summary>The kind of object returned, a list of tasks.</summary>
        </member>
        <member name="P:Google.Apis.Taskqueue.v1beta1.TaskqueueService.Key">
            <summary>Sets the API-Key (or DeveloperKey) which this service uses for all requests</summary>
        </member>
        <member name="T:Google.Apis.Taskqueue.v1beta1.TaskqueueService.Scopes">
            <summary>A list of all OAuth2.0 scopes. Each of these scopes relates to a permission or group of permissions that different methods of this API may need.</summary>
        </member>
        <member name="F:Google.Apis.Taskqueue.v1beta1.TaskqueueService.Scopes.Taskqueue">
            <summary>Manage your Tasks and Taskqueues</summary>
        </member>
        <member name="F:Google.Apis.Taskqueue.v1beta1.TaskqueueService.Scopes.TaskqueueConsumer">
            <summary>Consume Tasks from your Taskqueues</summary>
        </member>
        <member name="M:Google.Apis.Taskqueue.v1beta1.TaskqueuesResource.Get(System.String,System.String)">
            <summary>Get detailed information about a TaskQueue.</summary>
            <param name="project">Required - The project under which the queue lies.</param>
            <param name="taskqueue">Required - The id of the taskqueue to get the properties of.</param>
        </member>
        <member name="P:Google.Apis.Taskqueue.v1beta1.TaskqueuesResource.GetRequest.GetStats">
            <summary>Whether to get stats. Optional.</summary>
        </member>
        <member name="P:Google.Apis.Taskqueue.v1beta1.TaskqueuesResource.GetRequest.Project">
            <summary>The project under which the queue lies.</summary>
        </member>
        <member name="P:Google.Apis.Taskqueue.v1beta1.TaskqueuesResource.GetRequest.Taskqueue">
            <summary>The id of the taskqueue to get the properties of.</summary>
        </member>
        <member name="M:Google.Apis.Taskqueue.v1beta1.TasksResource.Delete(System.String,System.String,System.String)">
            <summary>Delete a task from a TaskQueue.</summary>
            <param name="project">Required - The project under which the queue lies.</param>
            <param name="taskqueue">Required - The taskqueue to delete a task from.</param>
            <param name="task">Required - The id of the task to delete.</param>
        </member>
        <member name="M:Google.Apis.Taskqueue.v1beta1.TasksResource.Get(System.String,System.String,System.String)">
            <summary>Get a particular task from a TaskQueue.</summary>
            <param name="project">Required - The project under which the queue lies.</param>
            <param name="taskqueue">Required - The taskqueue in which the task belongs.</param>
            <param name="task">Required - The task to get properties of.</param>
        </member>
        <member name="M:Google.Apis.Taskqueue.v1beta1.TasksResource.Lease(System.String,System.String,System.Int64,System.Int64)">
            <summary>Lease 1 or more tasks from a TaskQueue.</summary>
            <param name="project">Required - The project under which the queue lies.</param>
            <param name="taskqueue">Required - The taskqueue to lease a task from.</param>
            <param name="numTasks">Required - The number of tasks to lease.</param>
            <param name="leaseSecs">Required - The lease in seconds.</param>
        </member>
        <member name="M:Google.Apis.Taskqueue.v1beta1.TasksResource.List(System.String,System.String)">
            <summary>List Tasks in a TaskQueue</summary>
            <param name="project">Required - The project under which the queue lies.</param>
            <param name="taskqueue">Required - The id of the taskqueue to list tasks from.</param>
        </member>
        <member name="P:Google.Apis.Taskqueue.v1beta1.TasksResource.DeleteRequest.Project">
            <summary>The project under which the queue lies.</summary>
        </member>
        <member name="P:Google.Apis.Taskqueue.v1beta1.TasksResource.DeleteRequest.Task">
            <summary>The id of the task to delete.</summary>
        </member>
        <member name="P:Google.Apis.Taskqueue.v1beta1.TasksResource.DeleteRequest.Taskqueue">
            <summary>The taskqueue to delete a task from.</summary>
        </member>
        <member name="P:Google.Apis.Taskqueue.v1beta1.TasksResource.GetRequest.Project">
            <summary>The project under which the queue lies.</summary>
        </member>
        <member name="P:Google.Apis.Taskqueue.v1beta1.TasksResource.GetRequest.Task">
            <summary>The task to get properties of.</summary>
        </member>
        <member name="P:Google.Apis.Taskqueue.v1beta1.TasksResource.GetRequest.Taskqueue">
            <summary>The taskqueue in which the task belongs.</summary>
        </member>
        <member name="P:Google.Apis.Taskqueue.v1beta1.TasksResource.LeaseRequest.LeaseSecs">
            <summary>The lease in seconds.</summary>
        </member>
        <member name="P:Google.Apis.Taskqueue.v1beta1.TasksResource.LeaseRequest.NumTasks">
            <summary>The number of tasks to lease.</summary>
        </member>
        <member name="P:Google.Apis.Taskqueue.v1beta1.TasksResource.LeaseRequest.Project">
            <summary>The project under which the queue lies.</summary>
        </member>
        <member name="P:Google.Apis.Taskqueue.v1beta1.TasksResource.LeaseRequest.Taskqueue">
            <summary>The taskqueue to lease a task from.</summary>
        </member>
        <member name="P:Google.Apis.Taskqueue.v1beta1.TasksResource.ListRequest.Project">
            <summary>The project under which the queue lies.</summary>
        </member>
        <member name="P:Google.Apis.Taskqueue.v1beta1.TasksResource.ListRequest.Taskqueue">
            <summary>The id of the taskqueue to list tasks from.</summary>
        </member>
    </members>
</doc>
