<?xml version="1.0"?>
<doc>
    <assembly>
        <name>Google.Apis.Latitude.v1</name>
    </assembly>
    <members>
        <member name="T:Google.Apis.Latitude.v1.Data.Location">
            <summary>A Location resource identifies a user&apos;s position at a particular time. It may include metadata about the user&apos;s position, such as a venue if the location was recorded at the time of a check-in.</summary>
        </member>
        <member name="P:Google.Apis.Latitude.v1.Data.Location.Accuracy">
            <summary>Accuracy of the latitude and longitude coordinates, in non-negative meters. Optional.</summary>
        </member>
        <member name="P:Google.Apis.Latitude.v1.Data.Location.ActivityId">
            <summary>Unique ID of the Buzz message that corresponds to the check-in associated with this location. Available only for check-in locations. Optional.</summary>
        </member>
        <member name="P:Google.Apis.Latitude.v1.Data.Location.Altitude">
            <summary>Altitude of the location, in meters. Optional.</summary>
        </member>
        <member name="P:Google.Apis.Latitude.v1.Data.Location.AltitudeAccuracy">
            <summary>Accuracy of the altitude value, in meters. Optional.</summary>
        </member>
        <member name="P:Google.Apis.Latitude.v1.Data.Location.Heading">
            <summary>Direction of travel of the user when this location was recorded. In degrees, clockwise relative to true north. Optional.</summary>
        </member>
        <member name="P:Google.Apis.Latitude.v1.Data.Location.Kind">
            <summary>Kind of this item.</summary>
        </member>
        <member name="P:Google.Apis.Latitude.v1.Data.Location.Latitude">
            <summary>Latitude of the location, in decimal degrees.</summary>
        </member>
        <member name="P:Google.Apis.Latitude.v1.Data.Location.Longitude">
            <summary>Longitude of the location, in decimal degrees.</summary>
        </member>
        <member name="P:Google.Apis.Latitude.v1.Data.Location.Speed">
            <summary>Ground speed of the user at the time this location was recorded, in meters per second. Non-negative. Optional.</summary>
        </member>
        <member name="P:Google.Apis.Latitude.v1.Data.Location.TimestampMs">
            <summary>Timestamp of the Location Resource, in milliseconds since the epoch (UTC). This is also the Location Resource&apos;s unique id.</summary>
        </member>
        <member name="T:Google.Apis.Latitude.v1.LatitudeService.Scopes">
            <summary>A list of all OAuth2.0 scopes. Each of these scopes relates to a permission or group of permissions that different methods of this API may need.</summary>
        </member>
        <member name="F:Google.Apis.Latitude.v1.LatitudeService.Scopes.LatitudeAllBest">
            <summary>Manage your best-available location and location history</summary>
        </member>
        <member name="F:Google.Apis.Latitude.v1.LatitudeService.Scopes.LatitudeAllCity">
            <summary>Manage your city-level location and location history</summary>
        </member>
        <member name="F:Google.Apis.Latitude.v1.LatitudeService.Scopes.LatitudeCurrentBest">
            <summary>Manage your best-available location</summary>
        </member>
        <member name="F:Google.Apis.Latitude.v1.LatitudeService.Scopes.LatitudeCurrentCity">
            <summary>Manage your city-level location</summary>
        </member>
        <member name="M:Google.Apis.Latitude.v1.CurrentLocationResource.Delete">
            <summary>Deletes the authenticated user&apos;s current location.</summary>
        </member>
        <member name="M:Google.Apis.Latitude.v1.CurrentLocationResource.Get">
            <summary>Returns the authenticated user&apos;s current location.</summary>
        </member>
        <member name="M:Google.Apis.Latitude.v1.CurrentLocationResource.Insert(Google.Apis.Latitude.v1.Data.LatitudeCurrentlocationResourceJson)">
            <summary>Updates or creates the user&apos;s current location.</summary>
        </member>
        <member name="T:Google.Apis.Latitude.v1.CurrentLocationResource.Granularity">
            <summary>Granularity of the requested location.</summary>
        </member>
        <member name="F:Google.Apis.Latitude.v1.CurrentLocationResource.Granularity.Best">
            <summary>Request best available granularity.</summary>
        </member>
        <member name="F:Google.Apis.Latitude.v1.CurrentLocationResource.Granularity.City">
            <summary>Request city-level granularty.</summary>
        </member>
        <member name="P:Google.Apis.Latitude.v1.CurrentLocationResource.DeleteRequest.Alt">
            <summary>Data format for the response.</summary>
        </member>
        <member name="P:Google.Apis.Latitude.v1.CurrentLocationResource.DeleteRequest.Fields">
            <summary>Selector specifying which fields to include in a partial response.</summary>
        </member>
        <member name="P:Google.Apis.Latitude.v1.CurrentLocationResource.DeleteRequest.Oauth_token">
            <summary>OAuth 2.0 token for the current user.</summary>
        </member>
        <member name="P:Google.Apis.Latitude.v1.CurrentLocationResource.DeleteRequest.PrettyPrint">
            <summary>Returns response with indentations and line breaks.</summary>
        </member>
        <member name="P:Google.Apis.Latitude.v1.CurrentLocationResource.DeleteRequest.QuotaUser">
            <summary>Available to use for quota purposes for server-side applications. Can be any arbitrary string assigned to a user, but should not exceed 40 characters. Overrides userIp if both are provided.</summary>
        </member>
        <member name="P:Google.Apis.Latitude.v1.CurrentLocationResource.DeleteRequest.UserIp">
            <summary>IP address of the site where the request originates. Use this if you want to enforce per-user limits.</summary>
        </member>
        <member name="P:Google.Apis.Latitude.v1.CurrentLocationResource.GetRequest.Alt">
            <summary>Data format for the response.</summary>
        </member>
        <member name="P:Google.Apis.Latitude.v1.CurrentLocationResource.GetRequest.Fields">
            <summary>Selector specifying which fields to include in a partial response.</summary>
        </member>
        <member name="P:Google.Apis.Latitude.v1.CurrentLocationResource.GetRequest.Oauth_token">
            <summary>OAuth 2.0 token for the current user.</summary>
        </member>
        <member name="P:Google.Apis.Latitude.v1.CurrentLocationResource.GetRequest.PrettyPrint">
            <summary>Returns response with indentations and line breaks.</summary>
        </member>
        <member name="P:Google.Apis.Latitude.v1.CurrentLocationResource.GetRequest.QuotaUser">
            <summary>Available to use for quota purposes for server-side applications. Can be any arbitrary string assigned to a user, but should not exceed 40 characters. Overrides userIp if both are provided.</summary>
        </member>
        <member name="P:Google.Apis.Latitude.v1.CurrentLocationResource.GetRequest.UserIp">
            <summary>IP address of the site where the request originates. Use this if you want to enforce per-user limits.</summary>
        </member>
        <member name="P:Google.Apis.Latitude.v1.CurrentLocationResource.GetRequest.Granularity">
            <summary>Granularity of the requested location.</summary>
        </member>
        <member name="P:Google.Apis.Latitude.v1.CurrentLocationResource.InsertRequest.Alt">
            <summary>Data format for the response.</summary>
        </member>
        <member name="P:Google.Apis.Latitude.v1.CurrentLocationResource.InsertRequest.Fields">
            <summary>Selector specifying which fields to include in a partial response.</summary>
        </member>
        <member name="P:Google.Apis.Latitude.v1.CurrentLocationResource.InsertRequest.Oauth_token">
            <summary>OAuth 2.0 token for the current user.</summary>
        </member>
        <member name="P:Google.Apis.Latitude.v1.CurrentLocationResource.InsertRequest.PrettyPrint">
            <summary>Returns response with indentations and line breaks.</summary>
        </member>
        <member name="P:Google.Apis.Latitude.v1.CurrentLocationResource.InsertRequest.QuotaUser">
            <summary>Available to use for quota purposes for server-side applications. Can be any arbitrary string assigned to a user, but should not exceed 40 characters. Overrides userIp if both are provided.</summary>
        </member>
        <member name="P:Google.Apis.Latitude.v1.CurrentLocationResource.InsertRequest.UserIp">
            <summary>IP address of the site where the request originates. Use this if you want to enforce per-user limits.</summary>
        </member>
        <member name="P:Google.Apis.Latitude.v1.CurrentLocationResource.InsertRequest.Body">
            <summary>Gets/Sets the Body of this Request.</summary>
        </member>
        <member name="M:Google.Apis.Latitude.v1.LocationResource.Delete(System.String)">
            <summary>Deletes a location from the user&apos;s location history.</summary>
            <param name="locationId">Required - Timestamp of the location to delete (ms since epoch).</param>
        </member>
        <member name="M:Google.Apis.Latitude.v1.LocationResource.Get(System.String)">
            <summary>Reads a location from the user&apos;s location history.</summary>
            <param name="locationId">Required - Timestamp of the location to read (ms since epoch).</param>
        </member>
        <member name="M:Google.Apis.Latitude.v1.LocationResource.Insert(Google.Apis.Latitude.v1.Data.Location)">
            <summary>Inserts or updates a location in the user&apos;s location history.</summary>
        </member>
        <member name="M:Google.Apis.Latitude.v1.LocationResource.List">
            <summary>Lists the user&apos;s location history.</summary>
        </member>
        <member name="T:Google.Apis.Latitude.v1.LocationResource.Granularity">
            <summary>Granularity of the location to return.</summary>
        </member>
        <member name="F:Google.Apis.Latitude.v1.LocationResource.Granularity.Best">
            <summary>Request best available granularity.</summary>
        </member>
        <member name="F:Google.Apis.Latitude.v1.LocationResource.Granularity.City">
            <summary>Request city-level granularty.</summary>
        </member>
        <member name="P:Google.Apis.Latitude.v1.LocationResource.DeleteRequest.Alt">
            <summary>Data format for the response.</summary>
        </member>
        <member name="P:Google.Apis.Latitude.v1.LocationResource.DeleteRequest.Fields">
            <summary>Selector specifying which fields to include in a partial response.</summary>
        </member>
        <member name="P:Google.Apis.Latitude.v1.LocationResource.DeleteRequest.Oauth_token">
            <summary>OAuth 2.0 token for the current user.</summary>
        </member>
        <member name="P:Google.Apis.Latitude.v1.LocationResource.DeleteRequest.PrettyPrint">
            <summary>Returns response with indentations and line breaks.</summary>
        </member>
        <member name="P:Google.Apis.Latitude.v1.LocationResource.DeleteRequest.QuotaUser">
            <summary>Available to use for quota purposes for server-side applications. Can be any arbitrary string assigned to a user, but should not exceed 40 characters. Overrides userIp if both are provided.</summary>
        </member>
        <member name="P:Google.Apis.Latitude.v1.LocationResource.DeleteRequest.UserIp">
            <summary>IP address of the site where the request originates. Use this if you want to enforce per-user limits.</summary>
        </member>
        <member name="P:Google.Apis.Latitude.v1.LocationResource.DeleteRequest.LocationId">
            <summary>Timestamp of the location to delete (ms since epoch).</summary>
        </member>
        <member name="P:Google.Apis.Latitude.v1.LocationResource.GetRequest.Alt">
            <summary>Data format for the response.</summary>
        </member>
        <member name="P:Google.Apis.Latitude.v1.LocationResource.GetRequest.Fields">
            <summary>Selector specifying which fields to include in a partial response.</summary>
        </member>
        <member name="P:Google.Apis.Latitude.v1.LocationResource.GetRequest.Oauth_token">
            <summary>OAuth 2.0 token for the current user.</summary>
        </member>
        <member name="P:Google.Apis.Latitude.v1.LocationResource.GetRequest.PrettyPrint">
            <summary>Returns response with indentations and line breaks.</summary>
        </member>
        <member name="P:Google.Apis.Latitude.v1.LocationResource.GetRequest.QuotaUser">
            <summary>Available to use for quota purposes for server-side applications. Can be any arbitrary string assigned to a user, but should not exceed 40 characters. Overrides userIp if both are provided.</summary>
        </member>
        <member name="P:Google.Apis.Latitude.v1.LocationResource.GetRequest.UserIp">
            <summary>IP address of the site where the request originates. Use this if you want to enforce per-user limits.</summary>
        </member>
        <member name="P:Google.Apis.Latitude.v1.LocationResource.GetRequest.Granularity">
            <summary>Granularity of the location to return.</summary>
        </member>
        <member name="P:Google.Apis.Latitude.v1.LocationResource.GetRequest.LocationId">
            <summary>Timestamp of the location to read (ms since epoch).</summary>
        </member>
        <member name="P:Google.Apis.Latitude.v1.LocationResource.InsertRequest.Alt">
            <summary>Data format for the response.</summary>
        </member>
        <member name="P:Google.Apis.Latitude.v1.LocationResource.InsertRequest.Fields">
            <summary>Selector specifying which fields to include in a partial response.</summary>
        </member>
        <member name="P:Google.Apis.Latitude.v1.LocationResource.InsertRequest.Oauth_token">
            <summary>OAuth 2.0 token for the current user.</summary>
        </member>
        <member name="P:Google.Apis.Latitude.v1.LocationResource.InsertRequest.PrettyPrint">
            <summary>Returns response with indentations and line breaks.</summary>
        </member>
        <member name="P:Google.Apis.Latitude.v1.LocationResource.InsertRequest.QuotaUser">
            <summary>Available to use for quota purposes for server-side applications. Can be any arbitrary string assigned to a user, but should not exceed 40 characters. Overrides userIp if both are provided.</summary>
        </member>
        <member name="P:Google.Apis.Latitude.v1.LocationResource.InsertRequest.UserIp">
            <summary>IP address of the site where the request originates. Use this if you want to enforce per-user limits.</summary>
        </member>
        <member name="P:Google.Apis.Latitude.v1.LocationResource.InsertRequest.Body">
            <summary>Gets/Sets the Body of this Request.</summary>
        </member>
        <member name="P:Google.Apis.Latitude.v1.LocationResource.ListRequest.Alt">
            <summary>Data format for the response.</summary>
        </member>
        <member name="P:Google.Apis.Latitude.v1.LocationResource.ListRequest.Fields">
            <summary>Selector specifying which fields to include in a partial response.</summary>
        </member>
        <member name="P:Google.Apis.Latitude.v1.LocationResource.ListRequest.Oauth_token">
            <summary>OAuth 2.0 token for the current user.</summary>
        </member>
        <member name="P:Google.Apis.Latitude.v1.LocationResource.ListRequest.PrettyPrint">
            <summary>Returns response with indentations and line breaks.</summary>
        </member>
        <member name="P:Google.Apis.Latitude.v1.LocationResource.ListRequest.QuotaUser">
            <summary>Available to use for quota purposes for server-side applications. Can be any arbitrary string assigned to a user, but should not exceed 40 characters. Overrides userIp if both are provided.</summary>
        </member>
        <member name="P:Google.Apis.Latitude.v1.LocationResource.ListRequest.UserIp">
            <summary>IP address of the site where the request originates. Use this if you want to enforce per-user limits.</summary>
        </member>
        <member name="P:Google.Apis.Latitude.v1.LocationResource.ListRequest.Granularity">
            <summary>Granularity of the requested locations.</summary>
        </member>
        <member name="P:Google.Apis.Latitude.v1.LocationResource.ListRequest.MaxResults">
            <summary>Maximum number of locations to return.</summary>
        </member>
        <member name="P:Google.Apis.Latitude.v1.LocationResource.ListRequest.MaxTime">
            <summary>Maximum timestamp of locations to return (ms since epoch).</summary>
        </member>
        <member name="P:Google.Apis.Latitude.v1.LocationResource.ListRequest.MinTime">
            <summary>Minimum timestamp of locations to return (ms since epoch).</summary>
        </member>
    </members>
</doc>
