<?xml version="1.0"?>
<doc>
    <assembly>
        <name>Google.Apis.Admin.reports_v1</name>
    </assembly>
    <members>
        <member name="T:Google.Apis.Admin.reports_v1.Data.Activities">
            <summary>JSON template for a collection of activites.</summary>
        </member>
        <member name="P:Google.Apis.Admin.reports_v1.Data.Activities.Items">
            <summary>Each record in read response.</summary>
        </member>
        <member name="P:Google.Apis.Admin.reports_v1.Data.Activities.Kind">
            <summary>Kind of list response this is.</summary>
        </member>
        <member name="P:Google.Apis.Admin.reports_v1.Data.Activities.NextPageToken">
            <summary>Token for retrieving the next page</summary>
        </member>
        <member name="T:Google.Apis.Admin.reports_v1.Data.Activity">
            <summary>JSON template for the activity resource.</summary>
        </member>
        <member name="P:Google.Apis.Admin.reports_v1.Data.Activity.Actor">
            <summary>User doing the action.</summary>
        </member>
        <member name="P:Google.Apis.Admin.reports_v1.Data.Activity.Events">
            <summary>Activity events.</summary>
        </member>
        <member name="P:Google.Apis.Admin.reports_v1.Data.Activity.Id">
            <summary>Unique identifier for each activity record.</summary>
        </member>
        <member name="P:Google.Apis.Admin.reports_v1.Data.Activity.IpAddress">
            <summary>IP Address of the user doing the action.</summary>
        </member>
        <member name="P:Google.Apis.Admin.reports_v1.Data.Activity.Kind">
            <summary>Kind of resource this is.</summary>
        </member>
        <member name="P:Google.Apis.Admin.reports_v1.Data.Activity.OwnerDomain">
            <summary>Domain of source customer.</summary>
        </member>
        <member name="T:Google.Apis.Admin.reports_v1.Data.Activity.ActorData">
            <summary>User doing the action.</summary>
        </member>
        <member name="P:Google.Apis.Admin.reports_v1.Data.Activity.ActorData.CallerType">
            <summary>User or OAuth 2LO request.</summary>
        </member>
        <member name="P:Google.Apis.Admin.reports_v1.Data.Activity.ActorData.Email">
            <summary>Email address of the user.</summary>
        </member>
        <member name="P:Google.Apis.Admin.reports_v1.Data.Activity.ActorData.Key">
            <summary>For OAuth 2LO API requests, consumer_key of the requestor.</summary>
        </member>
        <member name="P:Google.Apis.Admin.reports_v1.Data.Activity.ActorData.ProfileId">
            <summary>Obfuscated user id of the user.</summary>
        </member>
        <member name="P:Google.Apis.Admin.reports_v1.Data.Activity.EventsData.Name">
            <summary>Name of event.</summary>
        </member>
        <member name="P:Google.Apis.Admin.reports_v1.Data.Activity.EventsData.Parameters">
            <summary>Parameter value pairs for various applications.</summary>
        </member>
        <member name="P:Google.Apis.Admin.reports_v1.Data.Activity.EventsData.Type">
            <summary>Type of event.</summary>
        </member>
        <member name="P:Google.Apis.Admin.reports_v1.Data.Activity.EventsData.ParametersData.BoolValue">
            <summary>Boolean value of the parameter.</summary>
        </member>
        <member name="P:Google.Apis.Admin.reports_v1.Data.Activity.EventsData.ParametersData.IntValue">
            <summary>Integral value of the parameter.</summary>
        </member>
        <member name="P:Google.Apis.Admin.reports_v1.Data.Activity.EventsData.ParametersData.Name">
            <summary>The name of the parameter.</summary>
        </member>
        <member name="P:Google.Apis.Admin.reports_v1.Data.Activity.EventsData.ParametersData.Value">
            <summary>String value of the parameter.</summary>
        </member>
        <member name="T:Google.Apis.Admin.reports_v1.Data.Activity.IdData">
            <summary>Unique identifier for each activity record.</summary>
        </member>
        <member name="P:Google.Apis.Admin.reports_v1.Data.Activity.IdData.ApplicationName">
            <summary>Application name to which the event belongs.</summary>
        </member>
        <member name="P:Google.Apis.Admin.reports_v1.Data.Activity.IdData.CustomerId">
            <summary>Obfuscated customer ID of the source customer.</summary>
        </member>
        <member name="P:Google.Apis.Admin.reports_v1.Data.Activity.IdData.Time">
            <summary>Time of occurrence of the activity.</summary>
        </member>
        <member name="P:Google.Apis.Admin.reports_v1.Data.Activity.IdData.UniqueQualifier">
            <summary>Unique qualifier if multiple events have the same time.</summary>
        </member>
        <member name="T:Google.Apis.Admin.reports_v1.Data.UsageReport">
            <summary>JSON template for a usage report.</summary>
        </member>
        <member name="P:Google.Apis.Admin.reports_v1.Data.UsageReport.Date">
            <summary>The date to which the record belongs.</summary>
        </member>
        <member name="P:Google.Apis.Admin.reports_v1.Data.UsageReport.Entity">
            <summary>Information about the type of the item.</summary>
        </member>
        <member name="P:Google.Apis.Admin.reports_v1.Data.UsageReport.Kind">
            <summary>The kind of object.</summary>
        </member>
        <member name="P:Google.Apis.Admin.reports_v1.Data.UsageReport.Parameters">
            <summary>Parameter value pairs for various applications.</summary>
        </member>
        <member name="T:Google.Apis.Admin.reports_v1.Data.UsageReport.EntityData">
            <summary>Information about the type of the item.</summary>
        </member>
        <member name="P:Google.Apis.Admin.reports_v1.Data.UsageReport.EntityData.CustomerId">
            <summary>Obfuscated customer id for the record.</summary>
        </member>
        <member name="P:Google.Apis.Admin.reports_v1.Data.UsageReport.EntityData.ProfileId">
            <summary>Obfuscated user id for the record.</summary>
        </member>
        <member name="P:Google.Apis.Admin.reports_v1.Data.UsageReport.EntityData.Type">
            <summary>The type of item, can be a customer or user.</summary>
        </member>
        <member name="P:Google.Apis.Admin.reports_v1.Data.UsageReport.EntityData.UserEmail">
            <summary>user&apos;s email.</summary>
        </member>
        <member name="P:Google.Apis.Admin.reports_v1.Data.UsageReport.ParametersData.BoolValue">
            <summary>Boolean value of the parameter.</summary>
        </member>
        <member name="P:Google.Apis.Admin.reports_v1.Data.UsageReport.ParametersData.DatetimeValue">
            <summary>RFC 3339 formatted value of the parameter.</summary>
        </member>
        <member name="P:Google.Apis.Admin.reports_v1.Data.UsageReport.ParametersData.IntValue">
            <summary>Integral value of the parameter.</summary>
        </member>
        <member name="P:Google.Apis.Admin.reports_v1.Data.UsageReport.ParametersData.Name">
            <summary>The name of the parameter.</summary>
        </member>
        <member name="P:Google.Apis.Admin.reports_v1.Data.UsageReport.ParametersData.StringValue">
            <summary>String value of the parameter.</summary>
        </member>
        <member name="T:Google.Apis.Admin.reports_v1.Data.UsageReports">
            <summary>JSON template for a collection of usage reports.</summary>
        </member>
        <member name="P:Google.Apis.Admin.reports_v1.Data.UsageReports.Kind">
            <summary>The kind of object.</summary>
        </member>
        <member name="P:Google.Apis.Admin.reports_v1.Data.UsageReports.NextPageToken">
            <summary>Token for retrieving the next page</summary>
        </member>
        <member name="P:Google.Apis.Admin.reports_v1.Data.UsageReports.UsageReportsValue">
            <summary>Various application parameter records.</summary>
        </member>
        <member name="P:Google.Apis.Admin.reports_v1.Data.UsageReports.Warnings">
            <summary>Warnings if any.</summary>
        </member>
        <member name="P:Google.Apis.Admin.reports_v1.Data.UsageReports.WarningsData.Code">
            <summary>Machine readable code / warning type.</summary>
        </member>
        <member name="P:Google.Apis.Admin.reports_v1.Data.UsageReports.WarningsData.Data">
            <summary>Key-Value pairs to give detailed information on the warning.</summary>
        </member>
        <member name="P:Google.Apis.Admin.reports_v1.Data.UsageReports.WarningsData.Message">
            <summary>Human readable message for the warning.</summary>
        </member>
        <member name="P:Google.Apis.Admin.reports_v1.Data.UsageReports.WarningsData.DataData.Key">
            <summary>Key associated with a key-value pair to give detailed information on the warning.</summary>
        </member>
        <member name="P:Google.Apis.Admin.reports_v1.Data.UsageReports.WarningsData.DataData.Value">
            <summary>Value associated with a key-value pair to give detailed information on the warning.</summary>
        </member>
        <member name="T:Google.Apis.Admin.reports_v1.ReportsService.Scopes">
            <summary>A list of all OAuth2.0 scopes. Each of these scopes relates to a permission or group of permissions that different methods of this API may need.</summary>
        </member>
        <member name="F:Google.Apis.Admin.reports_v1.ReportsService.Scopes.AdminReportsAuditReadonly">
            <summary>View audit reports of Google Apps for your domain</summary>
        </member>
        <member name="F:Google.Apis.Admin.reports_v1.ReportsService.Scopes.AdminReportsUsageReadonly">
            <summary>View usage reports of Google Apps for your domain</summary>
        </member>
        <member name="M:Google.Apis.Admin.reports_v1.ActivitiesResource.List(System.String,System.String)">
            <summary>Retrieves a list of activities for a specific customer and application.</summary>
            <param name="userKey">Required - Represents the profile id or the user email for which the data should be filtered. When &apos;all&apos; is specified as the userKey, it returns usageReports for all users.</param>
            <param name="applicationName">Required - Must match pattern (admin)|(docs) - Application name for which the events are to be retrieved.</param>
        </member>
        <member name="P:Google.Apis.Admin.reports_v1.ActivitiesResource.ListRequest.Alt">
            <summary>Data format for the response.</summary>
        </member>
        <member name="P:Google.Apis.Admin.reports_v1.ActivitiesResource.ListRequest.Fields">
            <summary>Selector specifying which fields to include in a partial response.</summary>
        </member>
        <member name="P:Google.Apis.Admin.reports_v1.ActivitiesResource.ListRequest.Oauth_token">
            <summary>OAuth 2.0 token for the current user.</summary>
        </member>
        <member name="P:Google.Apis.Admin.reports_v1.ActivitiesResource.ListRequest.PrettyPrint">
            <summary>Returns response with indentations and line breaks.</summary>
        </member>
        <member name="P:Google.Apis.Admin.reports_v1.ActivitiesResource.ListRequest.QuotaUser">
            <summary>Available to use for quota purposes for server-side applications. Can be any arbitrary string assigned to a user, but should not exceed 40 characters. Overrides userIp if both are provided.</summary>
        </member>
        <member name="P:Google.Apis.Admin.reports_v1.ActivitiesResource.ListRequest.UserIp">
            <summary>IP address of the site where the request originates. Use this if you want to enforce per-user limits.</summary>
        </member>
        <member name="P:Google.Apis.Admin.reports_v1.ActivitiesResource.ListRequest.ActorIpAddress">
            <summary>IP Address of host where the event was performed. Supports both IPv4 and IPv6 addresses.</summary>
        </member>
        <member name="P:Google.Apis.Admin.reports_v1.ActivitiesResource.ListRequest.ApplicationName">
            <summary>Application name for which the events are to be retrieved.</summary>
        </member>
        <member name="P:Google.Apis.Admin.reports_v1.ActivitiesResource.ListRequest.EndTime">
            <summary>Return events which occured at or before this time.</summary>
        </member>
        <member name="P:Google.Apis.Admin.reports_v1.ActivitiesResource.ListRequest.EventName">
            <summary>Name of the event being queried.</summary>
        </member>
        <member name="P:Google.Apis.Admin.reports_v1.ActivitiesResource.ListRequest.Filters">
            <summary>Event parameters in the form [parameter1 name][operator][parameter1 value],[parameter2 name][operator][parameter2 value],...</summary>
        </member>
        <member name="P:Google.Apis.Admin.reports_v1.ActivitiesResource.ListRequest.MaxResults">
            <summary>Number of activity records to be shown in each page.</summary>
        </member>
        <member name="P:Google.Apis.Admin.reports_v1.ActivitiesResource.ListRequest.PageToken">
            <summary>Token to specify next page.</summary>
        </member>
        <member name="P:Google.Apis.Admin.reports_v1.ActivitiesResource.ListRequest.StartTime">
            <summary>Return events which occured at or after this time.</summary>
        </member>
        <member name="P:Google.Apis.Admin.reports_v1.ActivitiesResource.ListRequest.UserKey">
            <summary>Represents the profile id or the user email for which the data should be filtered. When 'all' is specified as the userKey, it returns usageReports for all users.</summary>
        </member>
        <member name="M:Google.Apis.Admin.reports_v1.CustomerUsageReportsResource.Get(System.String)">
            <summary>Retrieves a report which is a collection of properties / statistics for a specific customer.</summary>
            <param name="date">Required - Must match pattern (\d){4}-(\d){2}-(\d){2} - Represents the date in yyyy-mm-dd format for which the data is to be fetched.</param>
        </member>
        <member name="P:Google.Apis.Admin.reports_v1.CustomerUsageReportsResource.GetRequest.Alt">
            <summary>Data format for the response.</summary>
        </member>
        <member name="P:Google.Apis.Admin.reports_v1.CustomerUsageReportsResource.GetRequest.Fields">
            <summary>Selector specifying which fields to include in a partial response.</summary>
        </member>
        <member name="P:Google.Apis.Admin.reports_v1.CustomerUsageReportsResource.GetRequest.Oauth_token">
            <summary>OAuth 2.0 token for the current user.</summary>
        </member>
        <member name="P:Google.Apis.Admin.reports_v1.CustomerUsageReportsResource.GetRequest.PrettyPrint">
            <summary>Returns response with indentations and line breaks.</summary>
        </member>
        <member name="P:Google.Apis.Admin.reports_v1.CustomerUsageReportsResource.GetRequest.QuotaUser">
            <summary>Available to use for quota purposes for server-side applications. Can be any arbitrary string assigned to a user, but should not exceed 40 characters. Overrides userIp if both are provided.</summary>
        </member>
        <member name="P:Google.Apis.Admin.reports_v1.CustomerUsageReportsResource.GetRequest.UserIp">
            <summary>IP address of the site where the request originates. Use this if you want to enforce per-user limits.</summary>
        </member>
        <member name="P:Google.Apis.Admin.reports_v1.CustomerUsageReportsResource.GetRequest.Date">
            <summary>Represents the date in yyyy-mm-dd format for which the data is to be fetched.</summary>
        </member>
        <member name="P:Google.Apis.Admin.reports_v1.CustomerUsageReportsResource.GetRequest.PageToken">
            <summary>Token to specify next page.</summary>
        </member>
        <member name="P:Google.Apis.Admin.reports_v1.CustomerUsageReportsResource.GetRequest.Parameters">
            <summary>Represents the application name, parameter name pairs to fetch in csv as app_name1:param_name1, app_name2:param_name2.</summary>
        </member>
        <member name="M:Google.Apis.Admin.reports_v1.UserUsageReportResource.Get(System.String,System.String)">
            <summary>Retrieves a report which is a collection of properties / statistics for a set of users.</summary>
            <param name="userKey">Required - Represents the profile id or the user email for which the data should be filtered.</param>
            <param name="date">Required - Must match pattern (\d){4}-(\d){2}-(\d){2} - Represents the date in yyyy-mm-dd format for which the data is to be fetched.</param>
        </member>
        <member name="P:Google.Apis.Admin.reports_v1.UserUsageReportResource.GetRequest.Alt">
            <summary>Data format for the response.</summary>
        </member>
        <member name="P:Google.Apis.Admin.reports_v1.UserUsageReportResource.GetRequest.Fields">
            <summary>Selector specifying which fields to include in a partial response.</summary>
        </member>
        <member name="P:Google.Apis.Admin.reports_v1.UserUsageReportResource.GetRequest.Oauth_token">
            <summary>OAuth 2.0 token for the current user.</summary>
        </member>
        <member name="P:Google.Apis.Admin.reports_v1.UserUsageReportResource.GetRequest.PrettyPrint">
            <summary>Returns response with indentations and line breaks.</summary>
        </member>
        <member name="P:Google.Apis.Admin.reports_v1.UserUsageReportResource.GetRequest.QuotaUser">
            <summary>Available to use for quota purposes for server-side applications. Can be any arbitrary string assigned to a user, but should not exceed 40 characters. Overrides userIp if both are provided.</summary>
        </member>
        <member name="P:Google.Apis.Admin.reports_v1.UserUsageReportResource.GetRequest.UserIp">
            <summary>IP address of the site where the request originates. Use this if you want to enforce per-user limits.</summary>
        </member>
        <member name="P:Google.Apis.Admin.reports_v1.UserUsageReportResource.GetRequest.Date">
            <summary>Represents the date in yyyy-mm-dd format for which the data is to be fetched.</summary>
        </member>
        <member name="P:Google.Apis.Admin.reports_v1.UserUsageReportResource.GetRequest.Filters">
            <summary>Represents the set of filters including parameter operator value.</summary>
        </member>
        <member name="P:Google.Apis.Admin.reports_v1.UserUsageReportResource.GetRequest.MaxResults">
            <summary>Maximum number of results to return. Maximum allowed is 1000</summary>
        </member>
        <member name="P:Google.Apis.Admin.reports_v1.UserUsageReportResource.GetRequest.PageToken">
            <summary>Token to specify next page.</summary>
        </member>
        <member name="P:Google.Apis.Admin.reports_v1.UserUsageReportResource.GetRequest.Parameters">
            <summary>Represents the application name, parameter name pairs to fetch in csv as app_name1:param_name1, app_name2:param_name2.</summary>
        </member>
        <member name="P:Google.Apis.Admin.reports_v1.UserUsageReportResource.GetRequest.UserKey">
            <summary>Represents the profile id or the user email for which the data should be filtered.</summary>
        </member>
    </members>
</doc>
