<?xml version="1.0"?>
<doc>
    <assembly>
        <name>Google.Apis.Mirror.v1</name>
    </assembly>
    <members>
        <member name="T:Google.Apis.Mirror.v1.Data.Attachment">
            <summary>Represents media content, such as a photo, that can be attached to a timeline item.</summary>
        </member>
        <member name="P:Google.Apis.Mirror.v1.Data.Attachment.ContentType">
            <summary>The MIME type of the attachment.</summary>
        </member>
        <member name="P:Google.Apis.Mirror.v1.Data.Attachment.ContentUrl">
            <summary>The URL for the content.</summary>
        </member>
        <member name="P:Google.Apis.Mirror.v1.Data.Attachment.Id">
            <summary>The ID of the attachment.</summary>
        </member>
        <member name="P:Google.Apis.Mirror.v1.Data.Attachment.IsProcessingContent">
            <summary>Indicates that the contentUrl is not available because the attachment content is still being processed. If the caller wishes to retrieve the content, it should try again later.</summary>
        </member>
        <member name="T:Google.Apis.Mirror.v1.Data.AttachmentsListResponse">
            <summary>A list of Attachments. This is the response from the server to GET requests on the attachments collection.</summary>
        </member>
        <member name="P:Google.Apis.Mirror.v1.Data.AttachmentsListResponse.Items">
            <summary>The list of attachments.</summary>
        </member>
        <member name="P:Google.Apis.Mirror.v1.Data.AttachmentsListResponse.Kind">
            <summary>The type of resource. This is always mirror#attachmentsList.</summary>
        </member>
        <member name="T:Google.Apis.Mirror.v1.Data.Contact">
            <summary>A person or group that can be used as a creator or a contact.</summary>
        </member>
        <member name="P:Google.Apis.Mirror.v1.Data.Contact.AcceptTypes">
            <summary>A list of MIME types that a contact supports. The contact will be shown to the user if any of its acceptTypes matches any of the types of the attachments on the item. If no acceptTypes are given, the contact will be shown for all items.</summary>
        </member>
        <member name="P:Google.Apis.Mirror.v1.Data.Contact.DisplayName">
            <summary>The name to display for this contact.</summary>
        </member>
        <member name="P:Google.Apis.Mirror.v1.Data.Contact.Id">
            <summary>An ID for this contact. This is generated by the application and is treated as an opaque token.</summary>
        </member>
        <member name="P:Google.Apis.Mirror.v1.Data.Contact.ImageUrls">
            <summary>Set of image URLs to display for a contact. Most contacts will have a single image, but a &quot;group&quot; contact may include up to 8 image URLs and they will be resized and cropped into a mosaic on the client.</summary>
        </member>
        <member name="P:Google.Apis.Mirror.v1.Data.Contact.Kind">
            <summary>The type of resource. This is always mirror#contact.</summary>
        </member>
        <member name="P:Google.Apis.Mirror.v1.Data.Contact.PhoneNumber">
            <summary>Primary phone number for the contact. This can be a fully-qualified number, with country calling code and area code, or a local number.</summary>
        </member>
        <member name="P:Google.Apis.Mirror.v1.Data.Contact.Priority">
            <summary>Priority for the contact to determine ordering in a list of contacts. Contacts with higher priorities will be shown before ones with lower priorities.</summary>
        </member>
        <member name="P:Google.Apis.Mirror.v1.Data.Contact.Source">
            <summary>The ID of the application that created this contact. This is populated by the API</summary>
        </member>
        <member name="P:Google.Apis.Mirror.v1.Data.Contact.Type">
             <summary>The type for this contact. This is used for sorting in UIs. Allowed values are:  
            - INDIVIDUAL - Represents a single person. This is the default. 
            - GROUP - Represents more than a single person.</summary>
        </member>
        <member name="T:Google.Apis.Mirror.v1.Data.ContactsListResponse">
            <summary>A list of Contacts representing contacts. This is the response from the server to GET requests on the contacts collection.</summary>
        </member>
        <member name="P:Google.Apis.Mirror.v1.Data.ContactsListResponse.Items">
            <summary>Contact list.</summary>
        </member>
        <member name="P:Google.Apis.Mirror.v1.Data.ContactsListResponse.Kind">
            <summary>The type of resource. This is always mirror#contacts.</summary>
        </member>
        <member name="T:Google.Apis.Mirror.v1.Data.Location">
            <summary>A geographic location that can be associated with a timeline item.</summary>
        </member>
        <member name="P:Google.Apis.Mirror.v1.Data.Location.Accuracy">
            <summary>The accuracy of the location fix in meters.</summary>
        </member>
        <member name="P:Google.Apis.Mirror.v1.Data.Location.Address">
            <summary>The full address of the location.</summary>
        </member>
        <member name="P:Google.Apis.Mirror.v1.Data.Location.DisplayName">
            <summary>The name to be displayed. This may be a business name or a user-defined place, such as &quot;Home&quot;.</summary>
        </member>
        <member name="P:Google.Apis.Mirror.v1.Data.Location.Id">
            <summary>The ID of the location.</summary>
        </member>
        <member name="P:Google.Apis.Mirror.v1.Data.Location.Kind">
            <summary>The type of resource. This is always mirror#location.</summary>
        </member>
        <member name="P:Google.Apis.Mirror.v1.Data.Location.Latitude">
            <summary>The latitude, in degrees.</summary>
        </member>
        <member name="P:Google.Apis.Mirror.v1.Data.Location.Longitude">
            <summary>The longitude, in degrees.</summary>
        </member>
        <member name="P:Google.Apis.Mirror.v1.Data.Location.Timestamp">
            <summary>The time at which this location was captured, formatted according to RFC 3339.</summary>
        </member>
        <member name="T:Google.Apis.Mirror.v1.Data.LocationsListResponse">
            <summary>A list of Locations. This is the response from the server to GET requests on the locations collection.</summary>
        </member>
        <member name="P:Google.Apis.Mirror.v1.Data.LocationsListResponse.Items">
            <summary>The list of locations.</summary>
        </member>
        <member name="P:Google.Apis.Mirror.v1.Data.LocationsListResponse.Kind">
            <summary>The type of resource. This is always mirror#locationsList.</summary>
        </member>
        <member name="T:Google.Apis.Mirror.v1.Data.MenuItem">
            <summary>A custom menu item that can be presented to the user by a timeline item.</summary>
        </member>
        <member name="P:Google.Apis.Mirror.v1.Data.MenuItem.Action">
             <summary>Controls the behavior when the user picks the menu option. Allowed values are:  
            - CUSTOM - Custom action set by the service. When the user selects this menuItem, the API triggers a notification to your callbackUrl with the userActions.type set to CUSTOM and the userActions.payload set to the ID of this menu item. This is the default value. 
            - Built-in actions:  
            - REPLY - Initiate a reply to the timeline item using the voice recording UI. The creator attribute must be set in the timeline item for this menu to be available. 
            - REPLY_ALL - Same behavior as REPLY. The original timeline item&apos;s recipients will be added to the reply item. 
            - DELETE - Delete the timeline item. 
            - SHARE - Share the timeline item with the available contacts. 
            - READ_ALOUD - Read the timeline item&apos;s speakableText aloud; if this field is not set, read the text field; if none of those fields are set, this menu item is ignored.  
            - VOICE_CALL - Initiate a phone call using the timeline item&apos;s creator.phone_number attribute as recipient. 
            - NAVIGATE - Navigate to the timeline item&apos;s location. 
            - TOGGLE_PINNED - Toggle the isPinned state of the timeline item.</summary>
        </member>
        <member name="P:Google.Apis.Mirror.v1.Data.MenuItem.Id">
            <summary>The ID for this menu item. This is generated by the application and is treated as an opaque token.</summary>
        </member>
        <member name="P:Google.Apis.Mirror.v1.Data.MenuItem.RemoveWhenSelected">
            <summary>If set to true on a CUSTOM menu item, that item will be removed from the menu after it is selected.</summary>
        </member>
        <member name="P:Google.Apis.Mirror.v1.Data.MenuItem.Values">
            <summary>For CUSTOM items, a list of values controlling the appearance of the menu item in each of its states. A value for the DEFAULT state must be provided. If the PENDING or CONFIRMED states are missing, they will not be shown.</summary>
        </member>
        <member name="T:Google.Apis.Mirror.v1.Data.MenuValue">
            <summary>A single value that is part of a MenuItem.</summary>
        </member>
        <member name="P:Google.Apis.Mirror.v1.Data.MenuValue.DisplayName">
            <summary>The name to display for the menu item.</summary>
        </member>
        <member name="P:Google.Apis.Mirror.v1.Data.MenuValue.IconUrl">
            <summary>URL of an icon to display with the menu item.</summary>
        </member>
        <member name="P:Google.Apis.Mirror.v1.Data.MenuValue.State">
             <summary>The state that this value applies to. Allowed values are:  
            - DEFAULT - Default value shown when displayed in the menuItems list. 
            - PENDING - Value shown when the menuItem has been selected by the user but can still be cancelled. 
            - CONFIRMED - Value shown when the menuItem has been selected by the user and can no longer be cancelled.</summary>
        </member>
        <member name="T:Google.Apis.Mirror.v1.Data.Notification">
            <summary>A notification delivered by the API.</summary>
        </member>
        <member name="P:Google.Apis.Mirror.v1.Data.Notification.Collection">
            <summary>The collection that generated the notification.</summary>
        </member>
        <member name="P:Google.Apis.Mirror.v1.Data.Notification.ItemId">
            <summary>The ID of the item that generated the notification.</summary>
        </member>
        <member name="P:Google.Apis.Mirror.v1.Data.Notification.Operation">
            <summary>The type of operation that generated the notification.</summary>
        </member>
        <member name="P:Google.Apis.Mirror.v1.Data.Notification.UserActions">
            <summary>A list of actions taken by the user that triggered the notification.</summary>
        </member>
        <member name="P:Google.Apis.Mirror.v1.Data.Notification.UserToken">
            <summary>The user token provided by the service when it subscribed for notifications.</summary>
        </member>
        <member name="P:Google.Apis.Mirror.v1.Data.Notification.VerifyToken">
            <summary>The secret verify token provided by the service when it subscribed for notifications.</summary>
        </member>
        <member name="T:Google.Apis.Mirror.v1.Data.NotificationConfig">
            <summary>Controls how notifications for a timeline item are presented to the user.</summary>
        </member>
        <member name="P:Google.Apis.Mirror.v1.Data.NotificationConfig.DeliveryTime">
            <summary>The time at which the notification should be delivered.</summary>
        </member>
        <member name="P:Google.Apis.Mirror.v1.Data.NotificationConfig.Level">
             <summary>Describes how important the notification is. Allowed values are:  
            - DEFAULT - Notifications of default importance. A chime will be played to alert users.</summary>
        </member>
        <member name="T:Google.Apis.Mirror.v1.Data.Subscription">
            <summary>A subscription to events on a collection.</summary>
        </member>
        <member name="P:Google.Apis.Mirror.v1.Data.Subscription.CallbackUrl">
            <summary>The URL where notifications should be delivered (must start with https://).</summary>
        </member>
        <member name="P:Google.Apis.Mirror.v1.Data.Subscription.Collection">
             <summary>The collection to subscribe to. Allowed values are:  
            - timeline - Changes in the timeline including insertion, deletion, and updates. 
            - locations - Location updates.</summary>
        </member>
        <member name="P:Google.Apis.Mirror.v1.Data.Subscription.Id">
            <summary>The ID of the subscription.</summary>
        </member>
        <member name="P:Google.Apis.Mirror.v1.Data.Subscription.Kind">
            <summary>The type of resource. This is always mirror#subscription.</summary>
        </member>
        <member name="P:Google.Apis.Mirror.v1.Data.Subscription.Notification">
            <summary>A notification delivered by the API.</summary>
        </member>
        <member name="P:Google.Apis.Mirror.v1.Data.Subscription.Operation">
             <summary>A list of operations that should be subscribed to. An empty list indicates that all operations on the collection should be subscribed to. Allowed values are:  
            - UPDATE - The item has been updated. 
            - INSERT - A new item has been inserted. 
            - DELETE - The item has been deleted. 
            - MENU_ACTION - A custom menu item has been triggered by the user.</summary>
        </member>
        <member name="P:Google.Apis.Mirror.v1.Data.Subscription.Updated">
            <summary>The time at which this subscription was last modified, formatted according to RFC 3339.</summary>
        </member>
        <member name="P:Google.Apis.Mirror.v1.Data.Subscription.UserToken">
            <summary>An opaque token sent to the subscriber in notifications so that it can determine the ID of the user.</summary>
        </member>
        <member name="P:Google.Apis.Mirror.v1.Data.Subscription.VerifyToken">
            <summary>A secret token sent to the subscriber in notifications so that it can verify that the notification was generated by Google.</summary>
        </member>
        <member name="T:Google.Apis.Mirror.v1.Data.SubscriptionsListResponse">
            <summary>A list of Subscriptions. This is the response from the server to GET requests on the subscription collection.</summary>
        </member>
        <member name="P:Google.Apis.Mirror.v1.Data.SubscriptionsListResponse.Items">
            <summary>The list of subscriptions.</summary>
        </member>
        <member name="P:Google.Apis.Mirror.v1.Data.SubscriptionsListResponse.Kind">
            <summary>The type of resource. This is always mirror#subscriptionsList.</summary>
        </member>
        <member name="T:Google.Apis.Mirror.v1.Data.TimelineItem">
            <summary>Each item in the user&apos;s timeline is represented as a TimelineItem JSON structure, described below.</summary>
        </member>
        <member name="P:Google.Apis.Mirror.v1.Data.TimelineItem.Attachments">
             <summary>A list of media attachments associated with this item. As a convenience, you can refer to attachments in your HTML payloads with the attachment or cid scheme. For example:  
            - attachment: &lt;img src=&quot;attachment:attachment_index&quot;&gt; where attachment_index is the 0-based index of this array. 
            - cid: &lt;img src=&quot;cid:attachment_id&quot;&gt; where attachment_id is the ID of the attachment.</summary>
        </member>
        <member name="P:Google.Apis.Mirror.v1.Data.TimelineItem.BundleId">
            <summary>The bundle ID for this item. Services can specify a bundleId to group many items together. They appear under a single top-level item on the device.</summary>
        </member>
        <member name="P:Google.Apis.Mirror.v1.Data.TimelineItem.CanonicalUrl">
            <summary>A canonical URL pointing to the canonical/high quality version of the data represented by the timeline item.</summary>
        </member>
        <member name="P:Google.Apis.Mirror.v1.Data.TimelineItem.Created">
            <summary>The time at which this item was created, formatted according to RFC 3339.</summary>
        </member>
        <member name="P:Google.Apis.Mirror.v1.Data.TimelineItem.Creator">
            <summary>A person or group that can be used as a creator or a contact.</summary>
        </member>
        <member name="P:Google.Apis.Mirror.v1.Data.TimelineItem.DisplayTime">
            <summary>The time that should be displayed when this item is viewed in the timeline, formatted according to RFC 3339. This user&apos;s timeline is sorted chronologically on display time, so this will also determine where the item is displayed in the timeline. If not set by the service, the display time defaults to the updated time.</summary>
        </member>
        <member name="P:Google.Apis.Mirror.v1.Data.TimelineItem.ETag">
            <summary>ETag for this item.</summary>
        </member>
        <member name="P:Google.Apis.Mirror.v1.Data.TimelineItem.Html">
             <summary>HTML content for this item. If both text and html are provided for an item, the html will be rendered in the timeline.
            Allowed HTML elements - You can use these elements in your timeline cards.
             
            - Headers: h1, h2, h3, h4, h5, h6 
            - Images: img 
            - Lists: li, ol, ul 
            - HTML5 semantics: article, aside, details, figure, figcaption, footer, header, nav, section, summary, time 
            - Structural: blockquote, br, div, hr, p, span 
            - Style: b, big, center, em, i, u, s, small, strike, strong, style, sub, sup 
            - Tables: table, tbody, td, tfoot, th, thead, tr  
            Blocked HTML elements: These elements and their contents are removed from HTML payloads.
             
            - Document headers: head, title 
            - Embeds: audio, embed, object, source, video 
            - Frames: frame, frameset 
            - Scripting: applet, script  
            Other elements: Any elements that aren&apos;t listed are removed, but their contents are preserved.</summary>
        </member>
        <member name="P:Google.Apis.Mirror.v1.Data.TimelineItem.HtmlPages">
            <summary>Additional pages of HTML content associated with this item. If this field is specified, the item will be displayed as a bundle, with the html field as the cover. It is an error to specify this field without specifying the html field.</summary>
        </member>
        <member name="P:Google.Apis.Mirror.v1.Data.TimelineItem.Id">
            <summary>The ID of the timeline item. This is unique within a user&apos;s timeline.</summary>
        </member>
        <member name="P:Google.Apis.Mirror.v1.Data.TimelineItem.InReplyTo">
            <summary>If this item was generated as a reply to another item, this field will be set to the ID of the item being replied to. This can be used to attach a reply to the appropriate conversation or post.</summary>
        </member>
        <member name="P:Google.Apis.Mirror.v1.Data.TimelineItem.IsBundleCover">
             <summary>Whether this item is a bundle cover.
            
            If an item is marked as a bundle cover, it will be the entry point to the bundle of items that have the same bundleId as that item. It will be shown only on the main timeline â€” not within the opened bundle.
            
            On the main timeline, items that are shown are:  
            - Items that have isBundleCover set to true  
            - Items that do not have a bundleId  In a bundle sub-timeline, items that are shown are:  
            - Items that have the bundleId in question AND isBundleCover set to false</summary>
        </member>
        <member name="P:Google.Apis.Mirror.v1.Data.TimelineItem.IsDeleted">
            <summary>When true, indicates this item is deleted, and only the ID property is set.</summary>
        </member>
        <member name="P:Google.Apis.Mirror.v1.Data.TimelineItem.IsPinned">
            <summary>When true, indicates this item is pinned, which means it&apos;s grouped alongside &quot;active&quot; items like navigation and hangouts, on the opposite side of the home screen from historical (non-pinned) timeline items. You can allow the user to toggle the value of this property with the TOGGLE_PINNED built-in menu item.</summary>
        </member>
        <member name="P:Google.Apis.Mirror.v1.Data.TimelineItem.Kind">
            <summary>The type of resource. This is always mirror#timelineItem.</summary>
        </member>
        <member name="P:Google.Apis.Mirror.v1.Data.TimelineItem.Location">
            <summary>A geographic location that can be associated with a timeline item.</summary>
        </member>
        <member name="P:Google.Apis.Mirror.v1.Data.TimelineItem.MenuItems">
            <summary>A list of menu items that will be presented to the user when this item is selected in the timeline.</summary>
        </member>
        <member name="P:Google.Apis.Mirror.v1.Data.TimelineItem.Notification">
            <summary>Controls how notifications for a timeline item are presented to the user.</summary>
        </member>
        <member name="P:Google.Apis.Mirror.v1.Data.TimelineItem.PinScore">
            <summary>For pinned items, this determines the order in which the item is displayed in the timeline, with a higher score appearing closer to the clock. Note: setting this field is currently not supported.</summary>
        </member>
        <member name="P:Google.Apis.Mirror.v1.Data.TimelineItem.Recipients">
            <summary>A list of users or groups that this item has been shared with.</summary>
        </member>
        <member name="P:Google.Apis.Mirror.v1.Data.TimelineItem.SelfLink">
            <summary>A URL that can be used to retrieve this item.</summary>
        </member>
        <member name="P:Google.Apis.Mirror.v1.Data.TimelineItem.SourceItemId">
            <summary>Opaque string you can use to map a timeline item to data in your own service.</summary>
        </member>
        <member name="P:Google.Apis.Mirror.v1.Data.TimelineItem.SpeakableText">
            <summary>The speakable version of the content of this item. Along with the READ_ALOUD menu item, use this field to provide text that would be clearer when read aloud, or to provide extended information to what is displayed visually on Glass. If you specified html content, use this property instead of text to specify the text to read aloud.</summary>
        </member>
        <member name="P:Google.Apis.Mirror.v1.Data.TimelineItem.Text">
            <summary>Text content of this item.</summary>
        </member>
        <member name="P:Google.Apis.Mirror.v1.Data.TimelineItem.Title">
            <summary>The title of this item.</summary>
        </member>
        <member name="P:Google.Apis.Mirror.v1.Data.TimelineItem.Updated">
            <summary>The time at which this item was last modified, formatted according to RFC 3339.</summary>
        </member>
        <member name="T:Google.Apis.Mirror.v1.Data.TimelineListResponse">
            <summary>A list of timeline items. This is the response from the server to GET requests on the timeline collection.</summary>
        </member>
        <member name="P:Google.Apis.Mirror.v1.Data.TimelineListResponse.Items">
            <summary>Items in the timeline.</summary>
        </member>
        <member name="P:Google.Apis.Mirror.v1.Data.TimelineListResponse.Kind">
            <summary>The type of resource. This is always mirror#timeline.</summary>
        </member>
        <member name="P:Google.Apis.Mirror.v1.Data.TimelineListResponse.NextPageToken">
            <summary>The next page token. Provide this as the pageToken parameter in the request to retrieve the next page of results.</summary>
        </member>
        <member name="T:Google.Apis.Mirror.v1.Data.UserAction">
            <summary>Represents an action taken by the user that triggered a notification.</summary>
        </member>
        <member name="P:Google.Apis.Mirror.v1.Data.UserAction.Payload">
             <summary>An optional payload for the action.
            
            For actions of type CUSTOM, this is the ID of the custom menu item that was selected.</summary>
        </member>
        <member name="P:Google.Apis.Mirror.v1.Data.UserAction.Type">
             <summary>The type of action. The value of this can be:  
            - SHARE - the user shared an item. 
            - REPLY - the user replied to an item. 
            - REPLY_ALL - the user replied to all recipients of an item. 
            - CUSTOM - the user selected a custom menu item on the timeline item. 
            - DELETE - the user deleted the item. 
            - PIN - the user pinned the item. 
            - UNPIN - the user unpinned the item.  In the future, additional types may be added. UserActions with unrecognized types should be ignored.</summary>
        </member>
        <member name="M:Google.Apis.Mirror.v1.ContactsResource.Delete(System.String)">
            <summary>Deletes a contact.</summary>
            <param name="id">Required - The ID of the contact.</param>
        </member>
        <member name="M:Google.Apis.Mirror.v1.ContactsResource.Get(System.String)">
            <summary>Gets a single contact by ID.</summary>
            <param name="id">Required - The ID of the contact.</param>
        </member>
        <member name="M:Google.Apis.Mirror.v1.ContactsResource.Insert(Google.Apis.Mirror.v1.Data.Contact)">
            <summary>Inserts a new contact.</summary>
        </member>
        <member name="M:Google.Apis.Mirror.v1.ContactsResource.List">
            <summary>Retrieves a list of contacts for the authenticated user.</summary>
        </member>
        <member name="M:Google.Apis.Mirror.v1.ContactsResource.Patch(Google.Apis.Mirror.v1.Data.Contact,System.String)">
            <summary>Updates a contact in place. This method supports patch semantics.</summary>
            <param name="id">Required - The ID of the contact.</param>
        </member>
        <member name="M:Google.Apis.Mirror.v1.ContactsResource.Update(Google.Apis.Mirror.v1.Data.Contact,System.String)">
            <summary>Updates a contact in place.</summary>
            <param name="id">Required - The ID of the contact.</param>
        </member>
        <member name="P:Google.Apis.Mirror.v1.ContactsResource.DeleteRequest.Alt">
            <summary>Data format for the response.</summary>
        </member>
        <member name="P:Google.Apis.Mirror.v1.ContactsResource.DeleteRequest.Fields">
            <summary>Selector specifying which fields to include in a partial response.</summary>
        </member>
        <member name="P:Google.Apis.Mirror.v1.ContactsResource.DeleteRequest.Oauth_token">
            <summary>OAuth 2.0 token for the current user.</summary>
        </member>
        <member name="P:Google.Apis.Mirror.v1.ContactsResource.DeleteRequest.PrettyPrint">
            <summary>Returns response with indentations and line breaks.</summary>
        </member>
        <member name="P:Google.Apis.Mirror.v1.ContactsResource.DeleteRequest.QuotaUser">
            <summary>Available to use for quota purposes for server-side applications. Can be any arbitrary string assigned to a user, but should not exceed 40 characters. Overrides userIp if both are provided.</summary>
        </member>
        <member name="P:Google.Apis.Mirror.v1.ContactsResource.DeleteRequest.UserIp">
            <summary>IP address of the site where the request originates. Use this if you want to enforce per-user limits.</summary>
        </member>
        <member name="P:Google.Apis.Mirror.v1.ContactsResource.DeleteRequest.Id">
            <summary>The ID of the contact.</summary>
        </member>
        <member name="P:Google.Apis.Mirror.v1.ContactsResource.GetRequest.Alt">
            <summary>Data format for the response.</summary>
        </member>
        <member name="P:Google.Apis.Mirror.v1.ContactsResource.GetRequest.Fields">
            <summary>Selector specifying which fields to include in a partial response.</summary>
        </member>
        <member name="P:Google.Apis.Mirror.v1.ContactsResource.GetRequest.Oauth_token">
            <summary>OAuth 2.0 token for the current user.</summary>
        </member>
        <member name="P:Google.Apis.Mirror.v1.ContactsResource.GetRequest.PrettyPrint">
            <summary>Returns response with indentations and line breaks.</summary>
        </member>
        <member name="P:Google.Apis.Mirror.v1.ContactsResource.GetRequest.QuotaUser">
            <summary>Available to use for quota purposes for server-side applications. Can be any arbitrary string assigned to a user, but should not exceed 40 characters. Overrides userIp if both are provided.</summary>
        </member>
        <member name="P:Google.Apis.Mirror.v1.ContactsResource.GetRequest.UserIp">
            <summary>IP address of the site where the request originates. Use this if you want to enforce per-user limits.</summary>
        </member>
        <member name="P:Google.Apis.Mirror.v1.ContactsResource.GetRequest.Id">
            <summary>The ID of the contact.</summary>
        </member>
        <member name="P:Google.Apis.Mirror.v1.ContactsResource.InsertRequest.Alt">
            <summary>Data format for the response.</summary>
        </member>
        <member name="P:Google.Apis.Mirror.v1.ContactsResource.InsertRequest.Fields">
            <summary>Selector specifying which fields to include in a partial response.</summary>
        </member>
        <member name="P:Google.Apis.Mirror.v1.ContactsResource.InsertRequest.Oauth_token">
            <summary>OAuth 2.0 token for the current user.</summary>
        </member>
        <member name="P:Google.Apis.Mirror.v1.ContactsResource.InsertRequest.PrettyPrint">
            <summary>Returns response with indentations and line breaks.</summary>
        </member>
        <member name="P:Google.Apis.Mirror.v1.ContactsResource.InsertRequest.QuotaUser">
            <summary>Available to use for quota purposes for server-side applications. Can be any arbitrary string assigned to a user, but should not exceed 40 characters. Overrides userIp if both are provided.</summary>
        </member>
        <member name="P:Google.Apis.Mirror.v1.ContactsResource.InsertRequest.UserIp">
            <summary>IP address of the site where the request originates. Use this if you want to enforce per-user limits.</summary>
        </member>
        <member name="P:Google.Apis.Mirror.v1.ContactsResource.InsertRequest.Body">
            <summary>Gets/Sets the Body of this Request.</summary>
        </member>
        <member name="P:Google.Apis.Mirror.v1.ContactsResource.ListRequest.Alt">
            <summary>Data format for the response.</summary>
        </member>
        <member name="P:Google.Apis.Mirror.v1.ContactsResource.ListRequest.Fields">
            <summary>Selector specifying which fields to include in a partial response.</summary>
        </member>
        <member name="P:Google.Apis.Mirror.v1.ContactsResource.ListRequest.Oauth_token">
            <summary>OAuth 2.0 token for the current user.</summary>
        </member>
        <member name="P:Google.Apis.Mirror.v1.ContactsResource.ListRequest.PrettyPrint">
            <summary>Returns response with indentations and line breaks.</summary>
        </member>
        <member name="P:Google.Apis.Mirror.v1.ContactsResource.ListRequest.QuotaUser">
            <summary>Available to use for quota purposes for server-side applications. Can be any arbitrary string assigned to a user, but should not exceed 40 characters. Overrides userIp if both are provided.</summary>
        </member>
        <member name="P:Google.Apis.Mirror.v1.ContactsResource.ListRequest.UserIp">
            <summary>IP address of the site where the request originates. Use this if you want to enforce per-user limits.</summary>
        </member>
        <member name="P:Google.Apis.Mirror.v1.ContactsResource.PatchRequest.Alt">
            <summary>Data format for the response.</summary>
        </member>
        <member name="P:Google.Apis.Mirror.v1.ContactsResource.PatchRequest.Fields">
            <summary>Selector specifying which fields to include in a partial response.</summary>
        </member>
        <member name="P:Google.Apis.Mirror.v1.ContactsResource.PatchRequest.Oauth_token">
            <summary>OAuth 2.0 token for the current user.</summary>
        </member>
        <member name="P:Google.Apis.Mirror.v1.ContactsResource.PatchRequest.PrettyPrint">
            <summary>Returns response with indentations and line breaks.</summary>
        </member>
        <member name="P:Google.Apis.Mirror.v1.ContactsResource.PatchRequest.QuotaUser">
            <summary>Available to use for quota purposes for server-side applications. Can be any arbitrary string assigned to a user, but should not exceed 40 characters. Overrides userIp if both are provided.</summary>
        </member>
        <member name="P:Google.Apis.Mirror.v1.ContactsResource.PatchRequest.UserIp">
            <summary>IP address of the site where the request originates. Use this if you want to enforce per-user limits.</summary>
        </member>
        <member name="P:Google.Apis.Mirror.v1.ContactsResource.PatchRequest.Id">
            <summary>The ID of the contact.</summary>
        </member>
        <member name="P:Google.Apis.Mirror.v1.ContactsResource.PatchRequest.Body">
            <summary>Gets/Sets the Body of this Request.</summary>
        </member>
        <member name="P:Google.Apis.Mirror.v1.ContactsResource.UpdateRequest.Alt">
            <summary>Data format for the response.</summary>
        </member>
        <member name="P:Google.Apis.Mirror.v1.ContactsResource.UpdateRequest.Fields">
            <summary>Selector specifying which fields to include in a partial response.</summary>
        </member>
        <member name="P:Google.Apis.Mirror.v1.ContactsResource.UpdateRequest.Oauth_token">
            <summary>OAuth 2.0 token for the current user.</summary>
        </member>
        <member name="P:Google.Apis.Mirror.v1.ContactsResource.UpdateRequest.PrettyPrint">
            <summary>Returns response with indentations and line breaks.</summary>
        </member>
        <member name="P:Google.Apis.Mirror.v1.ContactsResource.UpdateRequest.QuotaUser">
            <summary>Available to use for quota purposes for server-side applications. Can be any arbitrary string assigned to a user, but should not exceed 40 characters. Overrides userIp if both are provided.</summary>
        </member>
        <member name="P:Google.Apis.Mirror.v1.ContactsResource.UpdateRequest.UserIp">
            <summary>IP address of the site where the request originates. Use this if you want to enforce per-user limits.</summary>
        </member>
        <member name="P:Google.Apis.Mirror.v1.ContactsResource.UpdateRequest.Id">
            <summary>The ID of the contact.</summary>
        </member>
        <member name="P:Google.Apis.Mirror.v1.ContactsResource.UpdateRequest.Body">
            <summary>Gets/Sets the Body of this Request.</summary>
        </member>
        <member name="M:Google.Apis.Mirror.v1.LocationsResource.Get(System.String)">
            <summary>Gets a single location by ID.</summary>
            <param name="id">Required - The ID of the location or latest for the last known location.</param>
        </member>
        <member name="M:Google.Apis.Mirror.v1.LocationsResource.List">
            <summary>Retrieves a list of locations for the user.</summary>
        </member>
        <member name="P:Google.Apis.Mirror.v1.LocationsResource.GetRequest.Alt">
            <summary>Data format for the response.</summary>
        </member>
        <member name="P:Google.Apis.Mirror.v1.LocationsResource.GetRequest.Fields">
            <summary>Selector specifying which fields to include in a partial response.</summary>
        </member>
        <member name="P:Google.Apis.Mirror.v1.LocationsResource.GetRequest.Oauth_token">
            <summary>OAuth 2.0 token for the current user.</summary>
        </member>
        <member name="P:Google.Apis.Mirror.v1.LocationsResource.GetRequest.PrettyPrint">
            <summary>Returns response with indentations and line breaks.</summary>
        </member>
        <member name="P:Google.Apis.Mirror.v1.LocationsResource.GetRequest.QuotaUser">
            <summary>Available to use for quota purposes for server-side applications. Can be any arbitrary string assigned to a user, but should not exceed 40 characters. Overrides userIp if both are provided.</summary>
        </member>
        <member name="P:Google.Apis.Mirror.v1.LocationsResource.GetRequest.UserIp">
            <summary>IP address of the site where the request originates. Use this if you want to enforce per-user limits.</summary>
        </member>
        <member name="P:Google.Apis.Mirror.v1.LocationsResource.GetRequest.Id">
            <summary>The ID of the location or latest for the last known location.</summary>
        </member>
        <member name="P:Google.Apis.Mirror.v1.LocationsResource.ListRequest.Alt">
            <summary>Data format for the response.</summary>
        </member>
        <member name="P:Google.Apis.Mirror.v1.LocationsResource.ListRequest.Fields">
            <summary>Selector specifying which fields to include in a partial response.</summary>
        </member>
        <member name="P:Google.Apis.Mirror.v1.LocationsResource.ListRequest.Oauth_token">
            <summary>OAuth 2.0 token for the current user.</summary>
        </member>
        <member name="P:Google.Apis.Mirror.v1.LocationsResource.ListRequest.PrettyPrint">
            <summary>Returns response with indentations and line breaks.</summary>
        </member>
        <member name="P:Google.Apis.Mirror.v1.LocationsResource.ListRequest.QuotaUser">
            <summary>Available to use for quota purposes for server-side applications. Can be any arbitrary string assigned to a user, but should not exceed 40 characters. Overrides userIp if both are provided.</summary>
        </member>
        <member name="P:Google.Apis.Mirror.v1.LocationsResource.ListRequest.UserIp">
            <summary>IP address of the site where the request originates. Use this if you want to enforce per-user limits.</summary>
        </member>
        <member name="M:Google.Apis.Mirror.v1.SubscriptionsResource.Delete(System.String)">
            <summary>Deletes a subscription.</summary>
            <param name="id">Required - The ID of the subscription.</param>
        </member>
        <member name="M:Google.Apis.Mirror.v1.SubscriptionsResource.Insert(Google.Apis.Mirror.v1.Data.Subscription)">
            <summary>Creates a new subscription.</summary>
        </member>
        <member name="M:Google.Apis.Mirror.v1.SubscriptionsResource.List">
            <summary>Retrieves a list of subscriptions for the authenticated user and service.</summary>
        </member>
        <member name="M:Google.Apis.Mirror.v1.SubscriptionsResource.Update(Google.Apis.Mirror.v1.Data.Subscription,System.String)">
            <summary>Updates an existing subscription in place.</summary>
            <param name="id">Required - The ID of the subscription.</param>
        </member>
        <member name="P:Google.Apis.Mirror.v1.SubscriptionsResource.DeleteRequest.Alt">
            <summary>Data format for the response.</summary>
        </member>
        <member name="P:Google.Apis.Mirror.v1.SubscriptionsResource.DeleteRequest.Fields">
            <summary>Selector specifying which fields to include in a partial response.</summary>
        </member>
        <member name="P:Google.Apis.Mirror.v1.SubscriptionsResource.DeleteRequest.Oauth_token">
            <summary>OAuth 2.0 token for the current user.</summary>
        </member>
        <member name="P:Google.Apis.Mirror.v1.SubscriptionsResource.DeleteRequest.PrettyPrint">
            <summary>Returns response with indentations and line breaks.</summary>
        </member>
        <member name="P:Google.Apis.Mirror.v1.SubscriptionsResource.DeleteRequest.QuotaUser">
            <summary>Available to use for quota purposes for server-side applications. Can be any arbitrary string assigned to a user, but should not exceed 40 characters. Overrides userIp if both are provided.</summary>
        </member>
        <member name="P:Google.Apis.Mirror.v1.SubscriptionsResource.DeleteRequest.UserIp">
            <summary>IP address of the site where the request originates. Use this if you want to enforce per-user limits.</summary>
        </member>
        <member name="P:Google.Apis.Mirror.v1.SubscriptionsResource.DeleteRequest.Id">
            <summary>The ID of the subscription.</summary>
        </member>
        <member name="P:Google.Apis.Mirror.v1.SubscriptionsResource.InsertRequest.Alt">
            <summary>Data format for the response.</summary>
        </member>
        <member name="P:Google.Apis.Mirror.v1.SubscriptionsResource.InsertRequest.Fields">
            <summary>Selector specifying which fields to include in a partial response.</summary>
        </member>
        <member name="P:Google.Apis.Mirror.v1.SubscriptionsResource.InsertRequest.Oauth_token">
            <summary>OAuth 2.0 token for the current user.</summary>
        </member>
        <member name="P:Google.Apis.Mirror.v1.SubscriptionsResource.InsertRequest.PrettyPrint">
            <summary>Returns response with indentations and line breaks.</summary>
        </member>
        <member name="P:Google.Apis.Mirror.v1.SubscriptionsResource.InsertRequest.QuotaUser">
            <summary>Available to use for quota purposes for server-side applications. Can be any arbitrary string assigned to a user, but should not exceed 40 characters. Overrides userIp if both are provided.</summary>
        </member>
        <member name="P:Google.Apis.Mirror.v1.SubscriptionsResource.InsertRequest.UserIp">
            <summary>IP address of the site where the request originates. Use this if you want to enforce per-user limits.</summary>
        </member>
        <member name="P:Google.Apis.Mirror.v1.SubscriptionsResource.InsertRequest.Body">
            <summary>Gets/Sets the Body of this Request.</summary>
        </member>
        <member name="P:Google.Apis.Mirror.v1.SubscriptionsResource.ListRequest.Alt">
            <summary>Data format for the response.</summary>
        </member>
        <member name="P:Google.Apis.Mirror.v1.SubscriptionsResource.ListRequest.Fields">
            <summary>Selector specifying which fields to include in a partial response.</summary>
        </member>
        <member name="P:Google.Apis.Mirror.v1.SubscriptionsResource.ListRequest.Oauth_token">
            <summary>OAuth 2.0 token for the current user.</summary>
        </member>
        <member name="P:Google.Apis.Mirror.v1.SubscriptionsResource.ListRequest.PrettyPrint">
            <summary>Returns response with indentations and line breaks.</summary>
        </member>
        <member name="P:Google.Apis.Mirror.v1.SubscriptionsResource.ListRequest.QuotaUser">
            <summary>Available to use for quota purposes for server-side applications. Can be any arbitrary string assigned to a user, but should not exceed 40 characters. Overrides userIp if both are provided.</summary>
        </member>
        <member name="P:Google.Apis.Mirror.v1.SubscriptionsResource.ListRequest.UserIp">
            <summary>IP address of the site where the request originates. Use this if you want to enforce per-user limits.</summary>
        </member>
        <member name="P:Google.Apis.Mirror.v1.SubscriptionsResource.UpdateRequest.Alt">
            <summary>Data format for the response.</summary>
        </member>
        <member name="P:Google.Apis.Mirror.v1.SubscriptionsResource.UpdateRequest.Fields">
            <summary>Selector specifying which fields to include in a partial response.</summary>
        </member>
        <member name="P:Google.Apis.Mirror.v1.SubscriptionsResource.UpdateRequest.Oauth_token">
            <summary>OAuth 2.0 token for the current user.</summary>
        </member>
        <member name="P:Google.Apis.Mirror.v1.SubscriptionsResource.UpdateRequest.PrettyPrint">
            <summary>Returns response with indentations and line breaks.</summary>
        </member>
        <member name="P:Google.Apis.Mirror.v1.SubscriptionsResource.UpdateRequest.QuotaUser">
            <summary>Available to use for quota purposes for server-side applications. Can be any arbitrary string assigned to a user, but should not exceed 40 characters. Overrides userIp if both are provided.</summary>
        </member>
        <member name="P:Google.Apis.Mirror.v1.SubscriptionsResource.UpdateRequest.UserIp">
            <summary>IP address of the site where the request originates. Use this if you want to enforce per-user limits.</summary>
        </member>
        <member name="P:Google.Apis.Mirror.v1.SubscriptionsResource.UpdateRequest.Id">
            <summary>The ID of the subscription.</summary>
        </member>
        <member name="P:Google.Apis.Mirror.v1.SubscriptionsResource.UpdateRequest.Body">
            <summary>Gets/Sets the Body of this Request.</summary>
        </member>
        <member name="M:Google.Apis.Mirror.v1.TimelineResource.Delete(System.String)">
            <summary>Deletes a timeline item.</summary>
            <param name="id">Required - The ID of the timeline item.</param>
        </member>
        <member name="M:Google.Apis.Mirror.v1.TimelineResource.Get(System.String)">
            <summary>Gets a single timeline item by ID.</summary>
            <param name="id">Required - The ID of the timeline item.</param>
        </member>
        <member name="M:Google.Apis.Mirror.v1.TimelineResource.Insert(Google.Apis.Mirror.v1.Data.TimelineItem)">
            <summary>Inserts a new item into the timeline.</summary>
        </member>
        <member name="M:Google.Apis.Mirror.v1.TimelineResource.Insert(Google.Apis.Mirror.v1.Data.TimelineItem,System.IO.Stream,System.String)">
            <summary>Inserts a new item into the timeline.</summary>
        </member>
        <member name="M:Google.Apis.Mirror.v1.TimelineResource.List">
            <summary>Retrieves a list of timeline items for the authenticated user.</summary>
        </member>
        <member name="M:Google.Apis.Mirror.v1.TimelineResource.Patch(Google.Apis.Mirror.v1.Data.TimelineItem,System.String)">
            <summary>Updates a timeline item in place. This method supports patch semantics.</summary>
            <param name="id">Required - The ID of the timeline item.</param>
        </member>
        <member name="M:Google.Apis.Mirror.v1.TimelineResource.Update(Google.Apis.Mirror.v1.Data.TimelineItem,System.String)">
            <summary>Updates a timeline item in place.</summary>
            <param name="id">Required - The ID of the timeline item.</param>
        </member>
        <member name="M:Google.Apis.Mirror.v1.TimelineResource.Update(Google.Apis.Mirror.v1.Data.TimelineItem,System.String,System.IO.Stream,System.String)">
            <summary>Updates a timeline item in place.</summary>
            <param name="id">Required - The ID of the timeline item.</param>
        </member>
        <member name="M:Google.Apis.Mirror.v1.TimelineResource.AttachmentsResource.Delete(System.String,System.String)">
            <summary>Deletes an attachment from a timeline item.</summary>
            <param name="itemId">Required - The ID of the timeline item the attachment belongs to.</param>
            <param name="attachmentId">Required - The ID of the attachment.</param>
        </member>
        <member name="M:Google.Apis.Mirror.v1.TimelineResource.AttachmentsResource.Get(System.String,System.String)">
            <summary>Retrieves an attachment on a timeline item by item ID and attachment ID.</summary>
            <param name="itemId">Required - The ID of the timeline item the attachment belongs to.</param>
            <param name="attachmentId">Required - The ID of the attachment.</param>
        </member>
        <member name="M:Google.Apis.Mirror.v1.TimelineResource.AttachmentsResource.Insert(System.String)">
            <summary>Adds a new attachment to a timeline item.</summary>
            <param name="itemId">Required - The ID of the timeline item the attachment belongs to.</param>
        </member>
        <member name="M:Google.Apis.Mirror.v1.TimelineResource.AttachmentsResource.Insert(System.String,System.IO.Stream,System.String)">
            <summary>Adds a new attachment to a timeline item.</summary>
            <param name="itemId">Required - The ID of the timeline item the attachment belongs to.</param>
        </member>
        <member name="M:Google.Apis.Mirror.v1.TimelineResource.AttachmentsResource.List(System.String)">
            <summary>Returns a list of attachments for a timeline item.</summary>
            <param name="itemId">Required - The ID of the timeline item whose attachments should be listed.</param>
        </member>
        <member name="P:Google.Apis.Mirror.v1.TimelineResource.AttachmentsResource.DeleteRequest.Alt">
            <summary>Data format for the response.</summary>
        </member>
        <member name="P:Google.Apis.Mirror.v1.TimelineResource.AttachmentsResource.DeleteRequest.Fields">
            <summary>Selector specifying which fields to include in a partial response.</summary>
        </member>
        <member name="P:Google.Apis.Mirror.v1.TimelineResource.AttachmentsResource.DeleteRequest.Oauth_token">
            <summary>OAuth 2.0 token for the current user.</summary>
        </member>
        <member name="P:Google.Apis.Mirror.v1.TimelineResource.AttachmentsResource.DeleteRequest.PrettyPrint">
            <summary>Returns response with indentations and line breaks.</summary>
        </member>
        <member name="P:Google.Apis.Mirror.v1.TimelineResource.AttachmentsResource.DeleteRequest.QuotaUser">
            <summary>Available to use for quota purposes for server-side applications. Can be any arbitrary string assigned to a user, but should not exceed 40 characters. Overrides userIp if both are provided.</summary>
        </member>
        <member name="P:Google.Apis.Mirror.v1.TimelineResource.AttachmentsResource.DeleteRequest.UserIp">
            <summary>IP address of the site where the request originates. Use this if you want to enforce per-user limits.</summary>
        </member>
        <member name="P:Google.Apis.Mirror.v1.TimelineResource.AttachmentsResource.DeleteRequest.AttachmentId">
            <summary>The ID of the attachment.</summary>
        </member>
        <member name="P:Google.Apis.Mirror.v1.TimelineResource.AttachmentsResource.DeleteRequest.ItemId">
            <summary>The ID of the timeline item the attachment belongs to.</summary>
        </member>
        <member name="M:Google.Apis.Mirror.v1.TimelineResource.AttachmentsResource.GetRequest.Download(System.IO.Stream)">
            <summary>Synchronously download the media into the given stream.</summary>
        </member>
        <member name="M:Google.Apis.Mirror.v1.TimelineResource.AttachmentsResource.GetRequest.DownloadAsync(System.IO.Stream)">
            <summary>Asynchronously download the media into the given stream.</summary>
        </member>
        <member name="M:Google.Apis.Mirror.v1.TimelineResource.AttachmentsResource.GetRequest.DownloadAsync(System.IO.Stream,System.Threading.CancellationToken)">
            <summary>Asynchronously download the media into the given stream.</summary>
        </member>
        <member name="P:Google.Apis.Mirror.v1.TimelineResource.AttachmentsResource.GetRequest.Alt">
            <summary>Data format for the response.</summary>
        </member>
        <member name="P:Google.Apis.Mirror.v1.TimelineResource.AttachmentsResource.GetRequest.Fields">
            <summary>Selector specifying which fields to include in a partial response.</summary>
        </member>
        <member name="P:Google.Apis.Mirror.v1.TimelineResource.AttachmentsResource.GetRequest.Oauth_token">
            <summary>OAuth 2.0 token for the current user.</summary>
        </member>
        <member name="P:Google.Apis.Mirror.v1.TimelineResource.AttachmentsResource.GetRequest.PrettyPrint">
            <summary>Returns response with indentations and line breaks.</summary>
        </member>
        <member name="P:Google.Apis.Mirror.v1.TimelineResource.AttachmentsResource.GetRequest.QuotaUser">
            <summary>Available to use for quota purposes for server-side applications. Can be any arbitrary string assigned to a user, but should not exceed 40 characters. Overrides userIp if both are provided.</summary>
        </member>
        <member name="P:Google.Apis.Mirror.v1.TimelineResource.AttachmentsResource.GetRequest.UserIp">
            <summary>IP address of the site where the request originates. Use this if you want to enforce per-user limits.</summary>
        </member>
        <member name="P:Google.Apis.Mirror.v1.TimelineResource.AttachmentsResource.GetRequest.AttachmentId">
            <summary>The ID of the attachment.</summary>
        </member>
        <member name="P:Google.Apis.Mirror.v1.TimelineResource.AttachmentsResource.GetRequest.ItemId">
            <summary>The ID of the timeline item the attachment belongs to.</summary>
        </member>
        <member name="P:Google.Apis.Mirror.v1.TimelineResource.AttachmentsResource.InsertRequest.Alt">
            <summary>Data format for the response.</summary>
        </member>
        <member name="P:Google.Apis.Mirror.v1.TimelineResource.AttachmentsResource.InsertRequest.Fields">
            <summary>Selector specifying which fields to include in a partial response.</summary>
        </member>
        <member name="P:Google.Apis.Mirror.v1.TimelineResource.AttachmentsResource.InsertRequest.Oauth_token">
            <summary>OAuth 2.0 token for the current user.</summary>
        </member>
        <member name="P:Google.Apis.Mirror.v1.TimelineResource.AttachmentsResource.InsertRequest.PrettyPrint">
            <summary>Returns response with indentations and line breaks.</summary>
        </member>
        <member name="P:Google.Apis.Mirror.v1.TimelineResource.AttachmentsResource.InsertRequest.QuotaUser">
            <summary>Available to use for quota purposes for server-side applications. Can be any arbitrary string assigned to a user, but should not exceed 40 characters. Overrides userIp if both are provided.</summary>
        </member>
        <member name="P:Google.Apis.Mirror.v1.TimelineResource.AttachmentsResource.InsertRequest.UserIp">
            <summary>IP address of the site where the request originates. Use this if you want to enforce per-user limits.</summary>
        </member>
        <member name="P:Google.Apis.Mirror.v1.TimelineResource.AttachmentsResource.InsertRequest.ItemId">
            <summary>The ID of the timeline item the attachment belongs to.</summary>
        </member>
        <member name="P:Google.Apis.Mirror.v1.TimelineResource.AttachmentsResource.InsertMediaUpload.Alt">
            <summary>Data format for the response.</summary>
        </member>
        <member name="P:Google.Apis.Mirror.v1.TimelineResource.AttachmentsResource.InsertMediaUpload.Fields">
            <summary>Selector specifying which fields to include in a partial response.</summary>
        </member>
        <member name="P:Google.Apis.Mirror.v1.TimelineResource.AttachmentsResource.InsertMediaUpload.Oauth_token">
            <summary>OAuth 2.0 token for the current user.</summary>
        </member>
        <member name="P:Google.Apis.Mirror.v1.TimelineResource.AttachmentsResource.InsertMediaUpload.PrettyPrint">
            <summary>Returns response with indentations and line breaks.</summary>
        </member>
        <member name="P:Google.Apis.Mirror.v1.TimelineResource.AttachmentsResource.InsertMediaUpload.QuotaUser">
            <summary>Available to use for quota purposes for server-side applications. Can be any arbitrary string assigned to a user, but should not exceed 40 characters. Overrides userIp if both are provided.</summary>
        </member>
        <member name="P:Google.Apis.Mirror.v1.TimelineResource.AttachmentsResource.InsertMediaUpload.UserIp">
            <summary>IP address of the site where the request originates. Use this if you want to enforce per-user limits.</summary>
        </member>
        <member name="P:Google.Apis.Mirror.v1.TimelineResource.AttachmentsResource.InsertMediaUpload.ItemId">
            <summary>The ID of the timeline item the attachment belongs to.</summary>
        </member>
        <member name="P:Google.Apis.Mirror.v1.TimelineResource.AttachmentsResource.ListRequest.Alt">
            <summary>Data format for the response.</summary>
        </member>
        <member name="P:Google.Apis.Mirror.v1.TimelineResource.AttachmentsResource.ListRequest.Fields">
            <summary>Selector specifying which fields to include in a partial response.</summary>
        </member>
        <member name="P:Google.Apis.Mirror.v1.TimelineResource.AttachmentsResource.ListRequest.Oauth_token">
            <summary>OAuth 2.0 token for the current user.</summary>
        </member>
        <member name="P:Google.Apis.Mirror.v1.TimelineResource.AttachmentsResource.ListRequest.PrettyPrint">
            <summary>Returns response with indentations and line breaks.</summary>
        </member>
        <member name="P:Google.Apis.Mirror.v1.TimelineResource.AttachmentsResource.ListRequest.QuotaUser">
            <summary>Available to use for quota purposes for server-side applications. Can be any arbitrary string assigned to a user, but should not exceed 40 characters. Overrides userIp if both are provided.</summary>
        </member>
        <member name="P:Google.Apis.Mirror.v1.TimelineResource.AttachmentsResource.ListRequest.UserIp">
            <summary>IP address of the site where the request originates. Use this if you want to enforce per-user limits.</summary>
        </member>
        <member name="P:Google.Apis.Mirror.v1.TimelineResource.AttachmentsResource.ListRequest.ItemId">
            <summary>The ID of the timeline item whose attachments should be listed.</summary>
        </member>
        <member name="T:Google.Apis.Mirror.v1.TimelineResource.OrderBy">
            <summary>Controls the order in which timeline items are returned.</summary>
        </member>
        <member name="F:Google.Apis.Mirror.v1.TimelineResource.OrderBy.DisplayTime">
            <summary>Results will be ordered by displayTime (default). This is the same ordering as is used in the timeline on the device.</summary>
        </member>
        <member name="F:Google.Apis.Mirror.v1.TimelineResource.OrderBy.WriteTime">
            <summary>Results will be ordered by the time at which they were last written to the data store.</summary>
        </member>
        <member name="P:Google.Apis.Mirror.v1.TimelineResource.DeleteRequest.Alt">
            <summary>Data format for the response.</summary>
        </member>
        <member name="P:Google.Apis.Mirror.v1.TimelineResource.DeleteRequest.Fields">
            <summary>Selector specifying which fields to include in a partial response.</summary>
        </member>
        <member name="P:Google.Apis.Mirror.v1.TimelineResource.DeleteRequest.Oauth_token">
            <summary>OAuth 2.0 token for the current user.</summary>
        </member>
        <member name="P:Google.Apis.Mirror.v1.TimelineResource.DeleteRequest.PrettyPrint">
            <summary>Returns response with indentations and line breaks.</summary>
        </member>
        <member name="P:Google.Apis.Mirror.v1.TimelineResource.DeleteRequest.QuotaUser">
            <summary>Available to use for quota purposes for server-side applications. Can be any arbitrary string assigned to a user, but should not exceed 40 characters. Overrides userIp if both are provided.</summary>
        </member>
        <member name="P:Google.Apis.Mirror.v1.TimelineResource.DeleteRequest.UserIp">
            <summary>IP address of the site where the request originates. Use this if you want to enforce per-user limits.</summary>
        </member>
        <member name="P:Google.Apis.Mirror.v1.TimelineResource.DeleteRequest.Id">
            <summary>The ID of the timeline item.</summary>
        </member>
        <member name="P:Google.Apis.Mirror.v1.TimelineResource.GetRequest.Alt">
            <summary>Data format for the response.</summary>
        </member>
        <member name="P:Google.Apis.Mirror.v1.TimelineResource.GetRequest.Fields">
            <summary>Selector specifying which fields to include in a partial response.</summary>
        </member>
        <member name="P:Google.Apis.Mirror.v1.TimelineResource.GetRequest.Oauth_token">
            <summary>OAuth 2.0 token for the current user.</summary>
        </member>
        <member name="P:Google.Apis.Mirror.v1.TimelineResource.GetRequest.PrettyPrint">
            <summary>Returns response with indentations and line breaks.</summary>
        </member>
        <member name="P:Google.Apis.Mirror.v1.TimelineResource.GetRequest.QuotaUser">
            <summary>Available to use for quota purposes for server-side applications. Can be any arbitrary string assigned to a user, but should not exceed 40 characters. Overrides userIp if both are provided.</summary>
        </member>
        <member name="P:Google.Apis.Mirror.v1.TimelineResource.GetRequest.UserIp">
            <summary>IP address of the site where the request originates. Use this if you want to enforce per-user limits.</summary>
        </member>
        <member name="P:Google.Apis.Mirror.v1.TimelineResource.GetRequest.Id">
            <summary>The ID of the timeline item.</summary>
        </member>
        <member name="P:Google.Apis.Mirror.v1.TimelineResource.InsertRequest.Alt">
            <summary>Data format for the response.</summary>
        </member>
        <member name="P:Google.Apis.Mirror.v1.TimelineResource.InsertRequest.Fields">
            <summary>Selector specifying which fields to include in a partial response.</summary>
        </member>
        <member name="P:Google.Apis.Mirror.v1.TimelineResource.InsertRequest.Oauth_token">
            <summary>OAuth 2.0 token for the current user.</summary>
        </member>
        <member name="P:Google.Apis.Mirror.v1.TimelineResource.InsertRequest.PrettyPrint">
            <summary>Returns response with indentations and line breaks.</summary>
        </member>
        <member name="P:Google.Apis.Mirror.v1.TimelineResource.InsertRequest.QuotaUser">
            <summary>Available to use for quota purposes for server-side applications. Can be any arbitrary string assigned to a user, but should not exceed 40 characters. Overrides userIp if both are provided.</summary>
        </member>
        <member name="P:Google.Apis.Mirror.v1.TimelineResource.InsertRequest.UserIp">
            <summary>IP address of the site where the request originates. Use this if you want to enforce per-user limits.</summary>
        </member>
        <member name="P:Google.Apis.Mirror.v1.TimelineResource.InsertRequest.Body">
            <summary>Gets/Sets the Body of this Request.</summary>
        </member>
        <member name="P:Google.Apis.Mirror.v1.TimelineResource.InsertMediaUpload.Alt">
            <summary>Data format for the response.</summary>
        </member>
        <member name="P:Google.Apis.Mirror.v1.TimelineResource.InsertMediaUpload.Fields">
            <summary>Selector specifying which fields to include in a partial response.</summary>
        </member>
        <member name="P:Google.Apis.Mirror.v1.TimelineResource.InsertMediaUpload.Oauth_token">
            <summary>OAuth 2.0 token for the current user.</summary>
        </member>
        <member name="P:Google.Apis.Mirror.v1.TimelineResource.InsertMediaUpload.PrettyPrint">
            <summary>Returns response with indentations and line breaks.</summary>
        </member>
        <member name="P:Google.Apis.Mirror.v1.TimelineResource.InsertMediaUpload.QuotaUser">
            <summary>Available to use for quota purposes for server-side applications. Can be any arbitrary string assigned to a user, but should not exceed 40 characters. Overrides userIp if both are provided.</summary>
        </member>
        <member name="P:Google.Apis.Mirror.v1.TimelineResource.InsertMediaUpload.UserIp">
            <summary>IP address of the site where the request originates. Use this if you want to enforce per-user limits.</summary>
        </member>
        <member name="P:Google.Apis.Mirror.v1.TimelineResource.ListRequest.Alt">
            <summary>Data format for the response.</summary>
        </member>
        <member name="P:Google.Apis.Mirror.v1.TimelineResource.ListRequest.Fields">
            <summary>Selector specifying which fields to include in a partial response.</summary>
        </member>
        <member name="P:Google.Apis.Mirror.v1.TimelineResource.ListRequest.Oauth_token">
            <summary>OAuth 2.0 token for the current user.</summary>
        </member>
        <member name="P:Google.Apis.Mirror.v1.TimelineResource.ListRequest.PrettyPrint">
            <summary>Returns response with indentations and line breaks.</summary>
        </member>
        <member name="P:Google.Apis.Mirror.v1.TimelineResource.ListRequest.QuotaUser">
            <summary>Available to use for quota purposes for server-side applications. Can be any arbitrary string assigned to a user, but should not exceed 40 characters. Overrides userIp if both are provided.</summary>
        </member>
        <member name="P:Google.Apis.Mirror.v1.TimelineResource.ListRequest.UserIp">
            <summary>IP address of the site where the request originates. Use this if you want to enforce per-user limits.</summary>
        </member>
        <member name="P:Google.Apis.Mirror.v1.TimelineResource.ListRequest.BundleId">
            <summary>If provided, only items with the given bundleId will be returned.</summary>
        </member>
        <member name="P:Google.Apis.Mirror.v1.TimelineResource.ListRequest.IncludeDeleted">
            <summary>If true, tombstone records for deleted items will be returned.</summary>
        </member>
        <member name="P:Google.Apis.Mirror.v1.TimelineResource.ListRequest.MaxResults">
            <summary>The maximum number of items to include in the response, used for paging.</summary>
        </member>
        <member name="P:Google.Apis.Mirror.v1.TimelineResource.ListRequest.OrderBy">
            <summary>Controls the order in which timeline items are returned.</summary>
        </member>
        <member name="P:Google.Apis.Mirror.v1.TimelineResource.ListRequest.PageToken">
            <summary>Token for the page of results to return.</summary>
        </member>
        <member name="P:Google.Apis.Mirror.v1.TimelineResource.ListRequest.PinnedOnly">
            <summary>If true, only pinned items will be returned.</summary>
        </member>
        <member name="P:Google.Apis.Mirror.v1.TimelineResource.ListRequest.SourceItemId">
            <summary>If provided, only items with the given sourceItemId will be returned.</summary>
        </member>
        <member name="P:Google.Apis.Mirror.v1.TimelineResource.PatchRequest.Alt">
            <summary>Data format for the response.</summary>
        </member>
        <member name="P:Google.Apis.Mirror.v1.TimelineResource.PatchRequest.Fields">
            <summary>Selector specifying which fields to include in a partial response.</summary>
        </member>
        <member name="P:Google.Apis.Mirror.v1.TimelineResource.PatchRequest.Oauth_token">
            <summary>OAuth 2.0 token for the current user.</summary>
        </member>
        <member name="P:Google.Apis.Mirror.v1.TimelineResource.PatchRequest.PrettyPrint">
            <summary>Returns response with indentations and line breaks.</summary>
        </member>
        <member name="P:Google.Apis.Mirror.v1.TimelineResource.PatchRequest.QuotaUser">
            <summary>Available to use for quota purposes for server-side applications. Can be any arbitrary string assigned to a user, but should not exceed 40 characters. Overrides userIp if both are provided.</summary>
        </member>
        <member name="P:Google.Apis.Mirror.v1.TimelineResource.PatchRequest.UserIp">
            <summary>IP address of the site where the request originates. Use this if you want to enforce per-user limits.</summary>
        </member>
        <member name="P:Google.Apis.Mirror.v1.TimelineResource.PatchRequest.Id">
            <summary>The ID of the timeline item.</summary>
        </member>
        <member name="P:Google.Apis.Mirror.v1.TimelineResource.PatchRequest.Body">
            <summary>Gets/Sets the Body of this Request.</summary>
        </member>
        <member name="P:Google.Apis.Mirror.v1.TimelineResource.UpdateRequest.Alt">
            <summary>Data format for the response.</summary>
        </member>
        <member name="P:Google.Apis.Mirror.v1.TimelineResource.UpdateRequest.Fields">
            <summary>Selector specifying which fields to include in a partial response.</summary>
        </member>
        <member name="P:Google.Apis.Mirror.v1.TimelineResource.UpdateRequest.Oauth_token">
            <summary>OAuth 2.0 token for the current user.</summary>
        </member>
        <member name="P:Google.Apis.Mirror.v1.TimelineResource.UpdateRequest.PrettyPrint">
            <summary>Returns response with indentations and line breaks.</summary>
        </member>
        <member name="P:Google.Apis.Mirror.v1.TimelineResource.UpdateRequest.QuotaUser">
            <summary>Available to use for quota purposes for server-side applications. Can be any arbitrary string assigned to a user, but should not exceed 40 characters. Overrides userIp if both are provided.</summary>
        </member>
        <member name="P:Google.Apis.Mirror.v1.TimelineResource.UpdateRequest.UserIp">
            <summary>IP address of the site where the request originates. Use this if you want to enforce per-user limits.</summary>
        </member>
        <member name="P:Google.Apis.Mirror.v1.TimelineResource.UpdateRequest.Id">
            <summary>The ID of the timeline item.</summary>
        </member>
        <member name="P:Google.Apis.Mirror.v1.TimelineResource.UpdateRequest.Body">
            <summary>Gets/Sets the Body of this Request.</summary>
        </member>
        <member name="P:Google.Apis.Mirror.v1.TimelineResource.UpdateMediaUpload.Alt">
            <summary>Data format for the response.</summary>
        </member>
        <member name="P:Google.Apis.Mirror.v1.TimelineResource.UpdateMediaUpload.Fields">
            <summary>Selector specifying which fields to include in a partial response.</summary>
        </member>
        <member name="P:Google.Apis.Mirror.v1.TimelineResource.UpdateMediaUpload.Oauth_token">
            <summary>OAuth 2.0 token for the current user.</summary>
        </member>
        <member name="P:Google.Apis.Mirror.v1.TimelineResource.UpdateMediaUpload.PrettyPrint">
            <summary>Returns response with indentations and line breaks.</summary>
        </member>
        <member name="P:Google.Apis.Mirror.v1.TimelineResource.UpdateMediaUpload.QuotaUser">
            <summary>Available to use for quota purposes for server-side applications. Can be any arbitrary string assigned to a user, but should not exceed 40 characters. Overrides userIp if both are provided.</summary>
        </member>
        <member name="P:Google.Apis.Mirror.v1.TimelineResource.UpdateMediaUpload.UserIp">
            <summary>IP address of the site where the request originates. Use this if you want to enforce per-user limits.</summary>
        </member>
        <member name="P:Google.Apis.Mirror.v1.TimelineResource.UpdateMediaUpload.Id">
            <summary>The ID of the timeline item.</summary>
        </member>
    </members>
</doc>
