<?xml version="1.0"?>
<doc>
    <assembly>
        <name>Google.Apis.Sqladmin.v1beta1</name>
    </assembly>
    <members>
        <member name="T:Google.Apis.Sqladmin.v1beta1.Data.BackupConfiguration">
            <summary>Database instance backup configuration.</summary>
        </member>
        <member name="P:Google.Apis.Sqladmin.v1beta1.Data.BackupConfiguration.Enabled">
            <summary>Whether this configuration is enabled.</summary>
        </member>
        <member name="P:Google.Apis.Sqladmin.v1beta1.Data.BackupConfiguration.Id">
            <summary>Identifier for this configuration. This gets generated automatically when a backup configuration is created.</summary>
        </member>
        <member name="P:Google.Apis.Sqladmin.v1beta1.Data.BackupConfiguration.Kind">
            <summary>This is always sql#backupConfiguration.</summary>
        </member>
        <member name="P:Google.Apis.Sqladmin.v1beta1.Data.BackupConfiguration.StartTime">
            <summary>Start time for the daily backup configuration in UTC timezone in the 24 hour format - HH:MM.</summary>
        </member>
        <member name="T:Google.Apis.Sqladmin.v1beta1.Data.BackupRun">
            <summary>A database instance backup run resource.</summary>
        </member>
        <member name="P:Google.Apis.Sqladmin.v1beta1.Data.BackupRun.BackupConfiguration">
            <summary>Backup Configuration identifier.</summary>
        </member>
        <member name="P:Google.Apis.Sqladmin.v1beta1.Data.BackupRun.DueTime">
            <summary>The due time of this run in UTC timezone in RFC 3339 format, for example 2012-11-15T16:19:00.094Z.</summary>
        </member>
        <member name="P:Google.Apis.Sqladmin.v1beta1.Data.BackupRun.EndTime">
            <summary>The time the backup operation completed in UTC timezone in RFC 3339 format, for example 2012-11-15T16:19:00.094Z.</summary>
        </member>
        <member name="P:Google.Apis.Sqladmin.v1beta1.Data.BackupRun.EnqueuedTime">
            <summary>The time the run was enqueued in UTC timezone in RFC 3339 format, for example 2012-11-15T16:19:00.094Z.</summary>
        </member>
        <member name="P:Google.Apis.Sqladmin.v1beta1.Data.BackupRun.Error">
            <summary>Database instance operation error.</summary>
        </member>
        <member name="P:Google.Apis.Sqladmin.v1beta1.Data.BackupRun.Instance">
            <summary>Name of the database instance.</summary>
        </member>
        <member name="P:Google.Apis.Sqladmin.v1beta1.Data.BackupRun.Kind">
            <summary>This is always sql#backupRun.</summary>
        </member>
        <member name="P:Google.Apis.Sqladmin.v1beta1.Data.BackupRun.StartTime">
            <summary>The time the backup operation actually started in UTC timezone in RFC 3339 format, for example 2012-11-15T16:19:00.094Z.</summary>
        </member>
        <member name="P:Google.Apis.Sqladmin.v1beta1.Data.BackupRun.Status">
            <summary>The status of this run.</summary>
        </member>
        <member name="T:Google.Apis.Sqladmin.v1beta1.Data.BackupRunsListResponse">
            <summary>Backup run list results.</summary>
        </member>
        <member name="P:Google.Apis.Sqladmin.v1beta1.Data.BackupRunsListResponse.Items">
            <summary>A list of backup runs in reverse chronological order of the enqueued time.</summary>
        </member>
        <member name="P:Google.Apis.Sqladmin.v1beta1.Data.BackupRunsListResponse.Kind">
            <summary>This is always sql#backupRunsList.</summary>
        </member>
        <member name="P:Google.Apis.Sqladmin.v1beta1.Data.BackupRunsListResponse.NextPageToken">
            <summary>The continuation token, used to page through large result sets. Provide this value in a subsequent request to return the next page of results.</summary>
        </member>
        <member name="T:Google.Apis.Sqladmin.v1beta1.Data.DatabaseInstance">
            <summary>A database instance resource.</summary>
        </member>
        <member name="P:Google.Apis.Sqladmin.v1beta1.Data.DatabaseInstance.CurrentDiskSize">
            <summary>The current disk usage of the instance in bytes.</summary>
        </member>
        <member name="P:Google.Apis.Sqladmin.v1beta1.Data.DatabaseInstance.DatabaseVersion">
            <summary>The database engine type and version, for example MYSQL_5_5 for MySQL 5.5.</summary>
        </member>
        <member name="P:Google.Apis.Sqladmin.v1beta1.Data.DatabaseInstance.ETag">
            <summary>Etag for this resource - a version number for the settings object in this resource. This field has no effect when passed as a request parameter. Instead, the contents of this field should be passed in an &apos;If-Match&apos; http header for use in optimistic locking.</summary>
        </member>
        <member name="P:Google.Apis.Sqladmin.v1beta1.Data.DatabaseInstance.Instance">
            <summary>Name of the database instance. This does not include the project ID.</summary>
        </member>
        <member name="P:Google.Apis.Sqladmin.v1beta1.Data.DatabaseInstance.Kind">
            <summary>This is always sql#instance.</summary>
        </member>
        <member name="P:Google.Apis.Sqladmin.v1beta1.Data.DatabaseInstance.MaxDiskSize">
            <summary>The maximum disk size of the instance in bytes.</summary>
        </member>
        <member name="P:Google.Apis.Sqladmin.v1beta1.Data.DatabaseInstance.Project">
            <summary>The project ID of the project containing the database instance. The Google apps domain is prefixed if applicable. You can find this on the project summary page of the Google APIs Console.</summary>
        </member>
        <member name="P:Google.Apis.Sqladmin.v1beta1.Data.DatabaseInstance.Region">
            <summary>The geographical region. Can be us-east1 or europe-west1. Defaults to us-east1. The region can not be changed after instance creation.</summary>
        </member>
        <member name="P:Google.Apis.Sqladmin.v1beta1.Data.DatabaseInstance.Settings">
            <summary>Database instance settings.</summary>
        </member>
        <member name="P:Google.Apis.Sqladmin.v1beta1.Data.DatabaseInstance.State">
             <summary>The current serving state of the database instance. This can be one of the following.
            RUNNABLE: The instance is running, or is ready to run when accessed.
            SUSPENDED: The instance is not available, for example due to problems with billing.
            PENDING_CREATE: The instance is being created.
            MAINTENANCE: The instance is down for maintenance.
            UNKNOWN_STATE: The state of the instance is unknown.</summary>
        </member>
        <member name="T:Google.Apis.Sqladmin.v1beta1.Data.ExportContext">
            <summary>Database instance export context.</summary>
        </member>
        <member name="P:Google.Apis.Sqladmin.v1beta1.Data.ExportContext.Database">
            <summary>Databases (for example, guestbook) from which the export is made. If unspecified, all databases are exported.</summary>
        </member>
        <member name="P:Google.Apis.Sqladmin.v1beta1.Data.ExportContext.Kind">
            <summary>This is always sql#exportContext.</summary>
        </member>
        <member name="P:Google.Apis.Sqladmin.v1beta1.Data.ExportContext.Table">
            <summary>Tables to export, or that were exported, from the specified database. If you specify tables, specify one and only one database.</summary>
        </member>
        <member name="P:Google.Apis.Sqladmin.v1beta1.Data.ExportContext.Uri">
            <summary>The path to the file in Google Cloud Storage where the export will be stored, or where it was already stored. The URI is in the form gs://bucketName/fileName. If the file already exists, the operation fails. If the filename ends with .gz, the contents are compressed.</summary>
        </member>
        <member name="T:Google.Apis.Sqladmin.v1beta1.Data.ImportContext">
            <summary>Database instance import context.</summary>
        </member>
        <member name="P:Google.Apis.Sqladmin.v1beta1.Data.ImportContext.Database">
            <summary>The database (for example, guestbook) to which the import is made. If not set, it is assumed that the database is specified in the file to be imported.</summary>
        </member>
        <member name="P:Google.Apis.Sqladmin.v1beta1.Data.ImportContext.Kind">
            <summary>This is always sql#importContext.</summary>
        </member>
        <member name="P:Google.Apis.Sqladmin.v1beta1.Data.ImportContext.Uri">
            <summary>A path to the MySQL dump file in Google Cloud Storage from which the import is made. The URI is in the form gs://bucketName/fileName. Compressed gzip files (.gz) are also supported.</summary>
        </member>
        <member name="T:Google.Apis.Sqladmin.v1beta1.Data.InstanceOperation">
            <summary>An Operations resource contains information about database instance operations such as create, delete, and restart. Operations resources are created in response to operations that were initiated; you never create them directly.</summary>
        </member>
        <member name="P:Google.Apis.Sqladmin.v1beta1.Data.InstanceOperation.EndTime">
            <summary>The time this operation finished in UTC timezone in RFC 3339 format, for example 2012-11-15T16:19:00.094Z.</summary>
        </member>
        <member name="P:Google.Apis.Sqladmin.v1beta1.Data.InstanceOperation.EnqueuedTime">
            <summary>The time this operation was enqueued in UTC timezone in RFC 3339 format, for example 2012-11-15T16:19:00.094Z.</summary>
        </member>
        <member name="P:Google.Apis.Sqladmin.v1beta1.Data.InstanceOperation.Error">
            <summary>The error(s) encountered by this operation. Only set if the operation results in an error.</summary>
        </member>
        <member name="P:Google.Apis.Sqladmin.v1beta1.Data.InstanceOperation.ExportContext">
            <summary>Database instance export context.</summary>
        </member>
        <member name="P:Google.Apis.Sqladmin.v1beta1.Data.InstanceOperation.ImportContext">
            <summary>Database instance import context.</summary>
        </member>
        <member name="P:Google.Apis.Sqladmin.v1beta1.Data.InstanceOperation.Instance">
            <summary>Name of the database instance.</summary>
        </member>
        <member name="P:Google.Apis.Sqladmin.v1beta1.Data.InstanceOperation.Kind">
            <summary>This is always sql#instanceOperation.</summary>
        </member>
        <member name="P:Google.Apis.Sqladmin.v1beta1.Data.InstanceOperation.Operation">
            <summary>An identifier that uniquely identifies the operation. You can use this identifier to retrieve the Operations resource that has information about the operation.</summary>
        </member>
        <member name="P:Google.Apis.Sqladmin.v1beta1.Data.InstanceOperation.OperationType">
            <summary>The type of the operation. Valid values are CREATE, DELETE, UPDATE, RESTART, IMPORT, EXPORT, BACKUP_VOLUME, RESTORE_VOLUME.</summary>
        </member>
        <member name="P:Google.Apis.Sqladmin.v1beta1.Data.InstanceOperation.StartTime">
            <summary>The time this operation actually started in UTC timezone in RFC 3339 format, for example 2012-11-15T16:19:00.094Z.</summary>
        </member>
        <member name="P:Google.Apis.Sqladmin.v1beta1.Data.InstanceOperation.State">
            <summary>The state of an operation. Valid values are PENDING, RUNNING, DONE, UNKNOWN.</summary>
        </member>
        <member name="P:Google.Apis.Sqladmin.v1beta1.Data.InstanceOperation.UserEmailAddress">
            <summary>The email address of the user who initiated this operation.</summary>
        </member>
        <member name="T:Google.Apis.Sqladmin.v1beta1.Data.InstancesDeleteResponse">
            <summary>Database instance delete response.</summary>
        </member>
        <member name="P:Google.Apis.Sqladmin.v1beta1.Data.InstancesDeleteResponse.Kind">
            <summary>This is always sql#instancesDelete.</summary>
        </member>
        <member name="P:Google.Apis.Sqladmin.v1beta1.Data.InstancesDeleteResponse.Operation">
            <summary>An identifier that uniquely identifies the operation. You can use this identifier to retrieve the Operations resource that has information about the operation.</summary>
        </member>
        <member name="T:Google.Apis.Sqladmin.v1beta1.Data.InstancesExportRequest">
            <summary>Database instance export request.</summary>
        </member>
        <member name="P:Google.Apis.Sqladmin.v1beta1.Data.InstancesExportRequest.ExportContext">
            <summary>Database instance export context.</summary>
        </member>
        <member name="T:Google.Apis.Sqladmin.v1beta1.Data.InstancesExportResponse">
            <summary>Database instance export response.</summary>
        </member>
        <member name="P:Google.Apis.Sqladmin.v1beta1.Data.InstancesExportResponse.Kind">
            <summary>This is always sql#instancesExport.</summary>
        </member>
        <member name="P:Google.Apis.Sqladmin.v1beta1.Data.InstancesExportResponse.Operation">
            <summary>An identifier that uniquely identifies the operation. You can use this identifier to retrieve the Operations resource that has information about the operation.</summary>
        </member>
        <member name="T:Google.Apis.Sqladmin.v1beta1.Data.InstancesImportRequest">
            <summary>Database instance import request.</summary>
        </member>
        <member name="P:Google.Apis.Sqladmin.v1beta1.Data.InstancesImportRequest.ImportContext">
            <summary>Database instance import context.</summary>
        </member>
        <member name="T:Google.Apis.Sqladmin.v1beta1.Data.InstancesImportResponse">
            <summary>Database instance import response.</summary>
        </member>
        <member name="P:Google.Apis.Sqladmin.v1beta1.Data.InstancesImportResponse.Kind">
            <summary>This is always sql#instancesImport.</summary>
        </member>
        <member name="P:Google.Apis.Sqladmin.v1beta1.Data.InstancesImportResponse.Operation">
            <summary>An identifier that uniquely identifies the operation. You can use this identifier to retrieve the Operations resource that has information about the operation.</summary>
        </member>
        <member name="T:Google.Apis.Sqladmin.v1beta1.Data.InstancesInsertResponse">
            <summary>Database instance insert response.</summary>
        </member>
        <member name="P:Google.Apis.Sqladmin.v1beta1.Data.InstancesInsertResponse.Kind">
            <summary>This is always sql#instancesInsert.</summary>
        </member>
        <member name="P:Google.Apis.Sqladmin.v1beta1.Data.InstancesInsertResponse.Operation">
            <summary>An identifier that uniquely identifies the operation. You can use this identifier to retrieve the Operations resource that has information about the operation.</summary>
        </member>
        <member name="T:Google.Apis.Sqladmin.v1beta1.Data.InstancesListResponse">
            <summary>Database instances list response.</summary>
        </member>
        <member name="P:Google.Apis.Sqladmin.v1beta1.Data.InstancesListResponse.Items">
            <summary>List of database instance resources.</summary>
        </member>
        <member name="P:Google.Apis.Sqladmin.v1beta1.Data.InstancesListResponse.Kind">
            <summary>This is always sql#instancesList.</summary>
        </member>
        <member name="P:Google.Apis.Sqladmin.v1beta1.Data.InstancesListResponse.NextPageToken">
            <summary>The continuation token, used to page through large result sets. Provide this value in a subsequent request to return the next page of results.</summary>
        </member>
        <member name="T:Google.Apis.Sqladmin.v1beta1.Data.InstancesRestartResponse">
            <summary>Database instance restart response.</summary>
        </member>
        <member name="P:Google.Apis.Sqladmin.v1beta1.Data.InstancesRestartResponse.Kind">
            <summary>This is always sql#instancesRestart.</summary>
        </member>
        <member name="P:Google.Apis.Sqladmin.v1beta1.Data.InstancesRestartResponse.Operation">
            <summary>An identifier that uniquely identifies the operation. You can use this identifier to retrieve the Operations resource that has information about the operation.</summary>
        </member>
        <member name="T:Google.Apis.Sqladmin.v1beta1.Data.InstancesRestoreBackupResponse">
            <summary>Database instance restore backup response.</summary>
        </member>
        <member name="P:Google.Apis.Sqladmin.v1beta1.Data.InstancesRestoreBackupResponse.Kind">
            <summary>This is always sql#instancesRestoreBackup.</summary>
        </member>
        <member name="P:Google.Apis.Sqladmin.v1beta1.Data.InstancesRestoreBackupResponse.Operation">
            <summary>An identifier that uniquely identifies the operation. You can use this identifier to retrieve the Operations resource that has information about the operation.</summary>
        </member>
        <member name="T:Google.Apis.Sqladmin.v1beta1.Data.InstancesUpdateResponse">
            <summary>Database instance update response.</summary>
        </member>
        <member name="P:Google.Apis.Sqladmin.v1beta1.Data.InstancesUpdateResponse.Kind">
            <summary>This is always sql#instancesUpdate.</summary>
        </member>
        <member name="P:Google.Apis.Sqladmin.v1beta1.Data.InstancesUpdateResponse.Operation">
            <summary>An identifier that uniquely identifies the operation. You can use this identifier to retrieve information about the operation.</summary>
        </member>
        <member name="T:Google.Apis.Sqladmin.v1beta1.Data.OperationError">
            <summary>Database instance operation error.</summary>
        </member>
        <member name="P:Google.Apis.Sqladmin.v1beta1.Data.OperationError.Code">
            <summary>Identifies the specific error that occurred.</summary>
        </member>
        <member name="P:Google.Apis.Sqladmin.v1beta1.Data.OperationError.Kind">
            <summary>This is always sql#operationError.</summary>
        </member>
        <member name="T:Google.Apis.Sqladmin.v1beta1.Data.OperationsListResponse">
            <summary>Database instance list operations response.</summary>
        </member>
        <member name="P:Google.Apis.Sqladmin.v1beta1.Data.OperationsListResponse.Items">
            <summary>List of operation resources.</summary>
        </member>
        <member name="P:Google.Apis.Sqladmin.v1beta1.Data.OperationsListResponse.Kind">
            <summary>This is always sql#operationsList.</summary>
        </member>
        <member name="P:Google.Apis.Sqladmin.v1beta1.Data.OperationsListResponse.NextPageToken">
            <summary>The continuation token, used to page through large result sets. Provide this value in a subsequent request to return the next page of results.</summary>
        </member>
        <member name="T:Google.Apis.Sqladmin.v1beta1.Data.Settings">
            <summary>Database instance settings.</summary>
        </member>
        <member name="P:Google.Apis.Sqladmin.v1beta1.Data.Settings.ActivationPolicy">
             <summary>The activation policy for this instance. This specifies when the instance should be activated and is applicable only when the instance state is RUNNABLE. This can be one of the following.
            ALWAYS: The instance should always be active.
            NEVER: The instance should never be activated.
            ON_DEMAND: The instance is activated upon receiving requests.</summary>
        </member>
        <member name="P:Google.Apis.Sqladmin.v1beta1.Data.Settings.AuthorizedGaeApplications">
            <summary>The AppEngine app ids that can access this instance.</summary>
        </member>
        <member name="P:Google.Apis.Sqladmin.v1beta1.Data.Settings.BackupConfiguration">
            <summary>The daily backup configuration for the instance.</summary>
        </member>
        <member name="P:Google.Apis.Sqladmin.v1beta1.Data.Settings.Kind">
            <summary>This is always sql#settings.</summary>
        </member>
        <member name="P:Google.Apis.Sqladmin.v1beta1.Data.Settings.PricingPlan">
            <summary>The pricing plan for this instance. This can be either PER_USE or PACKAGE.</summary>
        </member>
        <member name="P:Google.Apis.Sqladmin.v1beta1.Data.Settings.ReplicationType">
            <summary>The type of replication this instance uses. This can be either ASYNCHRONOUS or SYNCHRONOUS.</summary>
        </member>
        <member name="P:Google.Apis.Sqladmin.v1beta1.Data.Settings.Tier">
            <summary>The tier of service for this instance, for example D1, D2. For more information, see pricing.</summary>
        </member>
        <member name="T:Google.Apis.Sqladmin.v1beta1.Data.Tier">
            <summary>A Google Cloud SQL service tier resource.</summary>
        </member>
        <member name="P:Google.Apis.Sqladmin.v1beta1.Data.Tier.DiskQuota">
            <summary>The maximum disk size of this tier in bytes.</summary>
        </member>
        <member name="P:Google.Apis.Sqladmin.v1beta1.Data.Tier.RAM">
            <summary>The maximum RAM usage of this tier in bytes.</summary>
        </member>
        <member name="P:Google.Apis.Sqladmin.v1beta1.Data.Tier.Kind">
            <summary>This is always sql#tier.</summary>
        </member>
        <member name="P:Google.Apis.Sqladmin.v1beta1.Data.Tier.Region">
            <summary>The applicable regions for this tier. Can be us-east1 and europe-west1.</summary>
        </member>
        <member name="P:Google.Apis.Sqladmin.v1beta1.Data.Tier.TierValue">
            <summary>An identifier for the service tier, for example D1, D2 etc. For related information, see Pricing.</summary>
        </member>
        <member name="T:Google.Apis.Sqladmin.v1beta1.Data.TiersListResponse">
            <summary>Tiers list response.</summary>
        </member>
        <member name="P:Google.Apis.Sqladmin.v1beta1.Data.TiersListResponse.Items">
            <summary>List of tiers.</summary>
        </member>
        <member name="P:Google.Apis.Sqladmin.v1beta1.Data.TiersListResponse.Kind">
            <summary>This is always sql#tiersList.</summary>
        </member>
        <member name="T:Google.Apis.Sqladmin.v1beta1.SQLAdminService.Scopes">
            <summary>A list of all OAuth2.0 scopes. Each of these scopes relates to a permission or group of permissions that different methods of this API may need.</summary>
        </member>
        <member name="F:Google.Apis.Sqladmin.v1beta1.SQLAdminService.Scopes.CloudPlatform">
            <summary>MESSAGE UNDER CONSTRUCTION View and manage your data across Google Cloud Platform services</summary>
        </member>
        <member name="F:Google.Apis.Sqladmin.v1beta1.SQLAdminService.Scopes.SqlserviceAdmin">
            <summary>Manage your Google SQL Service instances</summary>
        </member>
        <member name="M:Google.Apis.Sqladmin.v1beta1.BackupRunsResource.Get(System.String,System.String,System.String,System.String)">
            <summary>Retrieves a resource containing information about a backup run.</summary>
            <param name="project">Required - Project ID of the project that contains the instance. You can find this on the project summary page of the Google APIs Console.</param>
            <param name="instance">Required - Database instance ID. This does not include the project ID.</param>
            <param name="backupConfiguration">Required - Identifier for the backup configuration. This gets generated automatically when a backup configuration is created.</param>
            <param name="dueTime">Required - The time when this run is due to start in RFC 3339 format, for example 2012-11-15T16:19:00.094Z.</param>
        </member>
        <member name="M:Google.Apis.Sqladmin.v1beta1.BackupRunsResource.List(System.String,System.String,System.String)">
            <summary>Lists all backup runs associated with a given instance and configuration in the reverse chronological order of the enqueued time.</summary>
            <param name="project">Required - Project ID of the project that contains the instance. You can find this on the project summary page of the Google APIs Console.</param>
            <param name="instance">Required - Database instance ID. This does not include the project ID.</param>
            <param name="backupConfiguration">Required - Identifier for the backup configuration. This gets generated automatically when a backup configuration is created.</param>
        </member>
        <member name="P:Google.Apis.Sqladmin.v1beta1.BackupRunsResource.GetRequest.Alt">
            <summary>Data format for the response.</summary>
        </member>
        <member name="P:Google.Apis.Sqladmin.v1beta1.BackupRunsResource.GetRequest.Fields">
            <summary>Selector specifying which fields to include in a partial response.</summary>
        </member>
        <member name="P:Google.Apis.Sqladmin.v1beta1.BackupRunsResource.GetRequest.Oauth_token">
            <summary>OAuth 2.0 token for the current user.</summary>
        </member>
        <member name="P:Google.Apis.Sqladmin.v1beta1.BackupRunsResource.GetRequest.PrettyPrint">
            <summary>Returns response with indentations and line breaks.</summary>
        </member>
        <member name="P:Google.Apis.Sqladmin.v1beta1.BackupRunsResource.GetRequest.QuotaUser">
            <summary>Available to use for quota purposes for server-side applications. Can be any arbitrary string assigned to a user, but should not exceed 40 characters. Overrides userIp if both are provided.</summary>
        </member>
        <member name="P:Google.Apis.Sqladmin.v1beta1.BackupRunsResource.GetRequest.UserIp">
            <summary>IP address of the site where the request originates. Use this if you want to enforce per-user limits.</summary>
        </member>
        <member name="P:Google.Apis.Sqladmin.v1beta1.BackupRunsResource.GetRequest.BackupConfiguration">
            <summary>Identifier for the backup configuration. This gets generated automatically when a backup configuration is created.</summary>
        </member>
        <member name="P:Google.Apis.Sqladmin.v1beta1.BackupRunsResource.GetRequest.DueTime">
            <summary>The time when this run is due to start in RFC 3339 format, for example 2012-11-15T16:19:00.094Z.</summary>
        </member>
        <member name="P:Google.Apis.Sqladmin.v1beta1.BackupRunsResource.GetRequest.Instance">
            <summary>Database instance ID. This does not include the project ID.</summary>
        </member>
        <member name="P:Google.Apis.Sqladmin.v1beta1.BackupRunsResource.GetRequest.Project">
            <summary>Project ID of the project that contains the instance. You can find this on the project summary page of the Google APIs Console.</summary>
        </member>
        <member name="P:Google.Apis.Sqladmin.v1beta1.BackupRunsResource.ListRequest.Alt">
            <summary>Data format for the response.</summary>
        </member>
        <member name="P:Google.Apis.Sqladmin.v1beta1.BackupRunsResource.ListRequest.Fields">
            <summary>Selector specifying which fields to include in a partial response.</summary>
        </member>
        <member name="P:Google.Apis.Sqladmin.v1beta1.BackupRunsResource.ListRequest.Oauth_token">
            <summary>OAuth 2.0 token for the current user.</summary>
        </member>
        <member name="P:Google.Apis.Sqladmin.v1beta1.BackupRunsResource.ListRequest.PrettyPrint">
            <summary>Returns response with indentations and line breaks.</summary>
        </member>
        <member name="P:Google.Apis.Sqladmin.v1beta1.BackupRunsResource.ListRequest.QuotaUser">
            <summary>Available to use for quota purposes for server-side applications. Can be any arbitrary string assigned to a user, but should not exceed 40 characters. Overrides userIp if both are provided.</summary>
        </member>
        <member name="P:Google.Apis.Sqladmin.v1beta1.BackupRunsResource.ListRequest.UserIp">
            <summary>IP address of the site where the request originates. Use this if you want to enforce per-user limits.</summary>
        </member>
        <member name="P:Google.Apis.Sqladmin.v1beta1.BackupRunsResource.ListRequest.BackupConfiguration">
            <summary>Identifier for the backup configuration. This gets generated automatically when a backup configuration is created.</summary>
        </member>
        <member name="P:Google.Apis.Sqladmin.v1beta1.BackupRunsResource.ListRequest.Instance">
            <summary>Database instance ID. This does not include the project ID.</summary>
        </member>
        <member name="P:Google.Apis.Sqladmin.v1beta1.BackupRunsResource.ListRequest.MaxResults">
            <summary>Maximum number of backup runs per response.</summary>
        </member>
        <member name="P:Google.Apis.Sqladmin.v1beta1.BackupRunsResource.ListRequest.PageToken">
            <summary>A previously-returned page token representing part of the larger set of results to view.</summary>
        </member>
        <member name="P:Google.Apis.Sqladmin.v1beta1.BackupRunsResource.ListRequest.Project">
            <summary>Project ID of the project that contains the instance. You can find this on the project summary page of the Google APIs Console.</summary>
        </member>
        <member name="M:Google.Apis.Sqladmin.v1beta1.InstancesResource.Delete(System.String,System.String)">
            <summary>Deletes a database instance.</summary>
            <param name="project">Required - Project ID of the project that contains the instance to be deleted. You can find this on the project summary page of the Google APIs Console.</param>
            <param name="instance">Required - Database instance ID. This does not include the project ID.</param>
        </member>
        <member name="M:Google.Apis.Sqladmin.v1beta1.InstancesResource.Export(Google.Apis.Sqladmin.v1beta1.Data.InstancesExportRequest,System.String,System.String)">
            <summary>Exports data from a database instance to a Google Cloud Storage bucket as a MySQL dump file.</summary>
            <param name="project">Required - Project ID of the project that contains the instance to be exported. You can find this on the project summary page of the Google APIs Console.</param>
            <param name="instance">Required - Database instance ID. This does not include the project ID.</param>
        </member>
        <member name="M:Google.Apis.Sqladmin.v1beta1.InstancesResource.Get(System.String,System.String)">
            <summary>Retrieves a resource containing information about a database instance.</summary>
            <param name="project">Required - Project ID of the project that contains the instance. You can find this on the project summary page of the Google APIs Console.</param>
            <param name="instance">Required - Database instance ID. This does not include the project ID.</param>
        </member>
        <member name="M:Google.Apis.Sqladmin.v1beta1.InstancesResource.Import(Google.Apis.Sqladmin.v1beta1.Data.InstancesImportRequest,System.String,System.String)">
            <summary>Imports data into a database instance from a MySQL dump file in Google Cloud Storage.</summary>
            <param name="project">Required - Project ID of the project that contains the instance. You can find this on the project summary page of the Google APIs Console.</param>
            <param name="instance">Required - Database instance ID. This does not include the project ID.</param>
        </member>
        <member name="M:Google.Apis.Sqladmin.v1beta1.InstancesResource.Insert(Google.Apis.Sqladmin.v1beta1.Data.DatabaseInstance,System.String)">
            <summary>Creates a new database instance.</summary>
            <param name="project">Required - Project ID of the project to which the newly created database instances should belong. You can find this on the project summary page of the Google APIs Console.</param>
        </member>
        <member name="M:Google.Apis.Sqladmin.v1beta1.InstancesResource.List(System.String)">
            <summary>Lists instances under a given project in the alphabetical order of the instance name.</summary>
            <param name="project">Required - Project ID of the project for which to list database instances. You can find this on the project summary page of the Google APIs Console.</param>
        </member>
        <member name="M:Google.Apis.Sqladmin.v1beta1.InstancesResource.Patch(Google.Apis.Sqladmin.v1beta1.Data.DatabaseInstance,System.String,System.String)">
            <summary>Updates settings of a database instance. Caution: This is not a partial update, so you must include values for all the settings that you want to retain. For partial updates, use patch.. This method supports patch semantics.</summary>
            <param name="project">Required - Project ID of the project that contains the instance. You can find this on the project summary page of the Google APIs Console.</param>
            <param name="instance">Required - Database instance ID. This does not include the project ID.</param>
        </member>
        <member name="M:Google.Apis.Sqladmin.v1beta1.InstancesResource.Restart(System.String,System.String)">
            <summary>Restarts a database instance.</summary>
            <param name="project">Required - Project ID of the project that contains the instance to be restarted. You can find this on the project summary page of the Google APIs Console.</param>
            <param name="instance">Required - Database instance ID. This does not include the project ID.</param>
        </member>
        <member name="M:Google.Apis.Sqladmin.v1beta1.InstancesResource.RestoreBackup(System.String,System.String,System.String,System.String)">
            <summary>Restores a backup of a database instance.</summary>
            <param name="project">Required - Project ID of the project that contains the instance. You can find this on the project summary page of the Google APIs Console.</param>
            <param name="instance">Required - Database instance ID. This does not include the project ID.</param>
            <param name="backupConfiguration">Required - The identifier of the backup configuration. This gets generated automatically when a backup configuration is created.</param>
            <param name="dueTime">Required - The time when this run is due to start in RFC 3339 format, for example 2012-11-15T16:19:00.094Z.</param>
        </member>
        <member name="M:Google.Apis.Sqladmin.v1beta1.InstancesResource.Update(Google.Apis.Sqladmin.v1beta1.Data.DatabaseInstance,System.String,System.String)">
            <summary>Updates settings of a database instance. Caution: This is not a partial update, so you must include values for all the settings that you want to retain. For partial updates, use patch.</summary>
            <param name="project">Required - Project ID of the project that contains the instance. You can find this on the project summary page of the Google APIs Console.</param>
            <param name="instance">Required - Database instance ID. This does not include the project ID.</param>
        </member>
        <member name="P:Google.Apis.Sqladmin.v1beta1.InstancesResource.DeleteRequest.Alt">
            <summary>Data format for the response.</summary>
        </member>
        <member name="P:Google.Apis.Sqladmin.v1beta1.InstancesResource.DeleteRequest.Fields">
            <summary>Selector specifying which fields to include in a partial response.</summary>
        </member>
        <member name="P:Google.Apis.Sqladmin.v1beta1.InstancesResource.DeleteRequest.Oauth_token">
            <summary>OAuth 2.0 token for the current user.</summary>
        </member>
        <member name="P:Google.Apis.Sqladmin.v1beta1.InstancesResource.DeleteRequest.PrettyPrint">
            <summary>Returns response with indentations and line breaks.</summary>
        </member>
        <member name="P:Google.Apis.Sqladmin.v1beta1.InstancesResource.DeleteRequest.QuotaUser">
            <summary>Available to use for quota purposes for server-side applications. Can be any arbitrary string assigned to a user, but should not exceed 40 characters. Overrides userIp if both are provided.</summary>
        </member>
        <member name="P:Google.Apis.Sqladmin.v1beta1.InstancesResource.DeleteRequest.UserIp">
            <summary>IP address of the site where the request originates. Use this if you want to enforce per-user limits.</summary>
        </member>
        <member name="P:Google.Apis.Sqladmin.v1beta1.InstancesResource.DeleteRequest.Instance">
            <summary>Database instance ID. This does not include the project ID.</summary>
        </member>
        <member name="P:Google.Apis.Sqladmin.v1beta1.InstancesResource.DeleteRequest.Project">
            <summary>Project ID of the project that contains the instance to be deleted. You can find this on the project summary page of the Google APIs Console.</summary>
        </member>
        <member name="P:Google.Apis.Sqladmin.v1beta1.InstancesResource.ExportRequest.Alt">
            <summary>Data format for the response.</summary>
        </member>
        <member name="P:Google.Apis.Sqladmin.v1beta1.InstancesResource.ExportRequest.Fields">
            <summary>Selector specifying which fields to include in a partial response.</summary>
        </member>
        <member name="P:Google.Apis.Sqladmin.v1beta1.InstancesResource.ExportRequest.Oauth_token">
            <summary>OAuth 2.0 token for the current user.</summary>
        </member>
        <member name="P:Google.Apis.Sqladmin.v1beta1.InstancesResource.ExportRequest.PrettyPrint">
            <summary>Returns response with indentations and line breaks.</summary>
        </member>
        <member name="P:Google.Apis.Sqladmin.v1beta1.InstancesResource.ExportRequest.QuotaUser">
            <summary>Available to use for quota purposes for server-side applications. Can be any arbitrary string assigned to a user, but should not exceed 40 characters. Overrides userIp if both are provided.</summary>
        </member>
        <member name="P:Google.Apis.Sqladmin.v1beta1.InstancesResource.ExportRequest.UserIp">
            <summary>IP address of the site where the request originates. Use this if you want to enforce per-user limits.</summary>
        </member>
        <member name="P:Google.Apis.Sqladmin.v1beta1.InstancesResource.ExportRequest.Instance">
            <summary>Database instance ID. This does not include the project ID.</summary>
        </member>
        <member name="P:Google.Apis.Sqladmin.v1beta1.InstancesResource.ExportRequest.Project">
            <summary>Project ID of the project that contains the instance to be exported. You can find this on the project summary page of the Google APIs Console.</summary>
        </member>
        <member name="P:Google.Apis.Sqladmin.v1beta1.InstancesResource.ExportRequest.Body">
            <summary>Gets/Sets the Body of this Request.</summary>
        </member>
        <member name="P:Google.Apis.Sqladmin.v1beta1.InstancesResource.GetRequest.Alt">
            <summary>Data format for the response.</summary>
        </member>
        <member name="P:Google.Apis.Sqladmin.v1beta1.InstancesResource.GetRequest.Fields">
            <summary>Selector specifying which fields to include in a partial response.</summary>
        </member>
        <member name="P:Google.Apis.Sqladmin.v1beta1.InstancesResource.GetRequest.Oauth_token">
            <summary>OAuth 2.0 token for the current user.</summary>
        </member>
        <member name="P:Google.Apis.Sqladmin.v1beta1.InstancesResource.GetRequest.PrettyPrint">
            <summary>Returns response with indentations and line breaks.</summary>
        </member>
        <member name="P:Google.Apis.Sqladmin.v1beta1.InstancesResource.GetRequest.QuotaUser">
            <summary>Available to use for quota purposes for server-side applications. Can be any arbitrary string assigned to a user, but should not exceed 40 characters. Overrides userIp if both are provided.</summary>
        </member>
        <member name="P:Google.Apis.Sqladmin.v1beta1.InstancesResource.GetRequest.UserIp">
            <summary>IP address of the site where the request originates. Use this if you want to enforce per-user limits.</summary>
        </member>
        <member name="P:Google.Apis.Sqladmin.v1beta1.InstancesResource.GetRequest.Instance">
            <summary>Database instance ID. This does not include the project ID.</summary>
        </member>
        <member name="P:Google.Apis.Sqladmin.v1beta1.InstancesResource.GetRequest.Project">
            <summary>Project ID of the project that contains the instance. You can find this on the project summary page of the Google APIs Console.</summary>
        </member>
        <member name="P:Google.Apis.Sqladmin.v1beta1.InstancesResource.ImportRequest.Alt">
            <summary>Data format for the response.</summary>
        </member>
        <member name="P:Google.Apis.Sqladmin.v1beta1.InstancesResource.ImportRequest.Fields">
            <summary>Selector specifying which fields to include in a partial response.</summary>
        </member>
        <member name="P:Google.Apis.Sqladmin.v1beta1.InstancesResource.ImportRequest.Oauth_token">
            <summary>OAuth 2.0 token for the current user.</summary>
        </member>
        <member name="P:Google.Apis.Sqladmin.v1beta1.InstancesResource.ImportRequest.PrettyPrint">
            <summary>Returns response with indentations and line breaks.</summary>
        </member>
        <member name="P:Google.Apis.Sqladmin.v1beta1.InstancesResource.ImportRequest.QuotaUser">
            <summary>Available to use for quota purposes for server-side applications. Can be any arbitrary string assigned to a user, but should not exceed 40 characters. Overrides userIp if both are provided.</summary>
        </member>
        <member name="P:Google.Apis.Sqladmin.v1beta1.InstancesResource.ImportRequest.UserIp">
            <summary>IP address of the site where the request originates. Use this if you want to enforce per-user limits.</summary>
        </member>
        <member name="P:Google.Apis.Sqladmin.v1beta1.InstancesResource.ImportRequest.Instance">
            <summary>Database instance ID. This does not include the project ID.</summary>
        </member>
        <member name="P:Google.Apis.Sqladmin.v1beta1.InstancesResource.ImportRequest.Project">
            <summary>Project ID of the project that contains the instance. You can find this on the project summary page of the Google APIs Console.</summary>
        </member>
        <member name="P:Google.Apis.Sqladmin.v1beta1.InstancesResource.ImportRequest.Body">
            <summary>Gets/Sets the Body of this Request.</summary>
        </member>
        <member name="P:Google.Apis.Sqladmin.v1beta1.InstancesResource.InsertRequest.Alt">
            <summary>Data format for the response.</summary>
        </member>
        <member name="P:Google.Apis.Sqladmin.v1beta1.InstancesResource.InsertRequest.Fields">
            <summary>Selector specifying which fields to include in a partial response.</summary>
        </member>
        <member name="P:Google.Apis.Sqladmin.v1beta1.InstancesResource.InsertRequest.Oauth_token">
            <summary>OAuth 2.0 token for the current user.</summary>
        </member>
        <member name="P:Google.Apis.Sqladmin.v1beta1.InstancesResource.InsertRequest.PrettyPrint">
            <summary>Returns response with indentations and line breaks.</summary>
        </member>
        <member name="P:Google.Apis.Sqladmin.v1beta1.InstancesResource.InsertRequest.QuotaUser">
            <summary>Available to use for quota purposes for server-side applications. Can be any arbitrary string assigned to a user, but should not exceed 40 characters. Overrides userIp if both are provided.</summary>
        </member>
        <member name="P:Google.Apis.Sqladmin.v1beta1.InstancesResource.InsertRequest.UserIp">
            <summary>IP address of the site where the request originates. Use this if you want to enforce per-user limits.</summary>
        </member>
        <member name="P:Google.Apis.Sqladmin.v1beta1.InstancesResource.InsertRequest.Project">
            <summary>Project ID of the project to which the newly created database instances should belong. You can find this on the project summary page of the Google APIs Console.</summary>
        </member>
        <member name="P:Google.Apis.Sqladmin.v1beta1.InstancesResource.InsertRequest.Body">
            <summary>Gets/Sets the Body of this Request.</summary>
        </member>
        <member name="P:Google.Apis.Sqladmin.v1beta1.InstancesResource.ListRequest.Alt">
            <summary>Data format for the response.</summary>
        </member>
        <member name="P:Google.Apis.Sqladmin.v1beta1.InstancesResource.ListRequest.Fields">
            <summary>Selector specifying which fields to include in a partial response.</summary>
        </member>
        <member name="P:Google.Apis.Sqladmin.v1beta1.InstancesResource.ListRequest.Oauth_token">
            <summary>OAuth 2.0 token for the current user.</summary>
        </member>
        <member name="P:Google.Apis.Sqladmin.v1beta1.InstancesResource.ListRequest.PrettyPrint">
            <summary>Returns response with indentations and line breaks.</summary>
        </member>
        <member name="P:Google.Apis.Sqladmin.v1beta1.InstancesResource.ListRequest.QuotaUser">
            <summary>Available to use for quota purposes for server-side applications. Can be any arbitrary string assigned to a user, but should not exceed 40 characters. Overrides userIp if both are provided.</summary>
        </member>
        <member name="P:Google.Apis.Sqladmin.v1beta1.InstancesResource.ListRequest.UserIp">
            <summary>IP address of the site where the request originates. Use this if you want to enforce per-user limits.</summary>
        </member>
        <member name="P:Google.Apis.Sqladmin.v1beta1.InstancesResource.ListRequest.MaxResults">
            <summary>The maximum number of results to return per response.</summary>
        </member>
        <member name="P:Google.Apis.Sqladmin.v1beta1.InstancesResource.ListRequest.PageToken">
            <summary>A previously-returned page token representing part of the larger set of results to view.</summary>
        </member>
        <member name="P:Google.Apis.Sqladmin.v1beta1.InstancesResource.ListRequest.Project">
            <summary>Project ID of the project for which to list database instances. You can find this on the project summary page of the Google APIs Console.</summary>
        </member>
        <member name="P:Google.Apis.Sqladmin.v1beta1.InstancesResource.PatchRequest.Alt">
            <summary>Data format for the response.</summary>
        </member>
        <member name="P:Google.Apis.Sqladmin.v1beta1.InstancesResource.PatchRequest.Fields">
            <summary>Selector specifying which fields to include in a partial response.</summary>
        </member>
        <member name="P:Google.Apis.Sqladmin.v1beta1.InstancesResource.PatchRequest.Oauth_token">
            <summary>OAuth 2.0 token for the current user.</summary>
        </member>
        <member name="P:Google.Apis.Sqladmin.v1beta1.InstancesResource.PatchRequest.PrettyPrint">
            <summary>Returns response with indentations and line breaks.</summary>
        </member>
        <member name="P:Google.Apis.Sqladmin.v1beta1.InstancesResource.PatchRequest.QuotaUser">
            <summary>Available to use for quota purposes for server-side applications. Can be any arbitrary string assigned to a user, but should not exceed 40 characters. Overrides userIp if both are provided.</summary>
        </member>
        <member name="P:Google.Apis.Sqladmin.v1beta1.InstancesResource.PatchRequest.UserIp">
            <summary>IP address of the site where the request originates. Use this if you want to enforce per-user limits.</summary>
        </member>
        <member name="P:Google.Apis.Sqladmin.v1beta1.InstancesResource.PatchRequest.Instance">
            <summary>Database instance ID. This does not include the project ID.</summary>
        </member>
        <member name="P:Google.Apis.Sqladmin.v1beta1.InstancesResource.PatchRequest.Project">
            <summary>Project ID of the project that contains the instance. You can find this on the project summary page of the Google APIs Console.</summary>
        </member>
        <member name="P:Google.Apis.Sqladmin.v1beta1.InstancesResource.PatchRequest.Body">
            <summary>Gets/Sets the Body of this Request.</summary>
        </member>
        <member name="P:Google.Apis.Sqladmin.v1beta1.InstancesResource.RestartRequest.Alt">
            <summary>Data format for the response.</summary>
        </member>
        <member name="P:Google.Apis.Sqladmin.v1beta1.InstancesResource.RestartRequest.Fields">
            <summary>Selector specifying which fields to include in a partial response.</summary>
        </member>
        <member name="P:Google.Apis.Sqladmin.v1beta1.InstancesResource.RestartRequest.Oauth_token">
            <summary>OAuth 2.0 token for the current user.</summary>
        </member>
        <member name="P:Google.Apis.Sqladmin.v1beta1.InstancesResource.RestartRequest.PrettyPrint">
            <summary>Returns response with indentations and line breaks.</summary>
        </member>
        <member name="P:Google.Apis.Sqladmin.v1beta1.InstancesResource.RestartRequest.QuotaUser">
            <summary>Available to use for quota purposes for server-side applications. Can be any arbitrary string assigned to a user, but should not exceed 40 characters. Overrides userIp if both are provided.</summary>
        </member>
        <member name="P:Google.Apis.Sqladmin.v1beta1.InstancesResource.RestartRequest.UserIp">
            <summary>IP address of the site where the request originates. Use this if you want to enforce per-user limits.</summary>
        </member>
        <member name="P:Google.Apis.Sqladmin.v1beta1.InstancesResource.RestartRequest.Instance">
            <summary>Database instance ID. This does not include the project ID.</summary>
        </member>
        <member name="P:Google.Apis.Sqladmin.v1beta1.InstancesResource.RestartRequest.Project">
            <summary>Project ID of the project that contains the instance to be restarted. You can find this on the project summary page of the Google APIs Console.</summary>
        </member>
        <member name="P:Google.Apis.Sqladmin.v1beta1.InstancesResource.RestoreBackupRequest.Alt">
            <summary>Data format for the response.</summary>
        </member>
        <member name="P:Google.Apis.Sqladmin.v1beta1.InstancesResource.RestoreBackupRequest.Fields">
            <summary>Selector specifying which fields to include in a partial response.</summary>
        </member>
        <member name="P:Google.Apis.Sqladmin.v1beta1.InstancesResource.RestoreBackupRequest.Oauth_token">
            <summary>OAuth 2.0 token for the current user.</summary>
        </member>
        <member name="P:Google.Apis.Sqladmin.v1beta1.InstancesResource.RestoreBackupRequest.PrettyPrint">
            <summary>Returns response with indentations and line breaks.</summary>
        </member>
        <member name="P:Google.Apis.Sqladmin.v1beta1.InstancesResource.RestoreBackupRequest.QuotaUser">
            <summary>Available to use for quota purposes for server-side applications. Can be any arbitrary string assigned to a user, but should not exceed 40 characters. Overrides userIp if both are provided.</summary>
        </member>
        <member name="P:Google.Apis.Sqladmin.v1beta1.InstancesResource.RestoreBackupRequest.UserIp">
            <summary>IP address of the site where the request originates. Use this if you want to enforce per-user limits.</summary>
        </member>
        <member name="P:Google.Apis.Sqladmin.v1beta1.InstancesResource.RestoreBackupRequest.BackupConfiguration">
            <summary>The identifier of the backup configuration. This gets generated automatically when a backup configuration is created.</summary>
        </member>
        <member name="P:Google.Apis.Sqladmin.v1beta1.InstancesResource.RestoreBackupRequest.DueTime">
            <summary>The time when this run is due to start in RFC 3339 format, for example 2012-11-15T16:19:00.094Z.</summary>
        </member>
        <member name="P:Google.Apis.Sqladmin.v1beta1.InstancesResource.RestoreBackupRequest.Instance">
            <summary>Database instance ID. This does not include the project ID.</summary>
        </member>
        <member name="P:Google.Apis.Sqladmin.v1beta1.InstancesResource.RestoreBackupRequest.Project">
            <summary>Project ID of the project that contains the instance. You can find this on the project summary page of the Google APIs Console.</summary>
        </member>
        <member name="P:Google.Apis.Sqladmin.v1beta1.InstancesResource.UpdateRequest.Alt">
            <summary>Data format for the response.</summary>
        </member>
        <member name="P:Google.Apis.Sqladmin.v1beta1.InstancesResource.UpdateRequest.Fields">
            <summary>Selector specifying which fields to include in a partial response.</summary>
        </member>
        <member name="P:Google.Apis.Sqladmin.v1beta1.InstancesResource.UpdateRequest.Oauth_token">
            <summary>OAuth 2.0 token for the current user.</summary>
        </member>
        <member name="P:Google.Apis.Sqladmin.v1beta1.InstancesResource.UpdateRequest.PrettyPrint">
            <summary>Returns response with indentations and line breaks.</summary>
        </member>
        <member name="P:Google.Apis.Sqladmin.v1beta1.InstancesResource.UpdateRequest.QuotaUser">
            <summary>Available to use for quota purposes for server-side applications. Can be any arbitrary string assigned to a user, but should not exceed 40 characters. Overrides userIp if both are provided.</summary>
        </member>
        <member name="P:Google.Apis.Sqladmin.v1beta1.InstancesResource.UpdateRequest.UserIp">
            <summary>IP address of the site where the request originates. Use this if you want to enforce per-user limits.</summary>
        </member>
        <member name="P:Google.Apis.Sqladmin.v1beta1.InstancesResource.UpdateRequest.Instance">
            <summary>Database instance ID. This does not include the project ID.</summary>
        </member>
        <member name="P:Google.Apis.Sqladmin.v1beta1.InstancesResource.UpdateRequest.Project">
            <summary>Project ID of the project that contains the instance. You can find this on the project summary page of the Google APIs Console.</summary>
        </member>
        <member name="P:Google.Apis.Sqladmin.v1beta1.InstancesResource.UpdateRequest.Body">
            <summary>Gets/Sets the Body of this Request.</summary>
        </member>
        <member name="M:Google.Apis.Sqladmin.v1beta1.OperationsResource.Get(System.String,System.String,System.String)">
            <summary>Retrieves an instance operation that has been performed on an instance.</summary>
            <param name="project">Required - Project ID of the project that contains the instance. You can find this on the project summary page of the Google APIs Console.</param>
            <param name="instance">Required - Database instance ID. This does not include the project ID.</param>
            <param name="operation">Required - Instance operation ID.</param>
        </member>
        <member name="M:Google.Apis.Sqladmin.v1beta1.OperationsResource.List(System.String,System.String)">
            <summary>Lists all instance operations that have been performed on the given database instance in the reverse chronological order of the start time.</summary>
            <param name="project">Required - Project ID of the project that contains the instance. You can find this on the project summary page of the Google APIs Console.</param>
            <param name="instance">Required - Database instance ID. This does not include the project ID.</param>
        </member>
        <member name="P:Google.Apis.Sqladmin.v1beta1.OperationsResource.GetRequest.Alt">
            <summary>Data format for the response.</summary>
        </member>
        <member name="P:Google.Apis.Sqladmin.v1beta1.OperationsResource.GetRequest.Fields">
            <summary>Selector specifying which fields to include in a partial response.</summary>
        </member>
        <member name="P:Google.Apis.Sqladmin.v1beta1.OperationsResource.GetRequest.Oauth_token">
            <summary>OAuth 2.0 token for the current user.</summary>
        </member>
        <member name="P:Google.Apis.Sqladmin.v1beta1.OperationsResource.GetRequest.PrettyPrint">
            <summary>Returns response with indentations and line breaks.</summary>
        </member>
        <member name="P:Google.Apis.Sqladmin.v1beta1.OperationsResource.GetRequest.QuotaUser">
            <summary>Available to use for quota purposes for server-side applications. Can be any arbitrary string assigned to a user, but should not exceed 40 characters. Overrides userIp if both are provided.</summary>
        </member>
        <member name="P:Google.Apis.Sqladmin.v1beta1.OperationsResource.GetRequest.UserIp">
            <summary>IP address of the site where the request originates. Use this if you want to enforce per-user limits.</summary>
        </member>
        <member name="P:Google.Apis.Sqladmin.v1beta1.OperationsResource.GetRequest.Instance">
            <summary>Database instance ID. This does not include the project ID.</summary>
        </member>
        <member name="P:Google.Apis.Sqladmin.v1beta1.OperationsResource.GetRequest.Operation">
            <summary>Instance operation ID.</summary>
        </member>
        <member name="P:Google.Apis.Sqladmin.v1beta1.OperationsResource.GetRequest.Project">
            <summary>Project ID of the project that contains the instance. You can find this on the project summary page of the Google APIs Console.</summary>
        </member>
        <member name="P:Google.Apis.Sqladmin.v1beta1.OperationsResource.ListRequest.Alt">
            <summary>Data format for the response.</summary>
        </member>
        <member name="P:Google.Apis.Sqladmin.v1beta1.OperationsResource.ListRequest.Fields">
            <summary>Selector specifying which fields to include in a partial response.</summary>
        </member>
        <member name="P:Google.Apis.Sqladmin.v1beta1.OperationsResource.ListRequest.Oauth_token">
            <summary>OAuth 2.0 token for the current user.</summary>
        </member>
        <member name="P:Google.Apis.Sqladmin.v1beta1.OperationsResource.ListRequest.PrettyPrint">
            <summary>Returns response with indentations and line breaks.</summary>
        </member>
        <member name="P:Google.Apis.Sqladmin.v1beta1.OperationsResource.ListRequest.QuotaUser">
            <summary>Available to use for quota purposes for server-side applications. Can be any arbitrary string assigned to a user, but should not exceed 40 characters. Overrides userIp if both are provided.</summary>
        </member>
        <member name="P:Google.Apis.Sqladmin.v1beta1.OperationsResource.ListRequest.UserIp">
            <summary>IP address of the site where the request originates. Use this if you want to enforce per-user limits.</summary>
        </member>
        <member name="P:Google.Apis.Sqladmin.v1beta1.OperationsResource.ListRequest.Instance">
            <summary>Database instance ID. This does not include the project ID.</summary>
        </member>
        <member name="P:Google.Apis.Sqladmin.v1beta1.OperationsResource.ListRequest.MaxResults">
            <summary>Maximum number of operations per response.</summary>
        </member>
        <member name="P:Google.Apis.Sqladmin.v1beta1.OperationsResource.ListRequest.PageToken">
            <summary>A previously-returned page token representing part of the larger set of results to view.</summary>
        </member>
        <member name="P:Google.Apis.Sqladmin.v1beta1.OperationsResource.ListRequest.Project">
            <summary>Project ID of the project that contains the instance. You can find this on the project summary page of the Google APIs Console.</summary>
        </member>
        <member name="M:Google.Apis.Sqladmin.v1beta1.TiersResource.List">
            <summary>Lists all available service tiers for Google Cloud SQL, for example D1, D2. For related information, see Pricing.</summary>
        </member>
        <member name="P:Google.Apis.Sqladmin.v1beta1.TiersResource.ListRequest.Alt">
            <summary>Data format for the response.</summary>
        </member>
        <member name="P:Google.Apis.Sqladmin.v1beta1.TiersResource.ListRequest.Fields">
            <summary>Selector specifying which fields to include in a partial response.</summary>
        </member>
        <member name="P:Google.Apis.Sqladmin.v1beta1.TiersResource.ListRequest.Oauth_token">
            <summary>OAuth 2.0 token for the current user.</summary>
        </member>
        <member name="P:Google.Apis.Sqladmin.v1beta1.TiersResource.ListRequest.PrettyPrint">
            <summary>Returns response with indentations and line breaks.</summary>
        </member>
        <member name="P:Google.Apis.Sqladmin.v1beta1.TiersResource.ListRequest.QuotaUser">
            <summary>Available to use for quota purposes for server-side applications. Can be any arbitrary string assigned to a user, but should not exceed 40 characters. Overrides userIp if both are provided.</summary>
        </member>
        <member name="P:Google.Apis.Sqladmin.v1beta1.TiersResource.ListRequest.UserIp">
            <summary>IP address of the site where the request originates. Use this if you want to enforce per-user limits.</summary>
        </member>
    </members>
</doc>
