<?xml version="1.0"?>
<doc>
    <assembly>
        <name>Google.Apis.Freebase.v1sandbox</name>
    </assembly>
    <members>
        <member name="P:Google.Apis.Freebase.v1sandbox.Data.ContentserviceGet.Result">
            <summary>The text requested.</summary>
        </member>
        <member name="M:Google.Apis.Freebase.v1sandbox.FreebaseService.Image(Google.Apis.Util.Repeatable{System.String})">
            <summary>Returns the scaled/cropped image attached to a freebase node.</summary>
            <param name="id">Required - Freebase entity or content id, mid, or guid.</param>
        </member>
        <member name="M:Google.Apis.Freebase.v1sandbox.FreebaseService.Mqlread(System.String)">
            <summary>Performs MQL Queries.</summary>
            <param name="query">Required - An envelope containing a single MQL query.</param>
        </member>
        <member name="M:Google.Apis.Freebase.v1sandbox.FreebaseService.Mqlwrite(System.String)">
            <summary>Performs MQL Write Operations.</summary>
            <param name="query">Required - An MQL query with write directives.</param>
        </member>
        <member name="T:Google.Apis.Freebase.v1sandbox.FreebaseService.Scopes">
            <summary>A list of all OAuth2.0 scopes. Each of these scopes relates to a permission or group of permissions that different methods of this API may need.</summary>
        </member>
        <member name="F:Google.Apis.Freebase.v1sandbox.FreebaseService.Scopes.Freebase">
            <summary>Sign in to Freebase with your account</summary>
        </member>
        <member name="T:Google.Apis.Freebase.v1sandbox.FreebaseService.Mode">
            <summary>Method used to scale or crop image.</summary>
        </member>
        <member name="F:Google.Apis.Freebase.v1sandbox.FreebaseService.Mode.Fill">
            <summary>Fill rectangle completely with image, relax constraint on one dimension if necessary.</summary>
        </member>
        <member name="F:Google.Apis.Freebase.v1sandbox.FreebaseService.Mode.Fillcrop">
            <summary>Fill rectangle with image, crop image to maintain rectangle dimensions.</summary>
        </member>
        <member name="F:Google.Apis.Freebase.v1sandbox.FreebaseService.Mode.Fillcropmid">
            <summary>Fill rectangle with image, center horizontally, crop left and right.</summary>
        </member>
        <member name="F:Google.Apis.Freebase.v1sandbox.FreebaseService.Mode.Fit">
            <summary>Fit image inside rectangle, leave empty space in one dimension if necessary.</summary>
        </member>
        <member name="T:Google.Apis.Freebase.v1sandbox.FreebaseService.Uniqueness_failure">
            <summary>How MQL responds to uniqueness failures.</summary>
        </member>
        <member name="F:Google.Apis.Freebase.v1sandbox.FreebaseService.Uniqueness_failure.Hard">
            <summary>Be strict - throw an error.</summary>
        </member>
        <member name="F:Google.Apis.Freebase.v1sandbox.FreebaseService.Uniqueness_failure.Soft">
            <summary>Just return the first encountered object.</summary>
        </member>
        <member name="M:Google.Apis.Freebase.v1sandbox.FreebaseService.ImageRequest.Download(System.IO.Stream)">
            <summary>Synchronously download the media into the given stream.</summary>
        </member>
        <member name="M:Google.Apis.Freebase.v1sandbox.FreebaseService.ImageRequest.DownloadAsync(System.IO.Stream)">
            <summary>Asynchronously download the media into the given stream.</summary>
        </member>
        <member name="M:Google.Apis.Freebase.v1sandbox.FreebaseService.ImageRequest.DownloadAsync(System.IO.Stream,System.Threading.CancellationToken)">
            <summary>Asynchronously download the media into the given stream.</summary>
        </member>
        <member name="P:Google.Apis.Freebase.v1sandbox.FreebaseService.ImageRequest.Alt">
            <summary>Data format for the response.</summary>
        </member>
        <member name="P:Google.Apis.Freebase.v1sandbox.FreebaseService.ImageRequest.Fields">
            <summary>Selector specifying which fields to include in a partial response.</summary>
        </member>
        <member name="P:Google.Apis.Freebase.v1sandbox.FreebaseService.ImageRequest.Oauth_token">
            <summary>OAuth 2.0 token for the current user.</summary>
        </member>
        <member name="P:Google.Apis.Freebase.v1sandbox.FreebaseService.ImageRequest.PrettyPrint">
            <summary>Returns response with indentations and line breaks.</summary>
        </member>
        <member name="P:Google.Apis.Freebase.v1sandbox.FreebaseService.ImageRequest.QuotaUser">
            <summary>Available to use for quota purposes for server-side applications. Can be any arbitrary string assigned to a user, but should not exceed 40 characters. Overrides userIp if both are provided.</summary>
        </member>
        <member name="P:Google.Apis.Freebase.v1sandbox.FreebaseService.ImageRequest.UserIp">
            <summary>IP address of the site where the request originates. Use this if you want to enforce per-user limits.</summary>
        </member>
        <member name="P:Google.Apis.Freebase.v1sandbox.FreebaseService.ImageRequest.Fallbackid">
            <summary>Use the image associated with this secondary id if no image is associated with the primary id.</summary>
        </member>
        <member name="P:Google.Apis.Freebase.v1sandbox.FreebaseService.ImageRequest.Id">
            <summary>Freebase entity or content id, mid, or guid.</summary>
        </member>
        <member name="P:Google.Apis.Freebase.v1sandbox.FreebaseService.ImageRequest.Maxheight">
            <summary>Maximum height in pixels for resulting image.</summary>
        </member>
        <member name="P:Google.Apis.Freebase.v1sandbox.FreebaseService.ImageRequest.Maxwidth">
            <summary>Maximum width in pixels for resulting image.</summary>
        </member>
        <member name="P:Google.Apis.Freebase.v1sandbox.FreebaseService.ImageRequest.Mode">
            <summary>Method used to scale or crop image.</summary>
        </member>
        <member name="P:Google.Apis.Freebase.v1sandbox.FreebaseService.ImageRequest.Pad">
            <summary>A boolean specifying whether the resulting image should be padded up to the requested dimensions.</summary>
        </member>
        <member name="M:Google.Apis.Freebase.v1sandbox.FreebaseService.MqlreadRequest.Download(System.IO.Stream)">
            <summary>Synchronously download the media into the given stream.</summary>
        </member>
        <member name="M:Google.Apis.Freebase.v1sandbox.FreebaseService.MqlreadRequest.DownloadAsync(System.IO.Stream)">
            <summary>Asynchronously download the media into the given stream.</summary>
        </member>
        <member name="M:Google.Apis.Freebase.v1sandbox.FreebaseService.MqlreadRequest.DownloadAsync(System.IO.Stream,System.Threading.CancellationToken)">
            <summary>Asynchronously download the media into the given stream.</summary>
        </member>
        <member name="P:Google.Apis.Freebase.v1sandbox.FreebaseService.MqlreadRequest.Alt">
            <summary>Data format for the response.</summary>
        </member>
        <member name="P:Google.Apis.Freebase.v1sandbox.FreebaseService.MqlreadRequest.Fields">
            <summary>Selector specifying which fields to include in a partial response.</summary>
        </member>
        <member name="P:Google.Apis.Freebase.v1sandbox.FreebaseService.MqlreadRequest.Oauth_token">
            <summary>OAuth 2.0 token for the current user.</summary>
        </member>
        <member name="P:Google.Apis.Freebase.v1sandbox.FreebaseService.MqlreadRequest.PrettyPrint">
            <summary>Returns response with indentations and line breaks.</summary>
        </member>
        <member name="P:Google.Apis.Freebase.v1sandbox.FreebaseService.MqlreadRequest.QuotaUser">
            <summary>Available to use for quota purposes for server-side applications. Can be any arbitrary string assigned to a user, but should not exceed 40 characters. Overrides userIp if both are provided.</summary>
        </member>
        <member name="P:Google.Apis.Freebase.v1sandbox.FreebaseService.MqlreadRequest.UserIp">
            <summary>IP address of the site where the request originates. Use this if you want to enforce per-user limits.</summary>
        </member>
        <member name="P:Google.Apis.Freebase.v1sandbox.FreebaseService.MqlreadRequest.As_of_time">
            <summary>Run the query as it would've been run at the specified point in time.</summary>
        </member>
        <member name="P:Google.Apis.Freebase.v1sandbox.FreebaseService.MqlreadRequest.Callback">
            <summary>JS method name for JSONP callbacks.</summary>
        </member>
        <member name="P:Google.Apis.Freebase.v1sandbox.FreebaseService.MqlreadRequest.Cost">
            <summary>Show the costs or not.</summary>
        </member>
        <member name="P:Google.Apis.Freebase.v1sandbox.FreebaseService.MqlreadRequest.Cursor">
            <summary>The mql cursor.</summary>
        </member>
        <member name="P:Google.Apis.Freebase.v1sandbox.FreebaseService.MqlreadRequest.Dateline">
            <summary>The dateline that you get in a mqlwrite response to ensure consistent results.</summary>
        </member>
        <member name="P:Google.Apis.Freebase.v1sandbox.FreebaseService.MqlreadRequest.Html_escape">
            <summary>Whether or not to escape entities.</summary>
        </member>
        <member name="P:Google.Apis.Freebase.v1sandbox.FreebaseService.MqlreadRequest.Indent">
            <summary>How many spaces to indent the json.</summary>
        </member>
        <member name="P:Google.Apis.Freebase.v1sandbox.FreebaseService.MqlreadRequest.Lang">
            <summary>The language of the results - an id of a /type/lang object.</summary>
        </member>
        <member name="P:Google.Apis.Freebase.v1sandbox.FreebaseService.MqlreadRequest.Query">
            <summary>An envelope containing a single MQL query.</summary>
        </member>
        <member name="P:Google.Apis.Freebase.v1sandbox.FreebaseService.MqlreadRequest.Uniqueness_failure">
            <summary>How MQL responds to uniqueness failures.</summary>
        </member>
        <member name="M:Google.Apis.Freebase.v1sandbox.FreebaseService.MqlwriteRequest.Download(System.IO.Stream)">
            <summary>Synchronously download the media into the given stream.</summary>
        </member>
        <member name="M:Google.Apis.Freebase.v1sandbox.FreebaseService.MqlwriteRequest.DownloadAsync(System.IO.Stream)">
            <summary>Asynchronously download the media into the given stream.</summary>
        </member>
        <member name="M:Google.Apis.Freebase.v1sandbox.FreebaseService.MqlwriteRequest.DownloadAsync(System.IO.Stream,System.Threading.CancellationToken)">
            <summary>Asynchronously download the media into the given stream.</summary>
        </member>
        <member name="P:Google.Apis.Freebase.v1sandbox.FreebaseService.MqlwriteRequest.Alt">
            <summary>Data format for the response.</summary>
        </member>
        <member name="P:Google.Apis.Freebase.v1sandbox.FreebaseService.MqlwriteRequest.Fields">
            <summary>Selector specifying which fields to include in a partial response.</summary>
        </member>
        <member name="P:Google.Apis.Freebase.v1sandbox.FreebaseService.MqlwriteRequest.Oauth_token">
            <summary>OAuth 2.0 token for the current user.</summary>
        </member>
        <member name="P:Google.Apis.Freebase.v1sandbox.FreebaseService.MqlwriteRequest.PrettyPrint">
            <summary>Returns response with indentations and line breaks.</summary>
        </member>
        <member name="P:Google.Apis.Freebase.v1sandbox.FreebaseService.MqlwriteRequest.QuotaUser">
            <summary>Available to use for quota purposes for server-side applications. Can be any arbitrary string assigned to a user, but should not exceed 40 characters. Overrides userIp if both are provided.</summary>
        </member>
        <member name="P:Google.Apis.Freebase.v1sandbox.FreebaseService.MqlwriteRequest.UserIp">
            <summary>IP address of the site where the request originates. Use this if you want to enforce per-user limits.</summary>
        </member>
        <member name="P:Google.Apis.Freebase.v1sandbox.FreebaseService.MqlwriteRequest.Callback">
            <summary>JS method name for JSONP callbacks.</summary>
        </member>
        <member name="P:Google.Apis.Freebase.v1sandbox.FreebaseService.MqlwriteRequest.Dateline">
            <summary>The dateline that you get in a mqlwrite response to ensure consistent results.</summary>
        </member>
        <member name="P:Google.Apis.Freebase.v1sandbox.FreebaseService.MqlwriteRequest.Indent">
            <summary>How many spaces to indent the json.</summary>
        </member>
        <member name="P:Google.Apis.Freebase.v1sandbox.FreebaseService.MqlwriteRequest.Query">
            <summary>An MQL query with write directives.</summary>
        </member>
        <member name="P:Google.Apis.Freebase.v1sandbox.FreebaseService.MqlwriteRequest.Use_permission_of">
            <summary>Use the same permission node of the object with the specified id.</summary>
        </member>
        <member name="M:Google.Apis.Freebase.v1sandbox.TextResource.Get(Google.Apis.Util.Repeatable{System.String})">
            <summary>Returns blob attached to node at specified id as HTML</summary>
            <param name="id">Required - The id of the item that you want data about</param>
        </member>
        <member name="T:Google.Apis.Freebase.v1sandbox.TextResource.Format">
            <summary>Sanitizing transformation.</summary>
        </member>
        <member name="F:Google.Apis.Freebase.v1sandbox.TextResource.Format.Html">
            <summary>Return valid, sanitized html.</summary>
        </member>
        <member name="F:Google.Apis.Freebase.v1sandbox.TextResource.Format.Plain">
            <summary>Return plain text - strip html tags.</summary>
        </member>
        <member name="F:Google.Apis.Freebase.v1sandbox.TextResource.Format.Raw">
            <summary>Return the entire content as-is.</summary>
        </member>
        <member name="P:Google.Apis.Freebase.v1sandbox.TextResource.GetRequest.Alt">
            <summary>Data format for the response.</summary>
        </member>
        <member name="P:Google.Apis.Freebase.v1sandbox.TextResource.GetRequest.Fields">
            <summary>Selector specifying which fields to include in a partial response.</summary>
        </member>
        <member name="P:Google.Apis.Freebase.v1sandbox.TextResource.GetRequest.Oauth_token">
            <summary>OAuth 2.0 token for the current user.</summary>
        </member>
        <member name="P:Google.Apis.Freebase.v1sandbox.TextResource.GetRequest.PrettyPrint">
            <summary>Returns response with indentations and line breaks.</summary>
        </member>
        <member name="P:Google.Apis.Freebase.v1sandbox.TextResource.GetRequest.QuotaUser">
            <summary>Available to use for quota purposes for server-side applications. Can be any arbitrary string assigned to a user, but should not exceed 40 characters. Overrides userIp if both are provided.</summary>
        </member>
        <member name="P:Google.Apis.Freebase.v1sandbox.TextResource.GetRequest.UserIp">
            <summary>IP address of the site where the request originates. Use this if you want to enforce per-user limits.</summary>
        </member>
        <member name="P:Google.Apis.Freebase.v1sandbox.TextResource.GetRequest.Format">
            <summary>Sanitizing transformation.</summary>
        </member>
        <member name="P:Google.Apis.Freebase.v1sandbox.TextResource.GetRequest.Id">
            <summary>The id of the item that you want data about</summary>
        </member>
        <member name="P:Google.Apis.Freebase.v1sandbox.TextResource.GetRequest.Maxlength">
            <summary>The max number of characters to return. Valid only for 'plain' format.</summary>
        </member>
        <member name="M:Google.Apis.Freebase.v1sandbox.TopicResource.Lookup(Google.Apis.Util.Repeatable{System.String})">
            <summary>Get properties and meta-data about a topic.</summary>
            <param name="id">Required - The id of the item that you want data about.</param>
        </member>
        <member name="P:Google.Apis.Freebase.v1sandbox.TopicResource.LookupRequest.Alt">
            <summary>Data format for the response.</summary>
        </member>
        <member name="P:Google.Apis.Freebase.v1sandbox.TopicResource.LookupRequest.Fields">
            <summary>Selector specifying which fields to include in a partial response.</summary>
        </member>
        <member name="P:Google.Apis.Freebase.v1sandbox.TopicResource.LookupRequest.Oauth_token">
            <summary>OAuth 2.0 token for the current user.</summary>
        </member>
        <member name="P:Google.Apis.Freebase.v1sandbox.TopicResource.LookupRequest.PrettyPrint">
            <summary>Returns response with indentations and line breaks.</summary>
        </member>
        <member name="P:Google.Apis.Freebase.v1sandbox.TopicResource.LookupRequest.QuotaUser">
            <summary>Available to use for quota purposes for server-side applications. Can be any arbitrary string assigned to a user, but should not exceed 40 characters. Overrides userIp if both are provided.</summary>
        </member>
        <member name="P:Google.Apis.Freebase.v1sandbox.TopicResource.LookupRequest.UserIp">
            <summary>IP address of the site where the request originates. Use this if you want to enforce per-user limits.</summary>
        </member>
        <member name="P:Google.Apis.Freebase.v1sandbox.TopicResource.LookupRequest.Dateline">
            <summary>Determines how up-to-date the data returned is. A unix epoch time, a guid or a 'now'</summary>
        </member>
        <member name="P:Google.Apis.Freebase.v1sandbox.TopicResource.LookupRequest.Filter">
            <summary>A frebase domain, type or property id, 'suggest', 'commons', or 'all'. Filter the results and returns only appropriate properties.</summary>
        </member>
        <member name="P:Google.Apis.Freebase.v1sandbox.TopicResource.LookupRequest.Id">
            <summary>The id of the item that you want data about.</summary>
        </member>
        <member name="P:Google.Apis.Freebase.v1sandbox.TopicResource.LookupRequest.Lang">
            <summary>The language you 'd like the content in - a freebase /type/lang language key.</summary>
        </member>
        <member name="P:Google.Apis.Freebase.v1sandbox.TopicResource.LookupRequest.Limit">
            <summary>The maximum number of property values to return for each property.</summary>
        </member>
        <member name="P:Google.Apis.Freebase.v1sandbox.TopicResource.LookupRequest.Raw">
            <summary>Do not apply any constraints, or get any names.</summary>
        </member>
    </members>
</doc>
