<?xml version="1.0"?>
<doc>
    <assembly>
        <name>Google.Apis.Blogger.v3</name>
    </assembly>
    <members>
        <member name="P:Google.Apis.Blogger.v3.Data.Blog.CustomMetaData">
            <summary>The JSON custom meta-data for the Blog</summary>
        </member>
        <member name="P:Google.Apis.Blogger.v3.Data.Blog.Description">
            <summary>The description of this blog. This is displayed underneath the title.</summary>
        </member>
        <member name="P:Google.Apis.Blogger.v3.Data.Blog.Id">
            <summary>The identifier for this resource.</summary>
        </member>
        <member name="P:Google.Apis.Blogger.v3.Data.Blog.Kind">
            <summary>The kind of this entry. Always blogger#blog</summary>
        </member>
        <member name="P:Google.Apis.Blogger.v3.Data.Blog.Locale">
            <summary>The locale this Blog is set to.</summary>
        </member>
        <member name="P:Google.Apis.Blogger.v3.Data.Blog.Name">
            <summary>The name of this blog. This is displayed as the title.</summary>
        </member>
        <member name="P:Google.Apis.Blogger.v3.Data.Blog.Pages">
            <summary>The container of pages in this blog.</summary>
        </member>
        <member name="P:Google.Apis.Blogger.v3.Data.Blog.Posts">
            <summary>The container of posts in this blog.</summary>
        </member>
        <member name="P:Google.Apis.Blogger.v3.Data.Blog.Published">
            <summary>RFC 3339 date-time when this blog was published.</summary>
        </member>
        <member name="P:Google.Apis.Blogger.v3.Data.Blog.SelfLink">
            <summary>The API REST URL to fetch this resource from.</summary>
        </member>
        <member name="P:Google.Apis.Blogger.v3.Data.Blog.Updated">
            <summary>RFC 3339 date-time when this blog was last updated.</summary>
        </member>
        <member name="P:Google.Apis.Blogger.v3.Data.Blog.Url">
            <summary>The URL where this blog is published.</summary>
        </member>
        <member name="T:Google.Apis.Blogger.v3.Data.Blog.LocaleData">
            <summary>The locale this Blog is set to.</summary>
        </member>
        <member name="P:Google.Apis.Blogger.v3.Data.Blog.LocaleData.Country">
            <summary>The country this blog&apos;s locale is set to.</summary>
        </member>
        <member name="P:Google.Apis.Blogger.v3.Data.Blog.LocaleData.Language">
            <summary>The language this blog is authored in.</summary>
        </member>
        <member name="P:Google.Apis.Blogger.v3.Data.Blog.LocaleData.Variant">
            <summary>The language variant this blog is authored in.</summary>
        </member>
        <member name="T:Google.Apis.Blogger.v3.Data.Blog.PagesData">
            <summary>The container of pages in this blog.</summary>
        </member>
        <member name="P:Google.Apis.Blogger.v3.Data.Blog.PagesData.SelfLink">
            <summary>The URL of the container for pages in this blog.</summary>
        </member>
        <member name="P:Google.Apis.Blogger.v3.Data.Blog.PagesData.TotalItems">
            <summary>The count of pages in this blog.</summary>
        </member>
        <member name="T:Google.Apis.Blogger.v3.Data.Blog.PostsData">
            <summary>The container of posts in this blog.</summary>
        </member>
        <member name="P:Google.Apis.Blogger.v3.Data.Blog.PostsData.Items">
            <summary>The List of Posts for this Blog.</summary>
        </member>
        <member name="P:Google.Apis.Blogger.v3.Data.Blog.PostsData.SelfLink">
            <summary>The URL of the container for posts in this blog.</summary>
        </member>
        <member name="P:Google.Apis.Blogger.v3.Data.Blog.PostsData.TotalItems">
            <summary>The count of posts in this blog.</summary>
        </member>
        <member name="P:Google.Apis.Blogger.v3.Data.BlogList.Items">
            <summary>The list of Blogs this user has Authorship or Admin rights over.</summary>
        </member>
        <member name="P:Google.Apis.Blogger.v3.Data.BlogList.Kind">
            <summary>The kind of this entity. Always blogger#blogList</summary>
        </member>
        <member name="P:Google.Apis.Blogger.v3.Data.Comment.Author">
            <summary>The author of this Comment.</summary>
        </member>
        <member name="P:Google.Apis.Blogger.v3.Data.Comment.Blog">
            <summary>Data about the blog containing this comment.</summary>
        </member>
        <member name="P:Google.Apis.Blogger.v3.Data.Comment.Content">
            <summary>The actual content of the comment. May include HTML markup.</summary>
        </member>
        <member name="P:Google.Apis.Blogger.v3.Data.Comment.Id">
            <summary>The identifier for this resource.</summary>
        </member>
        <member name="P:Google.Apis.Blogger.v3.Data.Comment.InReplyTo">
            <summary>Data about the comment this is in reply to.</summary>
        </member>
        <member name="P:Google.Apis.Blogger.v3.Data.Comment.Kind">
            <summary>The kind of this entry. Always blogger#comment</summary>
        </member>
        <member name="P:Google.Apis.Blogger.v3.Data.Comment.Post">
            <summary>Data about the post containing this comment.</summary>
        </member>
        <member name="P:Google.Apis.Blogger.v3.Data.Comment.Published">
            <summary>RFC 3339 date-time when this comment was published.</summary>
        </member>
        <member name="P:Google.Apis.Blogger.v3.Data.Comment.SelfLink">
            <summary>The API REST URL to fetch this resource from.</summary>
        </member>
        <member name="P:Google.Apis.Blogger.v3.Data.Comment.Updated">
            <summary>RFC 3339 date-time when this comment was last updated.</summary>
        </member>
        <member name="T:Google.Apis.Blogger.v3.Data.Comment.AuthorData">
            <summary>The author of this Comment.</summary>
        </member>
        <member name="P:Google.Apis.Blogger.v3.Data.Comment.AuthorData.DisplayName">
            <summary>The display name.</summary>
        </member>
        <member name="P:Google.Apis.Blogger.v3.Data.Comment.AuthorData.Id">
            <summary>The identifier of the Comment creator.</summary>
        </member>
        <member name="P:Google.Apis.Blogger.v3.Data.Comment.AuthorData.Image">
            <summary>The comment creator&apos;s avatar.</summary>
        </member>
        <member name="P:Google.Apis.Blogger.v3.Data.Comment.AuthorData.Url">
            <summary>The URL of the Comment creator&apos;s Profile page.</summary>
        </member>
        <member name="T:Google.Apis.Blogger.v3.Data.Comment.AuthorData.ImageData">
            <summary>The comment creator&apos;s avatar.</summary>
        </member>
        <member name="P:Google.Apis.Blogger.v3.Data.Comment.AuthorData.ImageData.Url">
            <summary>The comment creator&apos;s avatar URL.</summary>
        </member>
        <member name="T:Google.Apis.Blogger.v3.Data.Comment.BlogData">
            <summary>Data about the blog containing this comment.</summary>
        </member>
        <member name="P:Google.Apis.Blogger.v3.Data.Comment.BlogData.Id">
            <summary>The identifier of the blog containing this comment.</summary>
        </member>
        <member name="T:Google.Apis.Blogger.v3.Data.Comment.InReplyToData">
            <summary>Data about the comment this is in reply to.</summary>
        </member>
        <member name="P:Google.Apis.Blogger.v3.Data.Comment.InReplyToData.Id">
            <summary>The identified of the parent of this comment.</summary>
        </member>
        <member name="T:Google.Apis.Blogger.v3.Data.Comment.PostData">
            <summary>Data about the post containing this comment.</summary>
        </member>
        <member name="P:Google.Apis.Blogger.v3.Data.Comment.PostData.Id">
            <summary>The identifier of the post containing this comment.</summary>
        </member>
        <member name="P:Google.Apis.Blogger.v3.Data.CommentList.Items">
            <summary>The List of Comments for a Post.</summary>
        </member>
        <member name="P:Google.Apis.Blogger.v3.Data.CommentList.Kind">
            <summary>The kind of this entry. Always blogger#commentList</summary>
        </member>
        <member name="P:Google.Apis.Blogger.v3.Data.CommentList.NextPageToken">
            <summary>Pagination token to fetch the next page, if one exists.</summary>
        </member>
        <member name="P:Google.Apis.Blogger.v3.Data.CommentList.PrevPageToken">
            <summary>Pagination token to fetch the previous page, if one exists.</summary>
        </member>
        <member name="P:Google.Apis.Blogger.v3.Data.Page.Author">
            <summary>The author of this Page.</summary>
        </member>
        <member name="P:Google.Apis.Blogger.v3.Data.Page.Blog">
            <summary>Data about the blog containing this Page.</summary>
        </member>
        <member name="P:Google.Apis.Blogger.v3.Data.Page.Content">
            <summary>The body content of this Page, in HTML.</summary>
        </member>
        <member name="P:Google.Apis.Blogger.v3.Data.Page.Id">
            <summary>The identifier for this resource.</summary>
        </member>
        <member name="P:Google.Apis.Blogger.v3.Data.Page.Kind">
            <summary>The kind of this entity. Always blogger#page</summary>
        </member>
        <member name="P:Google.Apis.Blogger.v3.Data.Page.Published">
            <summary>RFC 3339 date-time when this Page was published.</summary>
        </member>
        <member name="P:Google.Apis.Blogger.v3.Data.Page.SelfLink">
            <summary>The API REST URL to fetch this resource from.</summary>
        </member>
        <member name="P:Google.Apis.Blogger.v3.Data.Page.Title">
            <summary>The title of this entity. This is the name displayed in the Admin user interface.</summary>
        </member>
        <member name="P:Google.Apis.Blogger.v3.Data.Page.Updated">
            <summary>RFC 3339 date-time when this Page was last updated.</summary>
        </member>
        <member name="P:Google.Apis.Blogger.v3.Data.Page.Url">
            <summary>The URL that this Page is displayed at.</summary>
        </member>
        <member name="T:Google.Apis.Blogger.v3.Data.Page.AuthorData">
            <summary>The author of this Page.</summary>
        </member>
        <member name="P:Google.Apis.Blogger.v3.Data.Page.AuthorData.DisplayName">
            <summary>The display name.</summary>
        </member>
        <member name="P:Google.Apis.Blogger.v3.Data.Page.AuthorData.Id">
            <summary>The identifier of the Page creator.</summary>
        </member>
        <member name="P:Google.Apis.Blogger.v3.Data.Page.AuthorData.Image">
            <summary>The page author&apos;s avatar.</summary>
        </member>
        <member name="P:Google.Apis.Blogger.v3.Data.Page.AuthorData.Url">
            <summary>The URL of the Page creator&apos;s Profile page.</summary>
        </member>
        <member name="T:Google.Apis.Blogger.v3.Data.Page.AuthorData.ImageData">
            <summary>The page author&apos;s avatar.</summary>
        </member>
        <member name="P:Google.Apis.Blogger.v3.Data.Page.AuthorData.ImageData.Url">
            <summary>The page author&apos;s avatar URL.</summary>
        </member>
        <member name="T:Google.Apis.Blogger.v3.Data.Page.BlogData">
            <summary>Data about the blog containing this Page.</summary>
        </member>
        <member name="P:Google.Apis.Blogger.v3.Data.Page.BlogData.Id">
            <summary>The identifier of the blog containing this page.</summary>
        </member>
        <member name="P:Google.Apis.Blogger.v3.Data.PageList.Items">
            <summary>The list of Pages for a Blog.</summary>
        </member>
        <member name="P:Google.Apis.Blogger.v3.Data.PageList.Kind">
            <summary>The kind of this entity. Always blogger#pageList</summary>
        </member>
        <member name="P:Google.Apis.Blogger.v3.Data.Post.Author">
            <summary>The author of this Post.</summary>
        </member>
        <member name="P:Google.Apis.Blogger.v3.Data.Post.Blog">
            <summary>Data about the blog containing this Post.</summary>
        </member>
        <member name="P:Google.Apis.Blogger.v3.Data.Post.Content">
            <summary>The content of the Post. May contain HTML markup.</summary>
        </member>
        <member name="P:Google.Apis.Blogger.v3.Data.Post.CustomMetaData">
            <summary>The JSON meta-data for the Post.</summary>
        </member>
        <member name="P:Google.Apis.Blogger.v3.Data.Post.Id">
            <summary>The identifier of this Post.</summary>
        </member>
        <member name="P:Google.Apis.Blogger.v3.Data.Post.Kind">
            <summary>The kind of this entity. Always blogger#post</summary>
        </member>
        <member name="P:Google.Apis.Blogger.v3.Data.Post.Labels">
            <summary>The list of labels this Post was tagged with.</summary>
        </member>
        <member name="P:Google.Apis.Blogger.v3.Data.Post.Location">
            <summary>The location for geotagged posts.</summary>
        </member>
        <member name="P:Google.Apis.Blogger.v3.Data.Post.Published">
            <summary>RFC 3339 date-time when this Post was published.</summary>
        </member>
        <member name="P:Google.Apis.Blogger.v3.Data.Post.Replies">
            <summary>The container of comments on this Post.</summary>
        </member>
        <member name="P:Google.Apis.Blogger.v3.Data.Post.SelfLink">
            <summary>The API REST URL to fetch this resource from.</summary>
        </member>
        <member name="P:Google.Apis.Blogger.v3.Data.Post.Title">
            <summary>The title of the Post.</summary>
        </member>
        <member name="P:Google.Apis.Blogger.v3.Data.Post.Updated">
            <summary>RFC 3339 date-time when this Post was last updated.</summary>
        </member>
        <member name="P:Google.Apis.Blogger.v3.Data.Post.Url">
            <summary>The URL where this Post is displayed.</summary>
        </member>
        <member name="T:Google.Apis.Blogger.v3.Data.Post.AuthorData">
            <summary>The author of this Post.</summary>
        </member>
        <member name="P:Google.Apis.Blogger.v3.Data.Post.AuthorData.DisplayName">
            <summary>The display name.</summary>
        </member>
        <member name="P:Google.Apis.Blogger.v3.Data.Post.AuthorData.Id">
            <summary>The identifier of the Post creator.</summary>
        </member>
        <member name="P:Google.Apis.Blogger.v3.Data.Post.AuthorData.Image">
            <summary>The Post author&apos;s avatar.</summary>
        </member>
        <member name="P:Google.Apis.Blogger.v3.Data.Post.AuthorData.Url">
            <summary>The URL of the Post creator&apos;s Profile page.</summary>
        </member>
        <member name="T:Google.Apis.Blogger.v3.Data.Post.AuthorData.ImageData">
            <summary>The Post author&apos;s avatar.</summary>
        </member>
        <member name="P:Google.Apis.Blogger.v3.Data.Post.AuthorData.ImageData.Url">
            <summary>The Post author&apos;s avatar URL.</summary>
        </member>
        <member name="T:Google.Apis.Blogger.v3.Data.Post.BlogData">
            <summary>Data about the blog containing this Post.</summary>
        </member>
        <member name="P:Google.Apis.Blogger.v3.Data.Post.BlogData.Id">
            <summary>The identifier of the Blog that contains this Post.</summary>
        </member>
        <member name="T:Google.Apis.Blogger.v3.Data.Post.LocationData">
            <summary>The location for geotagged posts.</summary>
        </member>
        <member name="P:Google.Apis.Blogger.v3.Data.Post.LocationData.Lat">
            <summary>Location&apos;s latitude.</summary>
        </member>
        <member name="P:Google.Apis.Blogger.v3.Data.Post.LocationData.Lng">
            <summary>Location&apos;s longitude.</summary>
        </member>
        <member name="P:Google.Apis.Blogger.v3.Data.Post.LocationData.Name">
            <summary>Location name.</summary>
        </member>
        <member name="P:Google.Apis.Blogger.v3.Data.Post.LocationData.Span">
            <summary>Location&apos;s viewport span. Can be used when rendering a map preview.</summary>
        </member>
        <member name="T:Google.Apis.Blogger.v3.Data.Post.RepliesData">
            <summary>The container of comments on this Post.</summary>
        </member>
        <member name="P:Google.Apis.Blogger.v3.Data.Post.RepliesData.Items">
            <summary>The List of Comments for this Post.</summary>
        </member>
        <member name="P:Google.Apis.Blogger.v3.Data.Post.RepliesData.SelfLink">
            <summary>The URL of the comments on this post.</summary>
        </member>
        <member name="P:Google.Apis.Blogger.v3.Data.Post.RepliesData.TotalItems">
            <summary>The count of comments on this post.</summary>
        </member>
        <member name="P:Google.Apis.Blogger.v3.Data.PostList.Items">
            <summary>The list of Posts for this Blog.</summary>
        </member>
        <member name="P:Google.Apis.Blogger.v3.Data.PostList.Kind">
            <summary>The kind of this entity. Always blogger#postList</summary>
        </member>
        <member name="P:Google.Apis.Blogger.v3.Data.PostList.NextPageToken">
            <summary>Pagination token to fetch the next page, if one exists.</summary>
        </member>
        <member name="P:Google.Apis.Blogger.v3.Data.PostList.PrevPageToken">
            <summary>Pagination token to fetch the previous page, if one exists.</summary>
        </member>
        <member name="P:Google.Apis.Blogger.v3.Data.User.About">
            <summary>Profile summary information.</summary>
        </member>
        <member name="P:Google.Apis.Blogger.v3.Data.User.Blogs">
            <summary>The container of blogs for this user.</summary>
        </member>
        <member name="P:Google.Apis.Blogger.v3.Data.User.Created">
            <summary>The timestamp of when this profile was created, in seconds since epoch.</summary>
        </member>
        <member name="P:Google.Apis.Blogger.v3.Data.User.DisplayName">
            <summary>The display name.</summary>
        </member>
        <member name="P:Google.Apis.Blogger.v3.Data.User.Id">
            <summary>The identifier for this User.</summary>
        </member>
        <member name="P:Google.Apis.Blogger.v3.Data.User.Kind">
            <summary>The kind of this entity. Always blogger#user</summary>
        </member>
        <member name="P:Google.Apis.Blogger.v3.Data.User.Locale">
            <summary>This user&apos;s locale</summary>
        </member>
        <member name="P:Google.Apis.Blogger.v3.Data.User.SelfLink">
            <summary>The API REST URL to fetch this resource from.</summary>
        </member>
        <member name="P:Google.Apis.Blogger.v3.Data.User.Url">
            <summary>The user&apos;s profile page.</summary>
        </member>
        <member name="T:Google.Apis.Blogger.v3.Data.User.BlogsData">
            <summary>The container of blogs for this user.</summary>
        </member>
        <member name="P:Google.Apis.Blogger.v3.Data.User.BlogsData.SelfLink">
            <summary>The URL of the Blogs for this user.</summary>
        </member>
        <member name="T:Google.Apis.Blogger.v3.Data.User.LocaleData">
            <summary>This user&apos;s locale</summary>
        </member>
        <member name="P:Google.Apis.Blogger.v3.Data.User.LocaleData.Country">
            <summary>The user&apos;s country setting.</summary>
        </member>
        <member name="P:Google.Apis.Blogger.v3.Data.User.LocaleData.Language">
            <summary>The user&apos;s language setting.</summary>
        </member>
        <member name="P:Google.Apis.Blogger.v3.Data.User.LocaleData.Variant">
            <summary>The user&apos;s language variant setting.</summary>
        </member>
        <member name="T:Google.Apis.Blogger.v3.BloggerService.Scopes">
            <summary>A list of all OAuth2.0 scopes. Each of these scopes relates to a permission or group of permissions that different methods of this API may need.</summary>
        </member>
        <member name="F:Google.Apis.Blogger.v3.BloggerService.Scopes.Blogger">
            <summary>Manage your Blogger account</summary>
        </member>
        <member name="F:Google.Apis.Blogger.v3.BloggerService.Scopes.BloggerReadonly">
            <summary>View your Blogger account</summary>
        </member>
        <member name="M:Google.Apis.Blogger.v3.BlogsResource.Get(System.String)">
            <summary>Gets one blog by id.</summary>
            <param name="blogId">Required - The ID of the blog to get.</param>
        </member>
        <member name="M:Google.Apis.Blogger.v3.BlogsResource.GetByUrl(System.String)">
            <summary>Retrieve a Blog by URL.</summary>
            <param name="url">Required - The URL of the blog to retrieve.</param>
        </member>
        <member name="M:Google.Apis.Blogger.v3.BlogsResource.ListByUser(System.String)">
            <summary>Retrieves a list of blogs, possibly filtered.</summary>
            <param name="userId">Required - ID of the user whose blogs are to be fetched. Either the word &apos;self&apos; (sans quote marks) or the user&apos;s profile identifier.</param>
        </member>
        <member name="P:Google.Apis.Blogger.v3.BlogsResource.GetRequest.Alt">
            <summary>Data format for the response.</summary>
        </member>
        <member name="P:Google.Apis.Blogger.v3.BlogsResource.GetRequest.Fields">
            <summary>Selector specifying which fields to include in a partial response.</summary>
        </member>
        <member name="P:Google.Apis.Blogger.v3.BlogsResource.GetRequest.Oauth_token">
            <summary>OAuth 2.0 token for the current user.</summary>
        </member>
        <member name="P:Google.Apis.Blogger.v3.BlogsResource.GetRequest.PrettyPrint">
            <summary>Returns response with indentations and line breaks.</summary>
        </member>
        <member name="P:Google.Apis.Blogger.v3.BlogsResource.GetRequest.QuotaUser">
            <summary>Available to use for quota purposes for server-side applications. Can be any arbitrary string assigned to a user, but should not exceed 40 characters. Overrides userIp if both are provided.</summary>
        </member>
        <member name="P:Google.Apis.Blogger.v3.BlogsResource.GetRequest.UserIp">
            <summary>IP address of the site where the request originates. Use this if you want to enforce per-user limits.</summary>
        </member>
        <member name="P:Google.Apis.Blogger.v3.BlogsResource.GetRequest.BlogId">
            <summary>The ID of the blog to get.</summary>
        </member>
        <member name="P:Google.Apis.Blogger.v3.BlogsResource.GetRequest.MaxPosts">
            <summary>Maximum number of posts to pull back with the blog.</summary>
        </member>
        <member name="P:Google.Apis.Blogger.v3.BlogsResource.GetByUrlRequest.Alt">
            <summary>Data format for the response.</summary>
        </member>
        <member name="P:Google.Apis.Blogger.v3.BlogsResource.GetByUrlRequest.Fields">
            <summary>Selector specifying which fields to include in a partial response.</summary>
        </member>
        <member name="P:Google.Apis.Blogger.v3.BlogsResource.GetByUrlRequest.Oauth_token">
            <summary>OAuth 2.0 token for the current user.</summary>
        </member>
        <member name="P:Google.Apis.Blogger.v3.BlogsResource.GetByUrlRequest.PrettyPrint">
            <summary>Returns response with indentations and line breaks.</summary>
        </member>
        <member name="P:Google.Apis.Blogger.v3.BlogsResource.GetByUrlRequest.QuotaUser">
            <summary>Available to use for quota purposes for server-side applications. Can be any arbitrary string assigned to a user, but should not exceed 40 characters. Overrides userIp if both are provided.</summary>
        </member>
        <member name="P:Google.Apis.Blogger.v3.BlogsResource.GetByUrlRequest.UserIp">
            <summary>IP address of the site where the request originates. Use this if you want to enforce per-user limits.</summary>
        </member>
        <member name="P:Google.Apis.Blogger.v3.BlogsResource.GetByUrlRequest.Url">
            <summary>The URL of the blog to retrieve.</summary>
        </member>
        <member name="P:Google.Apis.Blogger.v3.BlogsResource.ListByUserRequest.Alt">
            <summary>Data format for the response.</summary>
        </member>
        <member name="P:Google.Apis.Blogger.v3.BlogsResource.ListByUserRequest.Fields">
            <summary>Selector specifying which fields to include in a partial response.</summary>
        </member>
        <member name="P:Google.Apis.Blogger.v3.BlogsResource.ListByUserRequest.Oauth_token">
            <summary>OAuth 2.0 token for the current user.</summary>
        </member>
        <member name="P:Google.Apis.Blogger.v3.BlogsResource.ListByUserRequest.PrettyPrint">
            <summary>Returns response with indentations and line breaks.</summary>
        </member>
        <member name="P:Google.Apis.Blogger.v3.BlogsResource.ListByUserRequest.QuotaUser">
            <summary>Available to use for quota purposes for server-side applications. Can be any arbitrary string assigned to a user, but should not exceed 40 characters. Overrides userIp if both are provided.</summary>
        </member>
        <member name="P:Google.Apis.Blogger.v3.BlogsResource.ListByUserRequest.UserIp">
            <summary>IP address of the site where the request originates. Use this if you want to enforce per-user limits.</summary>
        </member>
        <member name="P:Google.Apis.Blogger.v3.BlogsResource.ListByUserRequest.UserId">
            <summary>ID of the user whose blogs are to be fetched. Either the word 'self' (sans quote marks) or the user's profile identifier.</summary>
        </member>
        <member name="M:Google.Apis.Blogger.v3.CommentsResource.Get(System.String,System.String,System.String)">
            <summary>Gets one comment by id.</summary>
            <param name="blogId">Required - ID of the blog to containing the comment.</param>
            <param name="postId">Required - ID of the post to fetch posts from.</param>
            <param name="commentId">Required - The ID of the comment to get.</param>
        </member>
        <member name="M:Google.Apis.Blogger.v3.CommentsResource.List(System.String,System.String)">
            <summary>Retrieves the comments for a blog, possibly filtered.</summary>
            <param name="blogId">Required - ID of the blog to fetch comments from.</param>
            <param name="postId">Required - ID of the post to fetch posts from.</param>
        </member>
        <member name="P:Google.Apis.Blogger.v3.CommentsResource.GetRequest.Alt">
            <summary>Data format for the response.</summary>
        </member>
        <member name="P:Google.Apis.Blogger.v3.CommentsResource.GetRequest.Fields">
            <summary>Selector specifying which fields to include in a partial response.</summary>
        </member>
        <member name="P:Google.Apis.Blogger.v3.CommentsResource.GetRequest.Oauth_token">
            <summary>OAuth 2.0 token for the current user.</summary>
        </member>
        <member name="P:Google.Apis.Blogger.v3.CommentsResource.GetRequest.PrettyPrint">
            <summary>Returns response with indentations and line breaks.</summary>
        </member>
        <member name="P:Google.Apis.Blogger.v3.CommentsResource.GetRequest.QuotaUser">
            <summary>Available to use for quota purposes for server-side applications. Can be any arbitrary string assigned to a user, but should not exceed 40 characters. Overrides userIp if both are provided.</summary>
        </member>
        <member name="P:Google.Apis.Blogger.v3.CommentsResource.GetRequest.UserIp">
            <summary>IP address of the site where the request originates. Use this if you want to enforce per-user limits.</summary>
        </member>
        <member name="P:Google.Apis.Blogger.v3.CommentsResource.GetRequest.BlogId">
            <summary>ID of the blog to containing the comment.</summary>
        </member>
        <member name="P:Google.Apis.Blogger.v3.CommentsResource.GetRequest.CommentId">
            <summary>The ID of the comment to get.</summary>
        </member>
        <member name="P:Google.Apis.Blogger.v3.CommentsResource.GetRequest.PostId">
            <summary>ID of the post to fetch posts from.</summary>
        </member>
        <member name="P:Google.Apis.Blogger.v3.CommentsResource.ListRequest.Alt">
            <summary>Data format for the response.</summary>
        </member>
        <member name="P:Google.Apis.Blogger.v3.CommentsResource.ListRequest.Fields">
            <summary>Selector specifying which fields to include in a partial response.</summary>
        </member>
        <member name="P:Google.Apis.Blogger.v3.CommentsResource.ListRequest.Oauth_token">
            <summary>OAuth 2.0 token for the current user.</summary>
        </member>
        <member name="P:Google.Apis.Blogger.v3.CommentsResource.ListRequest.PrettyPrint">
            <summary>Returns response with indentations and line breaks.</summary>
        </member>
        <member name="P:Google.Apis.Blogger.v3.CommentsResource.ListRequest.QuotaUser">
            <summary>Available to use for quota purposes for server-side applications. Can be any arbitrary string assigned to a user, but should not exceed 40 characters. Overrides userIp if both are provided.</summary>
        </member>
        <member name="P:Google.Apis.Blogger.v3.CommentsResource.ListRequest.UserIp">
            <summary>IP address of the site where the request originates. Use this if you want to enforce per-user limits.</summary>
        </member>
        <member name="P:Google.Apis.Blogger.v3.CommentsResource.ListRequest.BlogId">
            <summary>ID of the blog to fetch comments from.</summary>
        </member>
        <member name="P:Google.Apis.Blogger.v3.CommentsResource.ListRequest.EndDate">
            <summary>Latest date of comment to fetch, a date-time with RFC 3339 formatting.</summary>
        </member>
        <member name="P:Google.Apis.Blogger.v3.CommentsResource.ListRequest.FetchBodies">
            <summary>Whether the body content of the comments is included.</summary>
        </member>
        <member name="P:Google.Apis.Blogger.v3.CommentsResource.ListRequest.MaxResults">
            <summary>Maximum number of comments to include in the result.</summary>
        </member>
        <member name="P:Google.Apis.Blogger.v3.CommentsResource.ListRequest.PageToken">
            <summary>Continuation token if request is paged.</summary>
        </member>
        <member name="P:Google.Apis.Blogger.v3.CommentsResource.ListRequest.PostId">
            <summary>ID of the post to fetch posts from.</summary>
        </member>
        <member name="P:Google.Apis.Blogger.v3.CommentsResource.ListRequest.StartDate">
            <summary>Earliest date of comment to fetch, a date-time with RFC 3339 formatting.</summary>
        </member>
        <member name="M:Google.Apis.Blogger.v3.PagesResource.Get(System.String,System.String)">
            <summary>Gets one blog page by id.</summary>
            <param name="blogId">Required - ID of the blog containing the page.</param>
            <param name="pageId">Required - The ID of the page to get.</param>
        </member>
        <member name="M:Google.Apis.Blogger.v3.PagesResource.List(System.String)">
            <summary>Retrieves pages for a blog, possibly filtered.</summary>
            <param name="blogId">Required - ID of the blog to fetch pages from.</param>
        </member>
        <member name="P:Google.Apis.Blogger.v3.PagesResource.GetRequest.Alt">
            <summary>Data format for the response.</summary>
        </member>
        <member name="P:Google.Apis.Blogger.v3.PagesResource.GetRequest.Fields">
            <summary>Selector specifying which fields to include in a partial response.</summary>
        </member>
        <member name="P:Google.Apis.Blogger.v3.PagesResource.GetRequest.Oauth_token">
            <summary>OAuth 2.0 token for the current user.</summary>
        </member>
        <member name="P:Google.Apis.Blogger.v3.PagesResource.GetRequest.PrettyPrint">
            <summary>Returns response with indentations and line breaks.</summary>
        </member>
        <member name="P:Google.Apis.Blogger.v3.PagesResource.GetRequest.QuotaUser">
            <summary>Available to use for quota purposes for server-side applications. Can be any arbitrary string assigned to a user, but should not exceed 40 characters. Overrides userIp if both are provided.</summary>
        </member>
        <member name="P:Google.Apis.Blogger.v3.PagesResource.GetRequest.UserIp">
            <summary>IP address of the site where the request originates. Use this if you want to enforce per-user limits.</summary>
        </member>
        <member name="P:Google.Apis.Blogger.v3.PagesResource.GetRequest.BlogId">
            <summary>ID of the blog containing the page.</summary>
        </member>
        <member name="P:Google.Apis.Blogger.v3.PagesResource.GetRequest.PageId">
            <summary>The ID of the page to get.</summary>
        </member>
        <member name="P:Google.Apis.Blogger.v3.PagesResource.ListRequest.Alt">
            <summary>Data format for the response.</summary>
        </member>
        <member name="P:Google.Apis.Blogger.v3.PagesResource.ListRequest.Fields">
            <summary>Selector specifying which fields to include in a partial response.</summary>
        </member>
        <member name="P:Google.Apis.Blogger.v3.PagesResource.ListRequest.Oauth_token">
            <summary>OAuth 2.0 token for the current user.</summary>
        </member>
        <member name="P:Google.Apis.Blogger.v3.PagesResource.ListRequest.PrettyPrint">
            <summary>Returns response with indentations and line breaks.</summary>
        </member>
        <member name="P:Google.Apis.Blogger.v3.PagesResource.ListRequest.QuotaUser">
            <summary>Available to use for quota purposes for server-side applications. Can be any arbitrary string assigned to a user, but should not exceed 40 characters. Overrides userIp if both are provided.</summary>
        </member>
        <member name="P:Google.Apis.Blogger.v3.PagesResource.ListRequest.UserIp">
            <summary>IP address of the site where the request originates. Use this if you want to enforce per-user limits.</summary>
        </member>
        <member name="P:Google.Apis.Blogger.v3.PagesResource.ListRequest.BlogId">
            <summary>ID of the blog to fetch pages from.</summary>
        </member>
        <member name="P:Google.Apis.Blogger.v3.PagesResource.ListRequest.FetchBodies">
            <summary>Whether to retrieve the Page bodies.</summary>
        </member>
        <member name="M:Google.Apis.Blogger.v3.PostsResource.Delete(System.String,System.String)">
            <summary>Delete a post by id.</summary>
            <param name="blogId">Required - The Id of the Blog.</param>
            <param name="postId">Required - The ID of the Post.</param>
        </member>
        <member name="M:Google.Apis.Blogger.v3.PostsResource.Get(System.String,System.String)">
            <summary>Get a post by id.</summary>
            <param name="blogId">Required - ID of the blog to fetch the post from.</param>
            <param name="postId">Required - The ID of the post</param>
        </member>
        <member name="M:Google.Apis.Blogger.v3.PostsResource.GetByPath(System.String,System.String)">
            <summary>Retrieve a Post by Path.</summary>
            <param name="blogId">Required - ID of the blog to fetch the post from.</param>
            <param name="path">Required - Path of the Post to retrieve.</param>
        </member>
        <member name="M:Google.Apis.Blogger.v3.PostsResource.Insert(Google.Apis.Blogger.v3.Data.Post,System.String)">
            <summary>Add a post.</summary>
            <param name="blogId">Required - ID of the blog to fetch the post from.</param>
        </member>
        <member name="M:Google.Apis.Blogger.v3.PostsResource.List(System.String)">
            <summary>Retrieves a list of posts, possibly filtered.</summary>
            <param name="blogId">Required - ID of the blog to fetch posts from.</param>
        </member>
        <member name="M:Google.Apis.Blogger.v3.PostsResource.Patch(Google.Apis.Blogger.v3.Data.Post,System.String,System.String)">
            <summary>Update a post. This method supports patch semantics.</summary>
            <param name="blogId">Required - The ID of the Blog.</param>
            <param name="postId">Required - The ID of the Post.</param>
        </member>
        <member name="M:Google.Apis.Blogger.v3.PostsResource.Search(System.String,System.String)">
            <summary>Search for a post.</summary>
            <param name="blogId">Required - ID of the blog to fetch the post from.</param>
            <param name="q">Required - Query terms to search this blog for matching posts.</param>
        </member>
        <member name="M:Google.Apis.Blogger.v3.PostsResource.Update(Google.Apis.Blogger.v3.Data.Post,System.String,System.String)">
            <summary>Update a post.</summary>
            <param name="blogId">Required - The ID of the Blog.</param>
            <param name="postId">Required - The ID of the Post.</param>
        </member>
        <member name="P:Google.Apis.Blogger.v3.PostsResource.DeleteRequest.Alt">
            <summary>Data format for the response.</summary>
        </member>
        <member name="P:Google.Apis.Blogger.v3.PostsResource.DeleteRequest.Fields">
            <summary>Selector specifying which fields to include in a partial response.</summary>
        </member>
        <member name="P:Google.Apis.Blogger.v3.PostsResource.DeleteRequest.Oauth_token">
            <summary>OAuth 2.0 token for the current user.</summary>
        </member>
        <member name="P:Google.Apis.Blogger.v3.PostsResource.DeleteRequest.PrettyPrint">
            <summary>Returns response with indentations and line breaks.</summary>
        </member>
        <member name="P:Google.Apis.Blogger.v3.PostsResource.DeleteRequest.QuotaUser">
            <summary>Available to use for quota purposes for server-side applications. Can be any arbitrary string assigned to a user, but should not exceed 40 characters. Overrides userIp if both are provided.</summary>
        </member>
        <member name="P:Google.Apis.Blogger.v3.PostsResource.DeleteRequest.UserIp">
            <summary>IP address of the site where the request originates. Use this if you want to enforce per-user limits.</summary>
        </member>
        <member name="P:Google.Apis.Blogger.v3.PostsResource.DeleteRequest.BlogId">
            <summary>The Id of the Blog.</summary>
        </member>
        <member name="P:Google.Apis.Blogger.v3.PostsResource.DeleteRequest.PostId">
            <summary>The ID of the Post.</summary>
        </member>
        <member name="P:Google.Apis.Blogger.v3.PostsResource.GetRequest.Alt">
            <summary>Data format for the response.</summary>
        </member>
        <member name="P:Google.Apis.Blogger.v3.PostsResource.GetRequest.Fields">
            <summary>Selector specifying which fields to include in a partial response.</summary>
        </member>
        <member name="P:Google.Apis.Blogger.v3.PostsResource.GetRequest.Oauth_token">
            <summary>OAuth 2.0 token for the current user.</summary>
        </member>
        <member name="P:Google.Apis.Blogger.v3.PostsResource.GetRequest.PrettyPrint">
            <summary>Returns response with indentations and line breaks.</summary>
        </member>
        <member name="P:Google.Apis.Blogger.v3.PostsResource.GetRequest.QuotaUser">
            <summary>Available to use for quota purposes for server-side applications. Can be any arbitrary string assigned to a user, but should not exceed 40 characters. Overrides userIp if both are provided.</summary>
        </member>
        <member name="P:Google.Apis.Blogger.v3.PostsResource.GetRequest.UserIp">
            <summary>IP address of the site where the request originates. Use this if you want to enforce per-user limits.</summary>
        </member>
        <member name="P:Google.Apis.Blogger.v3.PostsResource.GetRequest.BlogId">
            <summary>ID of the blog to fetch the post from.</summary>
        </member>
        <member name="P:Google.Apis.Blogger.v3.PostsResource.GetRequest.MaxComments">
            <summary>Maximum number of comments to pull back on a post.</summary>
        </member>
        <member name="P:Google.Apis.Blogger.v3.PostsResource.GetRequest.PostId">
            <summary>The ID of the post</summary>
        </member>
        <member name="P:Google.Apis.Blogger.v3.PostsResource.GetByPathRequest.Alt">
            <summary>Data format for the response.</summary>
        </member>
        <member name="P:Google.Apis.Blogger.v3.PostsResource.GetByPathRequest.Fields">
            <summary>Selector specifying which fields to include in a partial response.</summary>
        </member>
        <member name="P:Google.Apis.Blogger.v3.PostsResource.GetByPathRequest.Oauth_token">
            <summary>OAuth 2.0 token for the current user.</summary>
        </member>
        <member name="P:Google.Apis.Blogger.v3.PostsResource.GetByPathRequest.PrettyPrint">
            <summary>Returns response with indentations and line breaks.</summary>
        </member>
        <member name="P:Google.Apis.Blogger.v3.PostsResource.GetByPathRequest.QuotaUser">
            <summary>Available to use for quota purposes for server-side applications. Can be any arbitrary string assigned to a user, but should not exceed 40 characters. Overrides userIp if both are provided.</summary>
        </member>
        <member name="P:Google.Apis.Blogger.v3.PostsResource.GetByPathRequest.UserIp">
            <summary>IP address of the site where the request originates. Use this if you want to enforce per-user limits.</summary>
        </member>
        <member name="P:Google.Apis.Blogger.v3.PostsResource.GetByPathRequest.BlogId">
            <summary>ID of the blog to fetch the post from.</summary>
        </member>
        <member name="P:Google.Apis.Blogger.v3.PostsResource.GetByPathRequest.MaxComments">
            <summary>Maximum number of comments to pull back on a post.</summary>
        </member>
        <member name="P:Google.Apis.Blogger.v3.PostsResource.GetByPathRequest.Path">
            <summary>Path of the Post to retrieve.</summary>
        </member>
        <member name="P:Google.Apis.Blogger.v3.PostsResource.InsertRequest.Alt">
            <summary>Data format for the response.</summary>
        </member>
        <member name="P:Google.Apis.Blogger.v3.PostsResource.InsertRequest.Fields">
            <summary>Selector specifying which fields to include in a partial response.</summary>
        </member>
        <member name="P:Google.Apis.Blogger.v3.PostsResource.InsertRequest.Oauth_token">
            <summary>OAuth 2.0 token for the current user.</summary>
        </member>
        <member name="P:Google.Apis.Blogger.v3.PostsResource.InsertRequest.PrettyPrint">
            <summary>Returns response with indentations and line breaks.</summary>
        </member>
        <member name="P:Google.Apis.Blogger.v3.PostsResource.InsertRequest.QuotaUser">
            <summary>Available to use for quota purposes for server-side applications. Can be any arbitrary string assigned to a user, but should not exceed 40 characters. Overrides userIp if both are provided.</summary>
        </member>
        <member name="P:Google.Apis.Blogger.v3.PostsResource.InsertRequest.UserIp">
            <summary>IP address of the site where the request originates. Use this if you want to enforce per-user limits.</summary>
        </member>
        <member name="P:Google.Apis.Blogger.v3.PostsResource.InsertRequest.BlogId">
            <summary>ID of the blog to fetch the post from.</summary>
        </member>
        <member name="P:Google.Apis.Blogger.v3.PostsResource.InsertRequest.Body">
            <summary>Gets/Sets the Body of this Request.</summary>
        </member>
        <member name="P:Google.Apis.Blogger.v3.PostsResource.ListRequest.Alt">
            <summary>Data format for the response.</summary>
        </member>
        <member name="P:Google.Apis.Blogger.v3.PostsResource.ListRequest.Fields">
            <summary>Selector specifying which fields to include in a partial response.</summary>
        </member>
        <member name="P:Google.Apis.Blogger.v3.PostsResource.ListRequest.Oauth_token">
            <summary>OAuth 2.0 token for the current user.</summary>
        </member>
        <member name="P:Google.Apis.Blogger.v3.PostsResource.ListRequest.PrettyPrint">
            <summary>Returns response with indentations and line breaks.</summary>
        </member>
        <member name="P:Google.Apis.Blogger.v3.PostsResource.ListRequest.QuotaUser">
            <summary>Available to use for quota purposes for server-side applications. Can be any arbitrary string assigned to a user, but should not exceed 40 characters. Overrides userIp if both are provided.</summary>
        </member>
        <member name="P:Google.Apis.Blogger.v3.PostsResource.ListRequest.UserIp">
            <summary>IP address of the site where the request originates. Use this if you want to enforce per-user limits.</summary>
        </member>
        <member name="P:Google.Apis.Blogger.v3.PostsResource.ListRequest.BlogId">
            <summary>ID of the blog to fetch posts from.</summary>
        </member>
        <member name="P:Google.Apis.Blogger.v3.PostsResource.ListRequest.EndDate">
            <summary>Latest post date to fetch, a date-time with RFC 3339 formatting.</summary>
        </member>
        <member name="P:Google.Apis.Blogger.v3.PostsResource.ListRequest.FetchBodies">
            <summary>Whether the body content of posts is included.</summary>
        </member>
        <member name="P:Google.Apis.Blogger.v3.PostsResource.ListRequest.Labels">
            <summary>Comma-separated list of labels to search for.</summary>
        </member>
        <member name="P:Google.Apis.Blogger.v3.PostsResource.ListRequest.MaxResults">
            <summary>Maximum number of posts to fetch.</summary>
        </member>
        <member name="P:Google.Apis.Blogger.v3.PostsResource.ListRequest.PageToken">
            <summary>Continuation token if the request is paged.</summary>
        </member>
        <member name="P:Google.Apis.Blogger.v3.PostsResource.ListRequest.StartDate">
            <summary>Earliest post date to fetch, a date-time with RFC 3339 formatting.</summary>
        </member>
        <member name="P:Google.Apis.Blogger.v3.PostsResource.PatchRequest.Alt">
            <summary>Data format for the response.</summary>
        </member>
        <member name="P:Google.Apis.Blogger.v3.PostsResource.PatchRequest.Fields">
            <summary>Selector specifying which fields to include in a partial response.</summary>
        </member>
        <member name="P:Google.Apis.Blogger.v3.PostsResource.PatchRequest.Oauth_token">
            <summary>OAuth 2.0 token for the current user.</summary>
        </member>
        <member name="P:Google.Apis.Blogger.v3.PostsResource.PatchRequest.PrettyPrint">
            <summary>Returns response with indentations and line breaks.</summary>
        </member>
        <member name="P:Google.Apis.Blogger.v3.PostsResource.PatchRequest.QuotaUser">
            <summary>Available to use for quota purposes for server-side applications. Can be any arbitrary string assigned to a user, but should not exceed 40 characters. Overrides userIp if both are provided.</summary>
        </member>
        <member name="P:Google.Apis.Blogger.v3.PostsResource.PatchRequest.UserIp">
            <summary>IP address of the site where the request originates. Use this if you want to enforce per-user limits.</summary>
        </member>
        <member name="P:Google.Apis.Blogger.v3.PostsResource.PatchRequest.BlogId">
            <summary>The ID of the Blog.</summary>
        </member>
        <member name="P:Google.Apis.Blogger.v3.PostsResource.PatchRequest.PostId">
            <summary>The ID of the Post.</summary>
        </member>
        <member name="P:Google.Apis.Blogger.v3.PostsResource.PatchRequest.Body">
            <summary>Gets/Sets the Body of this Request.</summary>
        </member>
        <member name="P:Google.Apis.Blogger.v3.PostsResource.SearchRequest.Alt">
            <summary>Data format for the response.</summary>
        </member>
        <member name="P:Google.Apis.Blogger.v3.PostsResource.SearchRequest.Fields">
            <summary>Selector specifying which fields to include in a partial response.</summary>
        </member>
        <member name="P:Google.Apis.Blogger.v3.PostsResource.SearchRequest.Oauth_token">
            <summary>OAuth 2.0 token for the current user.</summary>
        </member>
        <member name="P:Google.Apis.Blogger.v3.PostsResource.SearchRequest.PrettyPrint">
            <summary>Returns response with indentations and line breaks.</summary>
        </member>
        <member name="P:Google.Apis.Blogger.v3.PostsResource.SearchRequest.QuotaUser">
            <summary>Available to use for quota purposes for server-side applications. Can be any arbitrary string assigned to a user, but should not exceed 40 characters. Overrides userIp if both are provided.</summary>
        </member>
        <member name="P:Google.Apis.Blogger.v3.PostsResource.SearchRequest.UserIp">
            <summary>IP address of the site where the request originates. Use this if you want to enforce per-user limits.</summary>
        </member>
        <member name="P:Google.Apis.Blogger.v3.PostsResource.SearchRequest.BlogId">
            <summary>ID of the blog to fetch the post from.</summary>
        </member>
        <member name="P:Google.Apis.Blogger.v3.PostsResource.SearchRequest.Q">
            <summary>Query terms to search this blog for matching posts.</summary>
        </member>
        <member name="P:Google.Apis.Blogger.v3.PostsResource.UpdateRequest.Alt">
            <summary>Data format for the response.</summary>
        </member>
        <member name="P:Google.Apis.Blogger.v3.PostsResource.UpdateRequest.Fields">
            <summary>Selector specifying which fields to include in a partial response.</summary>
        </member>
        <member name="P:Google.Apis.Blogger.v3.PostsResource.UpdateRequest.Oauth_token">
            <summary>OAuth 2.0 token for the current user.</summary>
        </member>
        <member name="P:Google.Apis.Blogger.v3.PostsResource.UpdateRequest.PrettyPrint">
            <summary>Returns response with indentations and line breaks.</summary>
        </member>
        <member name="P:Google.Apis.Blogger.v3.PostsResource.UpdateRequest.QuotaUser">
            <summary>Available to use for quota purposes for server-side applications. Can be any arbitrary string assigned to a user, but should not exceed 40 characters. Overrides userIp if both are provided.</summary>
        </member>
        <member name="P:Google.Apis.Blogger.v3.PostsResource.UpdateRequest.UserIp">
            <summary>IP address of the site where the request originates. Use this if you want to enforce per-user limits.</summary>
        </member>
        <member name="P:Google.Apis.Blogger.v3.PostsResource.UpdateRequest.BlogId">
            <summary>The ID of the Blog.</summary>
        </member>
        <member name="P:Google.Apis.Blogger.v3.PostsResource.UpdateRequest.PostId">
            <summary>The ID of the Post.</summary>
        </member>
        <member name="P:Google.Apis.Blogger.v3.PostsResource.UpdateRequest.Body">
            <summary>Gets/Sets the Body of this Request.</summary>
        </member>
        <member name="M:Google.Apis.Blogger.v3.UsersResource.Get(System.String)">
            <summary>Gets one user by id.</summary>
            <param name="userId">Required - The ID of the user to get.</param>
        </member>
        <member name="P:Google.Apis.Blogger.v3.UsersResource.GetRequest.Alt">
            <summary>Data format for the response.</summary>
        </member>
        <member name="P:Google.Apis.Blogger.v3.UsersResource.GetRequest.Fields">
            <summary>Selector specifying which fields to include in a partial response.</summary>
        </member>
        <member name="P:Google.Apis.Blogger.v3.UsersResource.GetRequest.Oauth_token">
            <summary>OAuth 2.0 token for the current user.</summary>
        </member>
        <member name="P:Google.Apis.Blogger.v3.UsersResource.GetRequest.PrettyPrint">
            <summary>Returns response with indentations and line breaks.</summary>
        </member>
        <member name="P:Google.Apis.Blogger.v3.UsersResource.GetRequest.QuotaUser">
            <summary>Available to use for quota purposes for server-side applications. Can be any arbitrary string assigned to a user, but should not exceed 40 characters. Overrides userIp if both are provided.</summary>
        </member>
        <member name="P:Google.Apis.Blogger.v3.UsersResource.GetRequest.UserIp">
            <summary>IP address of the site where the request originates. Use this if you want to enforce per-user limits.</summary>
        </member>
        <member name="P:Google.Apis.Blogger.v3.UsersResource.GetRequest.UserId">
            <summary>The ID of the user to get.</summary>
        </member>
    </members>
</doc>
