<?xml version="1.0"?>
<doc>
    <assembly>
        <name>Google.Apis.Coordinate.v1</name>
    </assembly>
    <members>
        <member name="T:Google.Apis.Coordinate.v1.Data.CustomField">
            <summary>Custom field.</summary>
        </member>
        <member name="P:Google.Apis.Coordinate.v1.Data.CustomField.CustomFieldId">
            <summary>Custom field id.</summary>
        </member>
        <member name="P:Google.Apis.Coordinate.v1.Data.CustomField.Kind">
            <summary>Identifies this object as a custom field.</summary>
        </member>
        <member name="P:Google.Apis.Coordinate.v1.Data.CustomField.Value">
            <summary>Custom field value.</summary>
        </member>
        <member name="T:Google.Apis.Coordinate.v1.Data.CustomFieldDef">
            <summary>Custom field definition.</summary>
        </member>
        <member name="P:Google.Apis.Coordinate.v1.Data.CustomFieldDef.Enabled">
            <summary>Whether the field is enabled.</summary>
        </member>
        <member name="P:Google.Apis.Coordinate.v1.Data.CustomFieldDef.Id">
            <summary>Custom field id.</summary>
        </member>
        <member name="P:Google.Apis.Coordinate.v1.Data.CustomFieldDef.Kind">
            <summary>Identifies this object as a custom field definition.</summary>
        </member>
        <member name="P:Google.Apis.Coordinate.v1.Data.CustomFieldDef.Name">
            <summary>Custom field name.</summary>
        </member>
        <member name="P:Google.Apis.Coordinate.v1.Data.CustomFieldDef.RequiredForCheckout">
            <summary>Whether the field is required for checkout.</summary>
        </member>
        <member name="P:Google.Apis.Coordinate.v1.Data.CustomFieldDef.Type">
            <summary>Custom field type.</summary>
        </member>
        <member name="T:Google.Apis.Coordinate.v1.Data.CustomFieldDefListResponse">
            <summary>Collection of custom field definitions for a team.</summary>
        </member>
        <member name="P:Google.Apis.Coordinate.v1.Data.CustomFieldDefListResponse.Items">
            <summary>Collection of custom field definitions in a team.</summary>
        </member>
        <member name="P:Google.Apis.Coordinate.v1.Data.CustomFieldDefListResponse.Kind">
            <summary>Identifies this object as a collection of custom field definitions in a team.</summary>
        </member>
        <member name="T:Google.Apis.Coordinate.v1.Data.CustomFields">
            <summary>Collection of custom fields.</summary>
        </member>
        <member name="P:Google.Apis.Coordinate.v1.Data.CustomFields.CustomField">
            <summary>Collection of custom fields.</summary>
        </member>
        <member name="P:Google.Apis.Coordinate.v1.Data.CustomFields.Kind">
            <summary>Identifies this object as a collection of custom fields.</summary>
        </member>
        <member name="T:Google.Apis.Coordinate.v1.Data.Job">
            <summary>A job.</summary>
        </member>
        <member name="P:Google.Apis.Coordinate.v1.Data.Job.Id">
            <summary>Job id.</summary>
        </member>
        <member name="P:Google.Apis.Coordinate.v1.Data.Job.JobChange">
            <summary>List of job changes since it was created. The first change corresponds to the state of the job when it was created.</summary>
        </member>
        <member name="P:Google.Apis.Coordinate.v1.Data.Job.Kind">
            <summary>Identifies this object as a job.</summary>
        </member>
        <member name="P:Google.Apis.Coordinate.v1.Data.Job.State">
            <summary>Current state of a job.</summary>
        </member>
        <member name="T:Google.Apis.Coordinate.v1.Data.JobChange">
            <summary>Change to a job. For example assigning the job to a different worker.</summary>
        </member>
        <member name="P:Google.Apis.Coordinate.v1.Data.JobChange.Kind">
            <summary>Identifies this object as a job change.</summary>
        </member>
        <member name="P:Google.Apis.Coordinate.v1.Data.JobChange.State">
            <summary>Current state of a job.</summary>
        </member>
        <member name="P:Google.Apis.Coordinate.v1.Data.JobChange.Timestamp">
            <summary>Time at which this change was applied.</summary>
        </member>
        <member name="T:Google.Apis.Coordinate.v1.Data.JobListResponse">
            <summary>Response from a List Jobs request.</summary>
        </member>
        <member name="P:Google.Apis.Coordinate.v1.Data.JobListResponse.Items">
            <summary>Jobs in the collection.</summary>
        </member>
        <member name="P:Google.Apis.Coordinate.v1.Data.JobListResponse.Kind">
            <summary>Identifies this object as a list of jobs.</summary>
        </member>
        <member name="P:Google.Apis.Coordinate.v1.Data.JobListResponse.NextPageToken">
            <summary>A token to provide to get the next page of results.</summary>
        </member>
        <member name="T:Google.Apis.Coordinate.v1.Data.JobState">
            <summary>Current state of a job.</summary>
        </member>
        <member name="P:Google.Apis.Coordinate.v1.Data.JobState.Assignee">
            <summary>Email address of the assignee.</summary>
        </member>
        <member name="P:Google.Apis.Coordinate.v1.Data.JobState.CustomFields">
            <summary>Collection of custom fields.</summary>
        </member>
        <member name="P:Google.Apis.Coordinate.v1.Data.JobState.CustomerName">
            <summary>Customer name.</summary>
        </member>
        <member name="P:Google.Apis.Coordinate.v1.Data.JobState.CustomerPhoneNumber">
            <summary>Customer phone number.</summary>
        </member>
        <member name="P:Google.Apis.Coordinate.v1.Data.JobState.Kind">
            <summary>Identifies this object as a job state.</summary>
        </member>
        <member name="P:Google.Apis.Coordinate.v1.Data.JobState.Location">
            <summary>Location of a job.</summary>
        </member>
        <member name="P:Google.Apis.Coordinate.v1.Data.JobState.Note">
            <summary>Note added to the job.</summary>
        </member>
        <member name="P:Google.Apis.Coordinate.v1.Data.JobState.Progress">
            <summary>Job progress.</summary>
        </member>
        <member name="P:Google.Apis.Coordinate.v1.Data.JobState.Title">
            <summary>Job title.</summary>
        </member>
        <member name="T:Google.Apis.Coordinate.v1.Data.Location">
            <summary>Location of a job.</summary>
        </member>
        <member name="P:Google.Apis.Coordinate.v1.Data.Location.AddressLine">
            <summary>Address.</summary>
        </member>
        <member name="P:Google.Apis.Coordinate.v1.Data.Location.Kind">
            <summary>Identifies this object as a location.</summary>
        </member>
        <member name="P:Google.Apis.Coordinate.v1.Data.Location.Lat">
            <summary>Latitude.</summary>
        </member>
        <member name="P:Google.Apis.Coordinate.v1.Data.Location.Lng">
            <summary>Longitude.</summary>
        </member>
        <member name="T:Google.Apis.Coordinate.v1.Data.LocationListResponse">
            <summary>Response from a List Locations request.</summary>
        </member>
        <member name="P:Google.Apis.Coordinate.v1.Data.LocationListResponse.Items">
            <summary>Locations in the collection.</summary>
        </member>
        <member name="P:Google.Apis.Coordinate.v1.Data.LocationListResponse.Kind">
            <summary>Identifies this object as a list of locations.</summary>
        </member>
        <member name="P:Google.Apis.Coordinate.v1.Data.LocationListResponse.NextPageToken">
            <summary>A token to provide to get the next page of results.</summary>
        </member>
        <member name="P:Google.Apis.Coordinate.v1.Data.LocationListResponse.PageInfo">
            <summary>Page information.</summary>
        </member>
        <member name="P:Google.Apis.Coordinate.v1.Data.LocationListResponse.TokenPagination">
            <summary>Pagination information.</summary>
        </member>
        <member name="T:Google.Apis.Coordinate.v1.Data.LocationRecord">
            <summary>Recorded location of a worker.</summary>
        </member>
        <member name="P:Google.Apis.Coordinate.v1.Data.LocationRecord.CollectionTime">
            <summary>The collection time in milliseconds since the epoch.</summary>
        </member>
        <member name="P:Google.Apis.Coordinate.v1.Data.LocationRecord.ConfidenceRadius">
            <summary>The location accuracy in meters. This is the radius of a 95% confidence interval around the location measurement.</summary>
        </member>
        <member name="P:Google.Apis.Coordinate.v1.Data.LocationRecord.Kind">
            <summary>Identifies this object as a location.</summary>
        </member>
        <member name="P:Google.Apis.Coordinate.v1.Data.LocationRecord.Latitude">
            <summary>Latitude.</summary>
        </member>
        <member name="P:Google.Apis.Coordinate.v1.Data.LocationRecord.Longitude">
            <summary>Longitude.</summary>
        </member>
        <member name="T:Google.Apis.Coordinate.v1.Data.PageInfo">
            <summary>Page information.</summary>
        </member>
        <member name="P:Google.Apis.Coordinate.v1.Data.PageInfo.Kind">
            <summary>Identifies this object as page information.</summary>
        </member>
        <member name="P:Google.Apis.Coordinate.v1.Data.PageInfo.ResultPerPage">
            <summary>Number of results per page.</summary>
        </member>
        <member name="P:Google.Apis.Coordinate.v1.Data.PageInfo.StartIndex">
            <summary>Page start index.</summary>
        </member>
        <member name="P:Google.Apis.Coordinate.v1.Data.PageInfo.TotalResults">
            <summary>Number of results available.</summary>
        </member>
        <member name="T:Google.Apis.Coordinate.v1.Data.Schedule">
            <summary>Job schedule.</summary>
        </member>
        <member name="P:Google.Apis.Coordinate.v1.Data.Schedule.AllDay">
            <summary>Whether the job is scheduled for the whole day. Time of day in start/end times is ignored if this is true.</summary>
        </member>
        <member name="P:Google.Apis.Coordinate.v1.Data.Schedule.EndTime">
            <summary>Scheduled end time in milliseconds since epoch.</summary>
        </member>
        <member name="P:Google.Apis.Coordinate.v1.Data.Schedule.Kind">
            <summary>Identifies this object as a job schedule.</summary>
        </member>
        <member name="P:Google.Apis.Coordinate.v1.Data.Schedule.StartTime">
            <summary>Scheduled start time in milliseconds since epoch.</summary>
        </member>
        <member name="T:Google.Apis.Coordinate.v1.Data.TokenPagination">
            <summary>Pagination information.</summary>
        </member>
        <member name="P:Google.Apis.Coordinate.v1.Data.TokenPagination.Kind">
            <summary>Identifies this object as pagination information.</summary>
        </member>
        <member name="P:Google.Apis.Coordinate.v1.Data.TokenPagination.NextPageToken">
            <summary>A token to provide to get the next page of results.</summary>
        </member>
        <member name="P:Google.Apis.Coordinate.v1.Data.TokenPagination.PreviousPageToken">
            <summary>A token to provide to get the previous page of results.</summary>
        </member>
        <member name="T:Google.Apis.Coordinate.v1.Data.Worker">
            <summary>A worker in a Coordinate team.</summary>
        </member>
        <member name="P:Google.Apis.Coordinate.v1.Data.Worker.Id">
            <summary>Worker email address.</summary>
        </member>
        <member name="P:Google.Apis.Coordinate.v1.Data.Worker.Kind">
            <summary>Identifies this object as a worker.</summary>
        </member>
        <member name="T:Google.Apis.Coordinate.v1.Data.WorkerListResponse">
            <summary>Response from a List Workers request.</summary>
        </member>
        <member name="P:Google.Apis.Coordinate.v1.Data.WorkerListResponse.Items">
            <summary>Workers in the collection.</summary>
        </member>
        <member name="P:Google.Apis.Coordinate.v1.Data.WorkerListResponse.Kind">
            <summary>Identifies this object as a list of workers.</summary>
        </member>
        <member name="P:Google.Apis.Coordinate.v1.CoordinateService.Key">
            <summary>Sets the API-Key (or DeveloperKey) which this service uses for all requests</summary>
        </member>
        <member name="T:Google.Apis.Coordinate.v1.CoordinateService.Scopes">
            <summary>A list of all OAuth2.0 scopes. Each of these scopes relates to a permission or group of permissions that different methods of this API may need.</summary>
        </member>
        <member name="F:Google.Apis.Coordinate.v1.CoordinateService.Scopes.Coordinate">
            <summary>View and manage your Google Maps Coordinate jobs</summary>
        </member>
        <member name="F:Google.Apis.Coordinate.v1.CoordinateService.Scopes.CoordinateReadonly">
            <summary>View your Google Coordinate jobs</summary>
        </member>
        <member name="M:Google.Apis.Coordinate.v1.CustomFieldDefResource.List(System.String)">
            <summary>Retrieves a list of custom field definitions for a team.</summary>
            <param name="teamId">Required - Team ID</param>
        </member>
        <member name="P:Google.Apis.Coordinate.v1.CustomFieldDefResource.ListRequest.Oauth_token">
            <summary>OAuth 2.0 token for the current user.</summary>
        </member>
        <member name="P:Google.Apis.Coordinate.v1.CustomFieldDefResource.ListRequest.PrettyPrint">
            <summary>Returns response with indentations and line breaks.</summary>
        </member>
        <member name="P:Google.Apis.Coordinate.v1.CustomFieldDefResource.ListRequest.TeamId">
            <summary>Team ID</summary>
        </member>
        <member name="M:Google.Apis.Coordinate.v1.JobsResource.Get(System.String,System.String)">
            <summary>Retrieves a job, including all the changes made to the job.</summary>
            <param name="teamId">Required - Team ID</param>
            <param name="jobId">Required - Job number</param>
        </member>
        <member name="M:Google.Apis.Coordinate.v1.JobsResource.Insert(Google.Apis.Coordinate.v1.Data.Job,System.String,System.String,System.String,System.String,System.String)">
            <summary>Inserts a new job. Only the state field of the job should be set.</summary>
            <param name="teamId">Required - Team ID</param>
            <param name="address">Required - Job address as newline (Unix) separated string</param>
            <param name="lat">Required - The latitude coordinate of this job&apos;s location.</param>
            <param name="lng">Required - The longitude coordinate of this job&apos;s location.</param>
            <param name="title">Required - Job title</param>
        </member>
        <member name="M:Google.Apis.Coordinate.v1.JobsResource.List(System.String)">
            <summary>Retrieves jobs created or modified since the given timestamp.</summary>
            <param name="teamId">Required - Team ID</param>
        </member>
        <member name="M:Google.Apis.Coordinate.v1.JobsResource.Patch(Google.Apis.Coordinate.v1.Data.Job,System.String,System.String)">
            <summary>Updates a job. Fields that are set in the job state will be updated. This method supports patch semantics.</summary>
            <param name="teamId">Required - Team ID</param>
            <param name="jobId">Required - Job number</param>
        </member>
        <member name="M:Google.Apis.Coordinate.v1.JobsResource.Update(Google.Apis.Coordinate.v1.Data.Job,System.String,System.String)">
            <summary>Updates a job. Fields that are set in the job state will be updated.</summary>
            <param name="teamId">Required - Team ID</param>
            <param name="jobId">Required - Job number</param>
        </member>
        <member name="T:Google.Apis.Coordinate.v1.JobsResource.Progress">
            <summary>Job progress</summary>
        </member>
        <member name="F:Google.Apis.Coordinate.v1.JobsResource.Progress.COMPLETED">
            <summary>Completed</summary>
        </member>
        <member name="F:Google.Apis.Coordinate.v1.JobsResource.Progress.IN_PROGRESS">
            <summary>In progress</summary>
        </member>
        <member name="F:Google.Apis.Coordinate.v1.JobsResource.Progress.NOT_ACCEPTED">
            <summary>Not accepted</summary>
        </member>
        <member name="F:Google.Apis.Coordinate.v1.JobsResource.Progress.NOT_STARTED">
            <summary>Not started</summary>
        </member>
        <member name="F:Google.Apis.Coordinate.v1.JobsResource.Progress.OBSOLETE">
            <summary>Obsolete</summary>
        </member>
        <member name="P:Google.Apis.Coordinate.v1.JobsResource.GetRequest.Oauth_token">
            <summary>OAuth 2.0 token for the current user.</summary>
        </member>
        <member name="P:Google.Apis.Coordinate.v1.JobsResource.GetRequest.PrettyPrint">
            <summary>Returns response with indentations and line breaks.</summary>
        </member>
        <member name="P:Google.Apis.Coordinate.v1.JobsResource.GetRequest.JobId">
            <summary>Job number</summary>
        </member>
        <member name="P:Google.Apis.Coordinate.v1.JobsResource.GetRequest.TeamId">
            <summary>Team ID</summary>
        </member>
        <member name="P:Google.Apis.Coordinate.v1.JobsResource.InsertRequest.Oauth_token">
            <summary>OAuth 2.0 token for the current user.</summary>
        </member>
        <member name="P:Google.Apis.Coordinate.v1.JobsResource.InsertRequest.PrettyPrint">
            <summary>Returns response with indentations and line breaks.</summary>
        </member>
        <member name="P:Google.Apis.Coordinate.v1.JobsResource.InsertRequest.Address">
            <summary>Job address as newline (Unix) separated string</summary>
        </member>
        <member name="P:Google.Apis.Coordinate.v1.JobsResource.InsertRequest.Assignee">
            <summary>Assignee email address, or empty string to unassign.</summary>
        </member>
        <member name="P:Google.Apis.Coordinate.v1.JobsResource.InsertRequest.CustomField">
            <summary>Map from custom field id (from /team//custom_fields) to the field value. For example '123=Alice'</summary>
        </member>
        <member name="P:Google.Apis.Coordinate.v1.JobsResource.InsertRequest.CustomerName">
            <summary>Customer name</summary>
        </member>
        <member name="P:Google.Apis.Coordinate.v1.JobsResource.InsertRequest.CustomerPhoneNumber">
            <summary>Customer phone number</summary>
        </member>
        <member name="P:Google.Apis.Coordinate.v1.JobsResource.InsertRequest.Lat">
            <summary>The latitude coordinate of this job's location.</summary>
        </member>
        <member name="P:Google.Apis.Coordinate.v1.JobsResource.InsertRequest.Lng">
            <summary>The longitude coordinate of this job's location.</summary>
        </member>
        <member name="P:Google.Apis.Coordinate.v1.JobsResource.InsertRequest.Note">
            <summary>Job note as newline (Unix) separated string</summary>
        </member>
        <member name="P:Google.Apis.Coordinate.v1.JobsResource.InsertRequest.TeamId">
            <summary>Team ID</summary>
        </member>
        <member name="P:Google.Apis.Coordinate.v1.JobsResource.InsertRequest.Title">
            <summary>Job title</summary>
        </member>
        <member name="P:Google.Apis.Coordinate.v1.JobsResource.InsertRequest.Body">
            <summary>Gets/Sets the Body of this Request.</summary>
        </member>
        <member name="P:Google.Apis.Coordinate.v1.JobsResource.ListRequest.Oauth_token">
            <summary>OAuth 2.0 token for the current user.</summary>
        </member>
        <member name="P:Google.Apis.Coordinate.v1.JobsResource.ListRequest.PrettyPrint">
            <summary>Returns response with indentations and line breaks.</summary>
        </member>
        <member name="P:Google.Apis.Coordinate.v1.JobsResource.ListRequest.MaxResults">
            <summary>Maximum number of results to return in one page.</summary>
        </member>
        <member name="P:Google.Apis.Coordinate.v1.JobsResource.ListRequest.MinModifiedTimestampMs">
            <summary>Minimum time a job was modified in milliseconds since epoch.</summary>
        </member>
        <member name="P:Google.Apis.Coordinate.v1.JobsResource.ListRequest.PageToken">
            <summary>Continuation token</summary>
        </member>
        <member name="P:Google.Apis.Coordinate.v1.JobsResource.ListRequest.TeamId">
            <summary>Team ID</summary>
        </member>
        <member name="P:Google.Apis.Coordinate.v1.JobsResource.PatchRequest.Oauth_token">
            <summary>OAuth 2.0 token for the current user.</summary>
        </member>
        <member name="P:Google.Apis.Coordinate.v1.JobsResource.PatchRequest.PrettyPrint">
            <summary>Returns response with indentations and line breaks.</summary>
        </member>
        <member name="P:Google.Apis.Coordinate.v1.JobsResource.PatchRequest.Address">
            <summary>Job address as newline (Unix) separated string</summary>
        </member>
        <member name="P:Google.Apis.Coordinate.v1.JobsResource.PatchRequest.Assignee">
            <summary>Assignee email address, or empty string to unassign.</summary>
        </member>
        <member name="P:Google.Apis.Coordinate.v1.JobsResource.PatchRequest.CustomField">
            <summary>Map from custom field id (from /team//custom_fields) to the field value. For example '123=Alice'</summary>
        </member>
        <member name="P:Google.Apis.Coordinate.v1.JobsResource.PatchRequest.CustomerName">
            <summary>Customer name</summary>
        </member>
        <member name="P:Google.Apis.Coordinate.v1.JobsResource.PatchRequest.CustomerPhoneNumber">
            <summary>Customer phone number</summary>
        </member>
        <member name="P:Google.Apis.Coordinate.v1.JobsResource.PatchRequest.JobId">
            <summary>Job number</summary>
        </member>
        <member name="P:Google.Apis.Coordinate.v1.JobsResource.PatchRequest.Lat">
            <summary>The latitude coordinate of this job's location.</summary>
        </member>
        <member name="P:Google.Apis.Coordinate.v1.JobsResource.PatchRequest.Lng">
            <summary>The longitude coordinate of this job's location.</summary>
        </member>
        <member name="P:Google.Apis.Coordinate.v1.JobsResource.PatchRequest.Note">
            <summary>Job note as newline (Unix) separated string</summary>
        </member>
        <member name="P:Google.Apis.Coordinate.v1.JobsResource.PatchRequest.Progress">
            <summary>Job progress</summary>
        </member>
        <member name="P:Google.Apis.Coordinate.v1.JobsResource.PatchRequest.TeamId">
            <summary>Team ID</summary>
        </member>
        <member name="P:Google.Apis.Coordinate.v1.JobsResource.PatchRequest.Title">
            <summary>Job title</summary>
        </member>
        <member name="P:Google.Apis.Coordinate.v1.JobsResource.PatchRequest.Body">
            <summary>Gets/Sets the Body of this Request.</summary>
        </member>
        <member name="P:Google.Apis.Coordinate.v1.JobsResource.UpdateRequest.Oauth_token">
            <summary>OAuth 2.0 token for the current user.</summary>
        </member>
        <member name="P:Google.Apis.Coordinate.v1.JobsResource.UpdateRequest.PrettyPrint">
            <summary>Returns response with indentations and line breaks.</summary>
        </member>
        <member name="P:Google.Apis.Coordinate.v1.JobsResource.UpdateRequest.Address">
            <summary>Job address as newline (Unix) separated string</summary>
        </member>
        <member name="P:Google.Apis.Coordinate.v1.JobsResource.UpdateRequest.Assignee">
            <summary>Assignee email address, or empty string to unassign.</summary>
        </member>
        <member name="P:Google.Apis.Coordinate.v1.JobsResource.UpdateRequest.CustomField">
            <summary>Map from custom field id (from /team//custom_fields) to the field value. For example '123=Alice'</summary>
        </member>
        <member name="P:Google.Apis.Coordinate.v1.JobsResource.UpdateRequest.CustomerName">
            <summary>Customer name</summary>
        </member>
        <member name="P:Google.Apis.Coordinate.v1.JobsResource.UpdateRequest.CustomerPhoneNumber">
            <summary>Customer phone number</summary>
        </member>
        <member name="P:Google.Apis.Coordinate.v1.JobsResource.UpdateRequest.JobId">
            <summary>Job number</summary>
        </member>
        <member name="P:Google.Apis.Coordinate.v1.JobsResource.UpdateRequest.Lat">
            <summary>The latitude coordinate of this job's location.</summary>
        </member>
        <member name="P:Google.Apis.Coordinate.v1.JobsResource.UpdateRequest.Lng">
            <summary>The longitude coordinate of this job's location.</summary>
        </member>
        <member name="P:Google.Apis.Coordinate.v1.JobsResource.UpdateRequest.Note">
            <summary>Job note as newline (Unix) separated string</summary>
        </member>
        <member name="P:Google.Apis.Coordinate.v1.JobsResource.UpdateRequest.Progress">
            <summary>Job progress</summary>
        </member>
        <member name="P:Google.Apis.Coordinate.v1.JobsResource.UpdateRequest.TeamId">
            <summary>Team ID</summary>
        </member>
        <member name="P:Google.Apis.Coordinate.v1.JobsResource.UpdateRequest.Title">
            <summary>Job title</summary>
        </member>
        <member name="P:Google.Apis.Coordinate.v1.JobsResource.UpdateRequest.Body">
            <summary>Gets/Sets the Body of this Request.</summary>
        </member>
        <member name="M:Google.Apis.Coordinate.v1.LocationResource.List(System.String,System.String,System.String)">
            <summary>Retrieves a list of locations for a worker.</summary>
            <param name="teamId">Required - Team ID</param>
            <param name="workerEmail">Required - Worker email address.</param>
            <param name="startTimestampMs">Required - Start timestamp in milliseconds since the epoch.</param>
        </member>
        <member name="P:Google.Apis.Coordinate.v1.LocationResource.ListRequest.Oauth_token">
            <summary>OAuth 2.0 token for the current user.</summary>
        </member>
        <member name="P:Google.Apis.Coordinate.v1.LocationResource.ListRequest.PrettyPrint">
            <summary>Returns response with indentations and line breaks.</summary>
        </member>
        <member name="P:Google.Apis.Coordinate.v1.LocationResource.ListRequest.StartTimestampMs">
            <summary>Start timestamp in milliseconds since the epoch.</summary>
        </member>
        <member name="P:Google.Apis.Coordinate.v1.LocationResource.ListRequest.TeamId">
            <summary>Team ID</summary>
        </member>
        <member name="P:Google.Apis.Coordinate.v1.LocationResource.ListRequest.WorkerEmail">
            <summary>Worker email address.</summary>
        </member>
        <member name="M:Google.Apis.Coordinate.v1.ScheduleResource.Get(System.String,System.String)">
            <summary>Retrieves the schedule for a job.</summary>
            <param name="teamId">Required - Team ID</param>
            <param name="jobId">Required - Job number</param>
        </member>
        <member name="M:Google.Apis.Coordinate.v1.ScheduleResource.Patch(Google.Apis.Coordinate.v1.Data.Schedule,System.String,System.String)">
            <summary>Replaces the schedule of a job with the provided schedule. This method supports patch semantics.</summary>
            <param name="teamId">Required - Team ID</param>
            <param name="jobId">Required - Job number</param>
        </member>
        <member name="M:Google.Apis.Coordinate.v1.ScheduleResource.Update(Google.Apis.Coordinate.v1.Data.Schedule,System.String,System.String)">
            <summary>Replaces the schedule of a job with the provided schedule.</summary>
            <param name="teamId">Required - Team ID</param>
            <param name="jobId">Required - Job number</param>
        </member>
        <member name="P:Google.Apis.Coordinate.v1.ScheduleResource.GetRequest.Oauth_token">
            <summary>OAuth 2.0 token for the current user.</summary>
        </member>
        <member name="P:Google.Apis.Coordinate.v1.ScheduleResource.GetRequest.PrettyPrint">
            <summary>Returns response with indentations and line breaks.</summary>
        </member>
        <member name="P:Google.Apis.Coordinate.v1.ScheduleResource.GetRequest.JobId">
            <summary>Job number</summary>
        </member>
        <member name="P:Google.Apis.Coordinate.v1.ScheduleResource.GetRequest.TeamId">
            <summary>Team ID</summary>
        </member>
        <member name="P:Google.Apis.Coordinate.v1.ScheduleResource.PatchRequest.Oauth_token">
            <summary>OAuth 2.0 token for the current user.</summary>
        </member>
        <member name="P:Google.Apis.Coordinate.v1.ScheduleResource.PatchRequest.PrettyPrint">
            <summary>Returns response with indentations and line breaks.</summary>
        </member>
        <member name="P:Google.Apis.Coordinate.v1.ScheduleResource.PatchRequest.AllDay">
            <summary>Whether the job is scheduled for the whole day. Time of day in start/end times is ignored if this is true.</summary>
        </member>
        <member name="P:Google.Apis.Coordinate.v1.ScheduleResource.PatchRequest.EndTime">
            <summary>Scheduled end time in milliseconds since epoch.</summary>
        </member>
        <member name="P:Google.Apis.Coordinate.v1.ScheduleResource.PatchRequest.JobId">
            <summary>Job number</summary>
        </member>
        <member name="P:Google.Apis.Coordinate.v1.ScheduleResource.PatchRequest.StartTime">
            <summary>Scheduled start time in milliseconds since epoch.</summary>
        </member>
        <member name="P:Google.Apis.Coordinate.v1.ScheduleResource.PatchRequest.TeamId">
            <summary>Team ID</summary>
        </member>
        <member name="P:Google.Apis.Coordinate.v1.ScheduleResource.PatchRequest.Body">
            <summary>Gets/Sets the Body of this Request.</summary>
        </member>
        <member name="P:Google.Apis.Coordinate.v1.ScheduleResource.UpdateRequest.Oauth_token">
            <summary>OAuth 2.0 token for the current user.</summary>
        </member>
        <member name="P:Google.Apis.Coordinate.v1.ScheduleResource.UpdateRequest.PrettyPrint">
            <summary>Returns response with indentations and line breaks.</summary>
        </member>
        <member name="P:Google.Apis.Coordinate.v1.ScheduleResource.UpdateRequest.AllDay">
            <summary>Whether the job is scheduled for the whole day. Time of day in start/end times is ignored if this is true.</summary>
        </member>
        <member name="P:Google.Apis.Coordinate.v1.ScheduleResource.UpdateRequest.EndTime">
            <summary>Scheduled end time in milliseconds since epoch.</summary>
        </member>
        <member name="P:Google.Apis.Coordinate.v1.ScheduleResource.UpdateRequest.JobId">
            <summary>Job number</summary>
        </member>
        <member name="P:Google.Apis.Coordinate.v1.ScheduleResource.UpdateRequest.StartTime">
            <summary>Scheduled start time in milliseconds since epoch.</summary>
        </member>
        <member name="P:Google.Apis.Coordinate.v1.ScheduleResource.UpdateRequest.TeamId">
            <summary>Team ID</summary>
        </member>
        <member name="P:Google.Apis.Coordinate.v1.ScheduleResource.UpdateRequest.Body">
            <summary>Gets/Sets the Body of this Request.</summary>
        </member>
        <member name="M:Google.Apis.Coordinate.v1.WorkerResource.List(System.String)">
            <summary>Retrieves a list of workers in a team.</summary>
            <param name="teamId">Required - Team ID</param>
        </member>
        <member name="P:Google.Apis.Coordinate.v1.WorkerResource.ListRequest.Oauth_token">
            <summary>OAuth 2.0 token for the current user.</summary>
        </member>
        <member name="P:Google.Apis.Coordinate.v1.WorkerResource.ListRequest.PrettyPrint">
            <summary>Returns response with indentations and line breaks.</summary>
        </member>
        <member name="P:Google.Apis.Coordinate.v1.WorkerResource.ListRequest.TeamId">
            <summary>Team ID</summary>
        </member>
    </members>
</doc>
