<?xml version="1.0"?>
<doc>
    <assembly>
        <name>Google.Apis.SiteVerification.v1</name>
    </assembly>
    <members>
        <member name="P:Google.Apis.SiteVerification.v1.Data.SiteVerificationWebResourceGettokenRequest.Site">
            <summary>The site for which a verification token will be generated.</summary>
        </member>
        <member name="P:Google.Apis.SiteVerification.v1.Data.SiteVerificationWebResourceGettokenRequest.VerificationMethod">
            <summary>The verification method that will be used to verify this site. For sites, &apos;FILE&apos; or &apos;META&apos; methods may be used. For domains, only &apos;DNS&apos; may be used.</summary>
        </member>
        <member name="T:Google.Apis.SiteVerification.v1.Data.SiteVerificationWebResourceGettokenRequest.SiteData">
            <summary>The site for which a verification token will be generated.</summary>
        </member>
        <member name="P:Google.Apis.SiteVerification.v1.Data.SiteVerificationWebResourceGettokenRequest.SiteData.Identifier">
            <summary>The site identifier. If the type is set to SITE, the identifier is a URL. If the type is set to INET_DOMAIN, the site identifier is a domain name.</summary>
        </member>
        <member name="P:Google.Apis.SiteVerification.v1.Data.SiteVerificationWebResourceGettokenRequest.SiteData.Type">
            <summary>The type of resource to be verified. Can be SITE or INET_DOMAIN (domain name).</summary>
        </member>
        <member name="P:Google.Apis.SiteVerification.v1.Data.SiteVerificationWebResourceGettokenResponse.Method">
            <summary>The verification method to use in conjunction with this token. For FILE, the token should be placed in the top-level directory of the site, stored inside a file of the same name. For META, the token should be placed in the HEAD tag of the default page that is loaded for the site. For DNS, the token should be placed in a TXT record of the domain.</summary>
        </member>
        <member name="P:Google.Apis.SiteVerification.v1.Data.SiteVerificationWebResourceGettokenResponse.Token">
            <summary>The verification token. The token must be placed appropriately in order for verification to succeed.</summary>
        </member>
        <member name="P:Google.Apis.SiteVerification.v1.Data.SiteVerificationWebResourceListResponse.Items">
            <summary>The list of sites that are owned by the authenticated user.</summary>
        </member>
        <member name="P:Google.Apis.SiteVerification.v1.Data.SiteVerificationWebResourceResource.Id">
            <summary>The string used to identify this site. This value should be used in the &quot;id&quot; portion of the REST URL for the Get, Update, and Delete operations.</summary>
        </member>
        <member name="P:Google.Apis.SiteVerification.v1.Data.SiteVerificationWebResourceResource.Owners">
            <summary>The email addresses of all verified owners.</summary>
        </member>
        <member name="P:Google.Apis.SiteVerification.v1.Data.SiteVerificationWebResourceResource.Site">
            <summary>The address and type of a site that is verified or will be verified.</summary>
        </member>
        <member name="T:Google.Apis.SiteVerification.v1.Data.SiteVerificationWebResourceResource.SiteData">
            <summary>The address and type of a site that is verified or will be verified.</summary>
        </member>
        <member name="P:Google.Apis.SiteVerification.v1.Data.SiteVerificationWebResourceResource.SiteData.Identifier">
            <summary>The site identifier. If the type is set to SITE, the identifier is a URL. If the type is set to INET_DOMAIN, the site identifier is a domain name.</summary>
        </member>
        <member name="P:Google.Apis.SiteVerification.v1.Data.SiteVerificationWebResourceResource.SiteData.Type">
            <summary>The site type. Can be SITE or INET_DOMAIN (domain name).</summary>
        </member>
        <member name="T:Google.Apis.SiteVerification.v1.SiteVerificationService.Scopes">
            <summary>A list of all OAuth2.0 scopes. Each of these scopes relates to a permission or group of permissions that different methods of this API may need.</summary>
        </member>
        <member name="F:Google.Apis.SiteVerification.v1.SiteVerificationService.Scopes.Siteverification">
            <summary>Manage the list of sites and domains you control</summary>
        </member>
        <member name="F:Google.Apis.SiteVerification.v1.SiteVerificationService.Scopes.SiteverificationVerify_only">
            <summary>Manage your new site verifications with Google</summary>
        </member>
        <member name="M:Google.Apis.SiteVerification.v1.WebResourceResource.Delete(System.String)">
            <summary>Relinquish ownership of a website or domain.</summary>
            <param name="id">Required - The id of a verified site or domain.</param>
        </member>
        <member name="M:Google.Apis.SiteVerification.v1.WebResourceResource.Get(System.String)">
            <summary>Get the most current data for a website or domain.</summary>
            <param name="id">Required - The id of a verified site or domain.</param>
        </member>
        <member name="M:Google.Apis.SiteVerification.v1.WebResourceResource.GetToken(Google.Apis.SiteVerification.v1.Data.SiteVerificationWebResourceGettokenRequest)">
            <summary>Get a verification token for placing on a website or domain.</summary>
        </member>
        <member name="M:Google.Apis.SiteVerification.v1.WebResourceResource.Insert(Google.Apis.SiteVerification.v1.Data.SiteVerificationWebResourceResource,System.String)">
            <summary>Attempt verification of a website or domain.</summary>
            <param name="verificationMethod">Required - The method to use for verifying a site or domain.</param>
        </member>
        <member name="M:Google.Apis.SiteVerification.v1.WebResourceResource.List">
            <summary>Get the list of your verified websites and domains.</summary>
        </member>
        <member name="M:Google.Apis.SiteVerification.v1.WebResourceResource.Patch(Google.Apis.SiteVerification.v1.Data.SiteVerificationWebResourceResource,System.String)">
            <summary>Modify the list of owners for your website or domain. This method supports patch semantics.</summary>
            <param name="id">Required - The id of a verified site or domain.</param>
        </member>
        <member name="M:Google.Apis.SiteVerification.v1.WebResourceResource.Update(Google.Apis.SiteVerification.v1.Data.SiteVerificationWebResourceResource,System.String)">
            <summary>Modify the list of owners for your website or domain.</summary>
            <param name="id">Required - The id of a verified site or domain.</param>
        </member>
        <member name="P:Google.Apis.SiteVerification.v1.WebResourceResource.DeleteRequest.Alt">
            <summary>Data format for the response.</summary>
        </member>
        <member name="P:Google.Apis.SiteVerification.v1.WebResourceResource.DeleteRequest.Fields">
            <summary>Selector specifying which fields to include in a partial response.</summary>
        </member>
        <member name="P:Google.Apis.SiteVerification.v1.WebResourceResource.DeleteRequest.Oauth_token">
            <summary>OAuth 2.0 token for the current user.</summary>
        </member>
        <member name="P:Google.Apis.SiteVerification.v1.WebResourceResource.DeleteRequest.PrettyPrint">
            <summary>Returns response with indentations and line breaks.</summary>
        </member>
        <member name="P:Google.Apis.SiteVerification.v1.WebResourceResource.DeleteRequest.QuotaUser">
            <summary>Available to use for quota purposes for server-side applications. Can be any arbitrary string assigned to a user, but should not exceed 40 characters. Overrides userIp if both are provided.</summary>
        </member>
        <member name="P:Google.Apis.SiteVerification.v1.WebResourceResource.DeleteRequest.UserIp">
            <summary>IP address of the site where the request originates. Use this if you want to enforce per-user limits.</summary>
        </member>
        <member name="P:Google.Apis.SiteVerification.v1.WebResourceResource.DeleteRequest.Id">
            <summary>The id of a verified site or domain.</summary>
        </member>
        <member name="P:Google.Apis.SiteVerification.v1.WebResourceResource.GetRequest.Alt">
            <summary>Data format for the response.</summary>
        </member>
        <member name="P:Google.Apis.SiteVerification.v1.WebResourceResource.GetRequest.Fields">
            <summary>Selector specifying which fields to include in a partial response.</summary>
        </member>
        <member name="P:Google.Apis.SiteVerification.v1.WebResourceResource.GetRequest.Oauth_token">
            <summary>OAuth 2.0 token for the current user.</summary>
        </member>
        <member name="P:Google.Apis.SiteVerification.v1.WebResourceResource.GetRequest.PrettyPrint">
            <summary>Returns response with indentations and line breaks.</summary>
        </member>
        <member name="P:Google.Apis.SiteVerification.v1.WebResourceResource.GetRequest.QuotaUser">
            <summary>Available to use for quota purposes for server-side applications. Can be any arbitrary string assigned to a user, but should not exceed 40 characters. Overrides userIp if both are provided.</summary>
        </member>
        <member name="P:Google.Apis.SiteVerification.v1.WebResourceResource.GetRequest.UserIp">
            <summary>IP address of the site where the request originates. Use this if you want to enforce per-user limits.</summary>
        </member>
        <member name="P:Google.Apis.SiteVerification.v1.WebResourceResource.GetRequest.Id">
            <summary>The id of a verified site or domain.</summary>
        </member>
        <member name="P:Google.Apis.SiteVerification.v1.WebResourceResource.GetTokenRequest.Alt">
            <summary>Data format for the response.</summary>
        </member>
        <member name="P:Google.Apis.SiteVerification.v1.WebResourceResource.GetTokenRequest.Fields">
            <summary>Selector specifying which fields to include in a partial response.</summary>
        </member>
        <member name="P:Google.Apis.SiteVerification.v1.WebResourceResource.GetTokenRequest.Oauth_token">
            <summary>OAuth 2.0 token for the current user.</summary>
        </member>
        <member name="P:Google.Apis.SiteVerification.v1.WebResourceResource.GetTokenRequest.PrettyPrint">
            <summary>Returns response with indentations and line breaks.</summary>
        </member>
        <member name="P:Google.Apis.SiteVerification.v1.WebResourceResource.GetTokenRequest.QuotaUser">
            <summary>Available to use for quota purposes for server-side applications. Can be any arbitrary string assigned to a user, but should not exceed 40 characters. Overrides userIp if both are provided.</summary>
        </member>
        <member name="P:Google.Apis.SiteVerification.v1.WebResourceResource.GetTokenRequest.UserIp">
            <summary>IP address of the site where the request originates. Use this if you want to enforce per-user limits.</summary>
        </member>
        <member name="P:Google.Apis.SiteVerification.v1.WebResourceResource.GetTokenRequest.Body">
            <summary>Gets/Sets the Body of this Request.</summary>
        </member>
        <member name="P:Google.Apis.SiteVerification.v1.WebResourceResource.InsertRequest.Alt">
            <summary>Data format for the response.</summary>
        </member>
        <member name="P:Google.Apis.SiteVerification.v1.WebResourceResource.InsertRequest.Fields">
            <summary>Selector specifying which fields to include in a partial response.</summary>
        </member>
        <member name="P:Google.Apis.SiteVerification.v1.WebResourceResource.InsertRequest.Oauth_token">
            <summary>OAuth 2.0 token for the current user.</summary>
        </member>
        <member name="P:Google.Apis.SiteVerification.v1.WebResourceResource.InsertRequest.PrettyPrint">
            <summary>Returns response with indentations and line breaks.</summary>
        </member>
        <member name="P:Google.Apis.SiteVerification.v1.WebResourceResource.InsertRequest.QuotaUser">
            <summary>Available to use for quota purposes for server-side applications. Can be any arbitrary string assigned to a user, but should not exceed 40 characters. Overrides userIp if both are provided.</summary>
        </member>
        <member name="P:Google.Apis.SiteVerification.v1.WebResourceResource.InsertRequest.UserIp">
            <summary>IP address of the site where the request originates. Use this if you want to enforce per-user limits.</summary>
        </member>
        <member name="P:Google.Apis.SiteVerification.v1.WebResourceResource.InsertRequest.VerificationMethod">
            <summary>The method to use for verifying a site or domain.</summary>
        </member>
        <member name="P:Google.Apis.SiteVerification.v1.WebResourceResource.InsertRequest.Body">
            <summary>Gets/Sets the Body of this Request.</summary>
        </member>
        <member name="P:Google.Apis.SiteVerification.v1.WebResourceResource.ListRequest.Alt">
            <summary>Data format for the response.</summary>
        </member>
        <member name="P:Google.Apis.SiteVerification.v1.WebResourceResource.ListRequest.Fields">
            <summary>Selector specifying which fields to include in a partial response.</summary>
        </member>
        <member name="P:Google.Apis.SiteVerification.v1.WebResourceResource.ListRequest.Oauth_token">
            <summary>OAuth 2.0 token for the current user.</summary>
        </member>
        <member name="P:Google.Apis.SiteVerification.v1.WebResourceResource.ListRequest.PrettyPrint">
            <summary>Returns response with indentations and line breaks.</summary>
        </member>
        <member name="P:Google.Apis.SiteVerification.v1.WebResourceResource.ListRequest.QuotaUser">
            <summary>Available to use for quota purposes for server-side applications. Can be any arbitrary string assigned to a user, but should not exceed 40 characters. Overrides userIp if both are provided.</summary>
        </member>
        <member name="P:Google.Apis.SiteVerification.v1.WebResourceResource.ListRequest.UserIp">
            <summary>IP address of the site where the request originates. Use this if you want to enforce per-user limits.</summary>
        </member>
        <member name="P:Google.Apis.SiteVerification.v1.WebResourceResource.PatchRequest.Alt">
            <summary>Data format for the response.</summary>
        </member>
        <member name="P:Google.Apis.SiteVerification.v1.WebResourceResource.PatchRequest.Fields">
            <summary>Selector specifying which fields to include in a partial response.</summary>
        </member>
        <member name="P:Google.Apis.SiteVerification.v1.WebResourceResource.PatchRequest.Oauth_token">
            <summary>OAuth 2.0 token for the current user.</summary>
        </member>
        <member name="P:Google.Apis.SiteVerification.v1.WebResourceResource.PatchRequest.PrettyPrint">
            <summary>Returns response with indentations and line breaks.</summary>
        </member>
        <member name="P:Google.Apis.SiteVerification.v1.WebResourceResource.PatchRequest.QuotaUser">
            <summary>Available to use for quota purposes for server-side applications. Can be any arbitrary string assigned to a user, but should not exceed 40 characters. Overrides userIp if both are provided.</summary>
        </member>
        <member name="P:Google.Apis.SiteVerification.v1.WebResourceResource.PatchRequest.UserIp">
            <summary>IP address of the site where the request originates. Use this if you want to enforce per-user limits.</summary>
        </member>
        <member name="P:Google.Apis.SiteVerification.v1.WebResourceResource.PatchRequest.Id">
            <summary>The id of a verified site or domain.</summary>
        </member>
        <member name="P:Google.Apis.SiteVerification.v1.WebResourceResource.PatchRequest.Body">
            <summary>Gets/Sets the Body of this Request.</summary>
        </member>
        <member name="P:Google.Apis.SiteVerification.v1.WebResourceResource.UpdateRequest.Alt">
            <summary>Data format for the response.</summary>
        </member>
        <member name="P:Google.Apis.SiteVerification.v1.WebResourceResource.UpdateRequest.Fields">
            <summary>Selector specifying which fields to include in a partial response.</summary>
        </member>
        <member name="P:Google.Apis.SiteVerification.v1.WebResourceResource.UpdateRequest.Oauth_token">
            <summary>OAuth 2.0 token for the current user.</summary>
        </member>
        <member name="P:Google.Apis.SiteVerification.v1.WebResourceResource.UpdateRequest.PrettyPrint">
            <summary>Returns response with indentations and line breaks.</summary>
        </member>
        <member name="P:Google.Apis.SiteVerification.v1.WebResourceResource.UpdateRequest.QuotaUser">
            <summary>Available to use for quota purposes for server-side applications. Can be any arbitrary string assigned to a user, but should not exceed 40 characters. Overrides userIp if both are provided.</summary>
        </member>
        <member name="P:Google.Apis.SiteVerification.v1.WebResourceResource.UpdateRequest.UserIp">
            <summary>IP address of the site where the request originates. Use this if you want to enforce per-user limits.</summary>
        </member>
        <member name="P:Google.Apis.SiteVerification.v1.WebResourceResource.UpdateRequest.Id">
            <summary>The id of a verified site or domain.</summary>
        </member>
        <member name="P:Google.Apis.SiteVerification.v1.WebResourceResource.UpdateRequest.Body">
            <summary>Gets/Sets the Body of this Request.</summary>
        </member>
    </members>
</doc>
