<?xml version="1.0"?>
<doc>
    <assembly>
        <name>Google.Apis.Plus.v1</name>
    </assembly>
    <members>
        <member name="P:Google.Apis.Plus.v1.Data.Acl.Description">
            <summary>Description of the access granted, suitable for display.</summary>
        </member>
        <member name="P:Google.Apis.Plus.v1.Data.Acl.Items">
            <summary>The list of access entries.</summary>
        </member>
        <member name="P:Google.Apis.Plus.v1.Data.Acl.Kind">
            <summary>Identifies this resource as a collection of access controls. Value: &quot;plus#acl&quot;.</summary>
        </member>
        <member name="P:Google.Apis.Plus.v1.Data.Activity.Actor">
            <summary>The person who performed this activity.</summary>
        </member>
        <member name="P:Google.Apis.Plus.v1.Data.Activity.Address">
            <summary>Street address where this activity occurred.</summary>
        </member>
        <member name="P:Google.Apis.Plus.v1.Data.Activity.Annotation">
            <summary>Additional content added by the person who shared this activity, applicable only when resharing an activity.</summary>
        </member>
        <member name="P:Google.Apis.Plus.v1.Data.Activity.CrosspostSource">
            <summary>If this activity is a crosspost from another system, this property specifies the ID of the original activity.</summary>
        </member>
        <member name="P:Google.Apis.Plus.v1.Data.Activity.ETag">
            <summary>ETag of this response for caching purposes.</summary>
        </member>
        <member name="P:Google.Apis.Plus.v1.Data.Activity.Geocode">
            <summary>Latitude and longitude where this activity occurred. Format is latitude followed by longitude, space separated.</summary>
        </member>
        <member name="P:Google.Apis.Plus.v1.Data.Activity.Id">
            <summary>The ID of this activity.</summary>
        </member>
        <member name="P:Google.Apis.Plus.v1.Data.Activity.Kind">
            <summary>Identifies this resource as an activity. Value: &quot;plus#activity&quot;.</summary>
        </member>
        <member name="P:Google.Apis.Plus.v1.Data.Activity.Object">
            <summary>The object of this activity.</summary>
        </member>
        <member name="P:Google.Apis.Plus.v1.Data.Activity.PlaceId">
            <summary>ID of the place where this activity occurred.</summary>
        </member>
        <member name="P:Google.Apis.Plus.v1.Data.Activity.PlaceName">
            <summary>Name of the place where this activity occurred.</summary>
        </member>
        <member name="P:Google.Apis.Plus.v1.Data.Activity.Provider">
            <summary>The service provider that initially published this activity.</summary>
        </member>
        <member name="P:Google.Apis.Plus.v1.Data.Activity.Published">
            <summary>The time at which this activity was initially published. Formatted as an RFC 3339 timestamp.</summary>
        </member>
        <member name="P:Google.Apis.Plus.v1.Data.Activity.Radius">
            <summary>Radius, in meters, of the region where this activity occurred, centered at the latitude and longitude identified in geocode.</summary>
        </member>
        <member name="P:Google.Apis.Plus.v1.Data.Activity.Title">
            <summary>Title of this activity.</summary>
        </member>
        <member name="P:Google.Apis.Plus.v1.Data.Activity.Updated">
            <summary>The time at which this activity was last updated. Formatted as an RFC 3339 timestamp.</summary>
        </member>
        <member name="P:Google.Apis.Plus.v1.Data.Activity.Url">
            <summary>The link to this activity.</summary>
        </member>
        <member name="P:Google.Apis.Plus.v1.Data.Activity.Verb">
             <summary>This activity&apos;s verb, indicating what action was performed. Possible values are:  
            - &quot;post&quot; - Publish content to the stream. 
            - &quot;share&quot; - Reshare an activity.</summary>
        </member>
        <member name="T:Google.Apis.Plus.v1.Data.Activity.ActorData">
            <summary>The person who performed this activity.</summary>
        </member>
        <member name="P:Google.Apis.Plus.v1.Data.Activity.ActorData.DisplayName">
            <summary>The name of the actor, suitable for display.</summary>
        </member>
        <member name="P:Google.Apis.Plus.v1.Data.Activity.ActorData.Id">
            <summary>The ID of the actor&apos;s person resource.</summary>
        </member>
        <member name="P:Google.Apis.Plus.v1.Data.Activity.ActorData.Image">
            <summary>The image representation of the actor.</summary>
        </member>
        <member name="P:Google.Apis.Plus.v1.Data.Activity.ActorData.Name">
            <summary>An object representation of the individual components of name.</summary>
        </member>
        <member name="P:Google.Apis.Plus.v1.Data.Activity.ActorData.Url">
            <summary>The link to the actor&apos;s Google profile.</summary>
        </member>
        <member name="T:Google.Apis.Plus.v1.Data.Activity.ActorData.ImageData">
            <summary>The image representation of the actor.</summary>
        </member>
        <member name="P:Google.Apis.Plus.v1.Data.Activity.ActorData.ImageData.Url">
            <summary>The URL of the actor&apos;s profile photo. To re-size the image and crop it to a square, append the query string ?sz=x, where x is the dimension in pixels of each side.</summary>
        </member>
        <member name="T:Google.Apis.Plus.v1.Data.Activity.ActorData.NameData">
            <summary>An object representation of the individual components of name.</summary>
        </member>
        <member name="P:Google.Apis.Plus.v1.Data.Activity.ActorData.NameData.FamilyName">
            <summary>The family name (last name) of the actor.</summary>
        </member>
        <member name="P:Google.Apis.Plus.v1.Data.Activity.ActorData.NameData.GivenName">
            <summary>The given name (first name) of the actor.</summary>
        </member>
        <member name="T:Google.Apis.Plus.v1.Data.Activity.ObjectData">
            <summary>The object of this activity.</summary>
        </member>
        <member name="P:Google.Apis.Plus.v1.Data.Activity.ObjectData.Actor">
            <summary>If this activity&apos;s object is itself another activity (for example, when a person reshares an activity), this property specifies the original activity&apos;s actor.</summary>
        </member>
        <member name="P:Google.Apis.Plus.v1.Data.Activity.ObjectData.Attachments">
            <summary>The media objects attached to this activity.</summary>
        </member>
        <member name="P:Google.Apis.Plus.v1.Data.Activity.ObjectData.Content">
            <summary>The HTML-formatted content, suitable for display.</summary>
        </member>
        <member name="P:Google.Apis.Plus.v1.Data.Activity.ObjectData.Id">
            <summary>The ID of the object. When resharing an activity, this is the ID of the activity being reshared.</summary>
        </member>
        <member name="P:Google.Apis.Plus.v1.Data.Activity.ObjectData.ObjectType">
             <summary>The type of the object. Possible values are:  
            - &quot;note&quot; - Textual content. 
            - &quot;activity&quot; - A Google+ activity.</summary>
        </member>
        <member name="P:Google.Apis.Plus.v1.Data.Activity.ObjectData.OriginalContent">
            <summary>The content (text) as provided by the author, stored without any HTML formatting. When creating or updating an activity, this value must be supplied as plain text in the request.</summary>
        </member>
        <member name="P:Google.Apis.Plus.v1.Data.Activity.ObjectData.Plusoners">
            <summary>People who +1&apos;d this activity.</summary>
        </member>
        <member name="P:Google.Apis.Plus.v1.Data.Activity.ObjectData.Replies">
            <summary>Comments in reply to this activity.</summary>
        </member>
        <member name="P:Google.Apis.Plus.v1.Data.Activity.ObjectData.Resharers">
            <summary>People who reshared this activity.</summary>
        </member>
        <member name="P:Google.Apis.Plus.v1.Data.Activity.ObjectData.Url">
            <summary>The URL that points to the linked resource.</summary>
        </member>
        <member name="T:Google.Apis.Plus.v1.Data.Activity.ObjectData.ActorData">
            <summary>If this activity&apos;s object is itself another activity (for example, when a person reshares an activity), this property specifies the original activity&apos;s actor.</summary>
        </member>
        <member name="P:Google.Apis.Plus.v1.Data.Activity.ObjectData.ActorData.DisplayName">
            <summary>The original actor&apos;s name, suitable for display.</summary>
        </member>
        <member name="P:Google.Apis.Plus.v1.Data.Activity.ObjectData.ActorData.Id">
            <summary>ID of the original actor.</summary>
        </member>
        <member name="P:Google.Apis.Plus.v1.Data.Activity.ObjectData.ActorData.Image">
            <summary>The image representation of the original actor.</summary>
        </member>
        <member name="P:Google.Apis.Plus.v1.Data.Activity.ObjectData.ActorData.Url">
            <summary>A link to the original actor&apos;s Google profile.</summary>
        </member>
        <member name="T:Google.Apis.Plus.v1.Data.Activity.ObjectData.ActorData.ImageData">
            <summary>The image representation of the original actor.</summary>
        </member>
        <member name="P:Google.Apis.Plus.v1.Data.Activity.ObjectData.ActorData.ImageData.Url">
            <summary>A URL that points to a thumbnail photo of the original actor.</summary>
        </member>
        <member name="P:Google.Apis.Plus.v1.Data.Activity.ObjectData.AttachmentsData.Content">
            <summary>If the attachment is an article, this property contains a snippet of text from the article. It can also include descriptions for other types.</summary>
        </member>
        <member name="P:Google.Apis.Plus.v1.Data.Activity.ObjectData.AttachmentsData.DisplayName">
            <summary>The title of the attachment (such as a photo caption or an article title).</summary>
        </member>
        <member name="P:Google.Apis.Plus.v1.Data.Activity.ObjectData.AttachmentsData.Embed">
            <summary>If the attachment is a video, the embeddable link.</summary>
        </member>
        <member name="P:Google.Apis.Plus.v1.Data.Activity.ObjectData.AttachmentsData.FullImage">
            <summary>The full image URL for photo attachments.</summary>
        </member>
        <member name="P:Google.Apis.Plus.v1.Data.Activity.ObjectData.AttachmentsData.Id">
            <summary>The ID of the attachment.</summary>
        </member>
        <member name="P:Google.Apis.Plus.v1.Data.Activity.ObjectData.AttachmentsData.Image">
            <summary>The preview image for photos or videos.</summary>
        </member>
        <member name="P:Google.Apis.Plus.v1.Data.Activity.ObjectData.AttachmentsData.ObjectType">
             <summary>The type of media object. Possible values are:  
            - &quot;photo&quot; - A photo. 
            - &quot;album&quot; - A photo album. 
            - &quot;video&quot; - A video. 
            - &quot;article&quot; - An article, specified by a link.</summary>
        </member>
        <member name="P:Google.Apis.Plus.v1.Data.Activity.ObjectData.AttachmentsData.Thumbnails">
            <summary>If the attachment is an album, potential additional thumbnails from the album.</summary>
        </member>
        <member name="P:Google.Apis.Plus.v1.Data.Activity.ObjectData.AttachmentsData.Url">
            <summary>The link to the attachment, should be of type text/html.</summary>
        </member>
        <member name="T:Google.Apis.Plus.v1.Data.Activity.ObjectData.AttachmentsData.EmbedData">
            <summary>If the attachment is a video, the embeddable link.</summary>
        </member>
        <member name="P:Google.Apis.Plus.v1.Data.Activity.ObjectData.AttachmentsData.EmbedData.Type">
            <summary>Media type of the link.</summary>
        </member>
        <member name="P:Google.Apis.Plus.v1.Data.Activity.ObjectData.AttachmentsData.EmbedData.Url">
            <summary>URL of the link.</summary>
        </member>
        <member name="T:Google.Apis.Plus.v1.Data.Activity.ObjectData.AttachmentsData.FullImageData">
            <summary>The full image URL for photo attachments.</summary>
        </member>
        <member name="P:Google.Apis.Plus.v1.Data.Activity.ObjectData.AttachmentsData.FullImageData.Height">
            <summary>The height, in pixels, of the linked resource.</summary>
        </member>
        <member name="P:Google.Apis.Plus.v1.Data.Activity.ObjectData.AttachmentsData.FullImageData.Type">
            <summary>Media type of the link.</summary>
        </member>
        <member name="P:Google.Apis.Plus.v1.Data.Activity.ObjectData.AttachmentsData.FullImageData.Url">
            <summary>URL to the image.</summary>
        </member>
        <member name="P:Google.Apis.Plus.v1.Data.Activity.ObjectData.AttachmentsData.FullImageData.Width">
            <summary>The width, in pixels, of the linked resource.</summary>
        </member>
        <member name="T:Google.Apis.Plus.v1.Data.Activity.ObjectData.AttachmentsData.ImageData">
            <summary>The preview image for photos or videos.</summary>
        </member>
        <member name="P:Google.Apis.Plus.v1.Data.Activity.ObjectData.AttachmentsData.ImageData.Height">
            <summary>The height, in pixels, of the linked resource.</summary>
        </member>
        <member name="P:Google.Apis.Plus.v1.Data.Activity.ObjectData.AttachmentsData.ImageData.Type">
            <summary>Media type of the link.</summary>
        </member>
        <member name="P:Google.Apis.Plus.v1.Data.Activity.ObjectData.AttachmentsData.ImageData.Url">
            <summary>Image url.</summary>
        </member>
        <member name="P:Google.Apis.Plus.v1.Data.Activity.ObjectData.AttachmentsData.ImageData.Width">
            <summary>The width, in pixels, of the linked resource.</summary>
        </member>
        <member name="P:Google.Apis.Plus.v1.Data.Activity.ObjectData.AttachmentsData.ThumbnailsData.Description">
            <summary>Potential name of the thumbnail.</summary>
        </member>
        <member name="P:Google.Apis.Plus.v1.Data.Activity.ObjectData.AttachmentsData.ThumbnailsData.Image">
            <summary>Image resource.</summary>
        </member>
        <member name="P:Google.Apis.Plus.v1.Data.Activity.ObjectData.AttachmentsData.ThumbnailsData.Url">
            <summary>URL to the webpage containing the image.</summary>
        </member>
        <member name="T:Google.Apis.Plus.v1.Data.Activity.ObjectData.AttachmentsData.ThumbnailsData.ImageData">
            <summary>Image resource.</summary>
        </member>
        <member name="P:Google.Apis.Plus.v1.Data.Activity.ObjectData.AttachmentsData.ThumbnailsData.ImageData.Height">
            <summary>The height, in pixels, of the linked resource.</summary>
        </member>
        <member name="P:Google.Apis.Plus.v1.Data.Activity.ObjectData.AttachmentsData.ThumbnailsData.ImageData.Type">
            <summary>Media type of the link.</summary>
        </member>
        <member name="P:Google.Apis.Plus.v1.Data.Activity.ObjectData.AttachmentsData.ThumbnailsData.ImageData.Url">
            <summary>Image url.</summary>
        </member>
        <member name="P:Google.Apis.Plus.v1.Data.Activity.ObjectData.AttachmentsData.ThumbnailsData.ImageData.Width">
            <summary>The width, in pixels, of the linked resource.</summary>
        </member>
        <member name="T:Google.Apis.Plus.v1.Data.Activity.ObjectData.PlusonersData">
            <summary>People who +1&apos;d this activity.</summary>
        </member>
        <member name="P:Google.Apis.Plus.v1.Data.Activity.ObjectData.PlusonersData.SelfLink">
            <summary>The URL for the collection of people who +1&apos;d this activity.</summary>
        </member>
        <member name="P:Google.Apis.Plus.v1.Data.Activity.ObjectData.PlusonersData.TotalItems">
            <summary>Total number of people who +1&apos;d this activity.</summary>
        </member>
        <member name="T:Google.Apis.Plus.v1.Data.Activity.ObjectData.RepliesData">
            <summary>Comments in reply to this activity.</summary>
        </member>
        <member name="P:Google.Apis.Plus.v1.Data.Activity.ObjectData.RepliesData.SelfLink">
            <summary>The URL for the collection of comments in reply to this activity.</summary>
        </member>
        <member name="P:Google.Apis.Plus.v1.Data.Activity.ObjectData.RepliesData.TotalItems">
            <summary>Total number of comments on this activity.</summary>
        </member>
        <member name="T:Google.Apis.Plus.v1.Data.Activity.ObjectData.ResharersData">
            <summary>People who reshared this activity.</summary>
        </member>
        <member name="P:Google.Apis.Plus.v1.Data.Activity.ObjectData.ResharersData.SelfLink">
            <summary>The URL for the collection of resharers.</summary>
        </member>
        <member name="P:Google.Apis.Plus.v1.Data.Activity.ObjectData.ResharersData.TotalItems">
            <summary>Total number of people who reshared this activity.</summary>
        </member>
        <member name="T:Google.Apis.Plus.v1.Data.Activity.ProviderData">
            <summary>The service provider that initially published this activity.</summary>
        </member>
        <member name="P:Google.Apis.Plus.v1.Data.Activity.ProviderData.Title">
            <summary>Name of the service provider.</summary>
        </member>
        <member name="P:Google.Apis.Plus.v1.Data.ActivityFeed.ETag">
            <summary>ETag of this response for caching purposes.</summary>
        </member>
        <member name="P:Google.Apis.Plus.v1.Data.ActivityFeed.Id">
            <summary>The ID of this collection of activities. Deprecated.</summary>
        </member>
        <member name="P:Google.Apis.Plus.v1.Data.ActivityFeed.Items">
            <summary>The activities in this page of results.</summary>
        </member>
        <member name="P:Google.Apis.Plus.v1.Data.ActivityFeed.Kind">
            <summary>Identifies this resource as a collection of activities. Value: &quot;plus#activityFeed&quot;.</summary>
        </member>
        <member name="P:Google.Apis.Plus.v1.Data.ActivityFeed.NextLink">
            <summary>Link to the next page of activities.</summary>
        </member>
        <member name="P:Google.Apis.Plus.v1.Data.ActivityFeed.NextPageToken">
            <summary>The continuation token, which is used to page through large result sets. Provide this value in a subsequent request to return the next page of results.</summary>
        </member>
        <member name="P:Google.Apis.Plus.v1.Data.ActivityFeed.SelfLink">
            <summary>Link to this activity resource.</summary>
        </member>
        <member name="P:Google.Apis.Plus.v1.Data.ActivityFeed.Title">
            <summary>The title of this collection of activities.</summary>
        </member>
        <member name="P:Google.Apis.Plus.v1.Data.ActivityFeed.Updated">
            <summary>The time at which this collection of activities was last updated. Formatted as an RFC 3339 timestamp.</summary>
        </member>
        <member name="P:Google.Apis.Plus.v1.Data.Comment.Actor">
            <summary>The person who posted this comment.</summary>
        </member>
        <member name="P:Google.Apis.Plus.v1.Data.Comment.ETag">
            <summary>ETag of this response for caching purposes.</summary>
        </member>
        <member name="P:Google.Apis.Plus.v1.Data.Comment.Id">
            <summary>The ID of this comment.</summary>
        </member>
        <member name="P:Google.Apis.Plus.v1.Data.Comment.InReplyTo">
            <summary>The activity this comment replied to.</summary>
        </member>
        <member name="P:Google.Apis.Plus.v1.Data.Comment.Kind">
            <summary>Identifies this resource as a comment. Value: &quot;plus#comment&quot;.</summary>
        </member>
        <member name="P:Google.Apis.Plus.v1.Data.Comment.Object">
            <summary>The object of this comment.</summary>
        </member>
        <member name="P:Google.Apis.Plus.v1.Data.Comment.Plusoners">
            <summary>People who +1&apos;d this comment.</summary>
        </member>
        <member name="P:Google.Apis.Plus.v1.Data.Comment.Published">
            <summary>The time at which this comment was initially published. Formatted as an RFC 3339 timestamp.</summary>
        </member>
        <member name="P:Google.Apis.Plus.v1.Data.Comment.SelfLink">
            <summary>Link to this comment resource.</summary>
        </member>
        <member name="P:Google.Apis.Plus.v1.Data.Comment.Updated">
            <summary>The time at which this comment was last updated. Formatted as an RFC 3339 timestamp.</summary>
        </member>
        <member name="P:Google.Apis.Plus.v1.Data.Comment.Verb">
             <summary>This comment&apos;s verb, indicating what action was performed. Possible values are:  
            - &quot;post&quot; - Publish content to the stream.</summary>
        </member>
        <member name="T:Google.Apis.Plus.v1.Data.Comment.ActorData">
            <summary>The person who posted this comment.</summary>
        </member>
        <member name="P:Google.Apis.Plus.v1.Data.Comment.ActorData.DisplayName">
            <summary>The name of this actor, suitable for display.</summary>
        </member>
        <member name="P:Google.Apis.Plus.v1.Data.Comment.ActorData.Id">
            <summary>The ID of the actor.</summary>
        </member>
        <member name="P:Google.Apis.Plus.v1.Data.Comment.ActorData.Image">
            <summary>The image representation of this actor.</summary>
        </member>
        <member name="P:Google.Apis.Plus.v1.Data.Comment.ActorData.Url">
            <summary>A link to the person resource for this actor.</summary>
        </member>
        <member name="T:Google.Apis.Plus.v1.Data.Comment.ActorData.ImageData">
            <summary>The image representation of this actor.</summary>
        </member>
        <member name="P:Google.Apis.Plus.v1.Data.Comment.ActorData.ImageData.Url">
            <summary>The URL of the actor&apos;s profile photo. To re-size the image and crop it to a square, append the query string ?sz=x, where x is the dimension in pixels of each side.</summary>
        </member>
        <member name="P:Google.Apis.Plus.v1.Data.Comment.InReplyToData.Id">
            <summary>The ID of the activity.</summary>
        </member>
        <member name="P:Google.Apis.Plus.v1.Data.Comment.InReplyToData.Url">
            <summary>The URL of the activity.</summary>
        </member>
        <member name="T:Google.Apis.Plus.v1.Data.Comment.ObjectData">
            <summary>The object of this comment.</summary>
        </member>
        <member name="P:Google.Apis.Plus.v1.Data.Comment.ObjectData.Content">
            <summary>The HTML-formatted content, suitable for display.</summary>
        </member>
        <member name="P:Google.Apis.Plus.v1.Data.Comment.ObjectData.ObjectType">
             <summary>The object type of this comment. Possible values are:  
            - &quot;comment&quot; - A comment in reply to an activity.</summary>
        </member>
        <member name="P:Google.Apis.Plus.v1.Data.Comment.ObjectData.OriginalContent">
            <summary>The content (text) as provided by the author, stored without any HTML formatting. When creating or updating a comment, this value must be supplied as plain text in the request.</summary>
        </member>
        <member name="T:Google.Apis.Plus.v1.Data.Comment.PlusonersData">
            <summary>People who +1&apos;d this comment.</summary>
        </member>
        <member name="P:Google.Apis.Plus.v1.Data.Comment.PlusonersData.TotalItems">
            <summary>Total number of people who +1&apos;d this comment.</summary>
        </member>
        <member name="P:Google.Apis.Plus.v1.Data.CommentFeed.ETag">
            <summary>ETag of this response for caching purposes.</summary>
        </member>
        <member name="P:Google.Apis.Plus.v1.Data.CommentFeed.Id">
            <summary>The ID of this collection of comments.</summary>
        </member>
        <member name="P:Google.Apis.Plus.v1.Data.CommentFeed.Items">
            <summary>The comments in this page of results.</summary>
        </member>
        <member name="P:Google.Apis.Plus.v1.Data.CommentFeed.Kind">
            <summary>Identifies this resource as a collection of comments. Value: &quot;plus#commentFeed&quot;.</summary>
        </member>
        <member name="P:Google.Apis.Plus.v1.Data.CommentFeed.NextLink">
            <summary>Link to the next page of activities.</summary>
        </member>
        <member name="P:Google.Apis.Plus.v1.Data.CommentFeed.NextPageToken">
            <summary>The continuation token, which is used to page through large result sets. Provide this value in a subsequent request to return the next page of results.</summary>
        </member>
        <member name="P:Google.Apis.Plus.v1.Data.CommentFeed.Title">
            <summary>The title of this collection of comments.</summary>
        </member>
        <member name="P:Google.Apis.Plus.v1.Data.CommentFeed.Updated">
            <summary>The time at which this collection of comments was last updated. Formatted as an RFC 3339 timestamp.</summary>
        </member>
        <member name="P:Google.Apis.Plus.v1.Data.ItemScope.AdditionalName">
            <summary>An additional name for a Person, can be used for a middle name.</summary>
        </member>
        <member name="P:Google.Apis.Plus.v1.Data.ItemScope.AddressCountry">
            <summary>Address country.</summary>
        </member>
        <member name="P:Google.Apis.Plus.v1.Data.ItemScope.AddressLocality">
            <summary>Address locality.</summary>
        </member>
        <member name="P:Google.Apis.Plus.v1.Data.ItemScope.AddressRegion">
            <summary>Address region.</summary>
        </member>
        <member name="P:Google.Apis.Plus.v1.Data.ItemScope.Associated_media">
            <summary>The encoding.</summary>
        </member>
        <member name="P:Google.Apis.Plus.v1.Data.ItemScope.AttendeeCount">
            <summary>Number of attendees.</summary>
        </member>
        <member name="P:Google.Apis.Plus.v1.Data.ItemScope.Attendees">
            <summary>A person attending the event.</summary>
        </member>
        <member name="P:Google.Apis.Plus.v1.Data.ItemScope.Author">
            <summary>The person or persons who created this result. In the example of restaurant reviews, this might be the reviewer&apos;s name.</summary>
        </member>
        <member name="P:Google.Apis.Plus.v1.Data.ItemScope.BestRating">
            <summary>Best possible rating value that a result might obtain. This property defines the upper bound for the ratingValue. For example, you might have a 5 star rating scale, you would provide 5 as the value for this property.</summary>
        </member>
        <member name="P:Google.Apis.Plus.v1.Data.ItemScope.BirthDate">
            <summary>Date of birth.</summary>
        </member>
        <member name="P:Google.Apis.Plus.v1.Data.ItemScope.Caption">
            <summary>The caption for this object.</summary>
        </member>
        <member name="P:Google.Apis.Plus.v1.Data.ItemScope.ContentSize">
            <summary>File size in (mega/kilo) bytes.</summary>
        </member>
        <member name="P:Google.Apis.Plus.v1.Data.ItemScope.ContentUrl">
            <summary>Actual bytes of the media object, for example the image file or video file.</summary>
        </member>
        <member name="P:Google.Apis.Plus.v1.Data.ItemScope.Contributor">
            <summary>A list of contributors to this result.</summary>
        </member>
        <member name="P:Google.Apis.Plus.v1.Data.ItemScope.DateCreated">
            <summary>The date the result was created such as the date that a review was first created.</summary>
        </member>
        <member name="P:Google.Apis.Plus.v1.Data.ItemScope.DateModified">
            <summary>The date the result was last modified such as the date that a review was last edited.</summary>
        </member>
        <member name="P:Google.Apis.Plus.v1.Data.ItemScope.DatePublished">
            <summary>The initial date that the result was published. For example, a user writes a comment on a blog, which has a result.dateCreated of when they submit it. If the blog users comment moderation, the result.datePublished value would match the date when the owner approved the message.</summary>
        </member>
        <member name="P:Google.Apis.Plus.v1.Data.ItemScope.Description">
            <summary>The string that describes the content of the result.</summary>
        </member>
        <member name="P:Google.Apis.Plus.v1.Data.ItemScope.Duration">
            <summary>The duration of the item (movie, audio recording, event, etc.) in ISO 8601 date format.</summary>
        </member>
        <member name="P:Google.Apis.Plus.v1.Data.ItemScope.EmbedUrl">
            <summary>A URL pointing to a player for a specific video. In general, this is the information in the src element of an embed tag and should not be the same as the content of the loc tag.</summary>
        </member>
        <member name="P:Google.Apis.Plus.v1.Data.ItemScope.EndDate">
            <summary>The end date and time of the event (in ISO 8601 date format).</summary>
        </member>
        <member name="P:Google.Apis.Plus.v1.Data.ItemScope.FamilyName">
            <summary>Family name. This property can be used with givenName instead of the name property.</summary>
        </member>
        <member name="P:Google.Apis.Plus.v1.Data.ItemScope.Gender">
            <summary>Gender of the person.</summary>
        </member>
        <member name="P:Google.Apis.Plus.v1.Data.ItemScope.GivenName">
            <summary>Given name. This property can be used with familyName instead of the name property.</summary>
        </member>
        <member name="P:Google.Apis.Plus.v1.Data.ItemScope.Height">
            <summary>The height of the media object.</summary>
        </member>
        <member name="P:Google.Apis.Plus.v1.Data.ItemScope.Id">
            <summary>An identifier for the target. Your app can choose how to identify targets. The target.id is required if you are writing an activity that does not have a corresponding web page or target.url property.</summary>
        </member>
        <member name="P:Google.Apis.Plus.v1.Data.ItemScope.Image">
            <summary>A URL to the image that represents this result. For example, if a user writes a review of a restaurant and attaches a photo of their meal, you might use that photo as the result.image.</summary>
        </member>
        <member name="P:Google.Apis.Plus.v1.Data.ItemScope.Kind">
            <summary>Identifies this resource as an itemScope.</summary>
        </member>
        <member name="P:Google.Apis.Plus.v1.Data.ItemScope.Latitude">
            <summary>Latitude.</summary>
        </member>
        <member name="P:Google.Apis.Plus.v1.Data.ItemScope.Longitude">
            <summary>Longitude.</summary>
        </member>
        <member name="P:Google.Apis.Plus.v1.Data.ItemScope.Name">
            <summary>The name of the result. In the example of a restaurant review, this might be the summary the user gave their review such as &quot;Great ambiance, but overpriced.&quot;</summary>
        </member>
        <member name="P:Google.Apis.Plus.v1.Data.ItemScope.Performers">
            <summary>The main performer or performers of the event-for example, a presenter, musician, or actor.</summary>
        </member>
        <member name="P:Google.Apis.Plus.v1.Data.ItemScope.PlayerType">
            <summary>Player type that is required. For example: Flash or Silverlight.</summary>
        </member>
        <member name="P:Google.Apis.Plus.v1.Data.ItemScope.PostOfficeBoxNumber">
            <summary>Post office box number.</summary>
        </member>
        <member name="P:Google.Apis.Plus.v1.Data.ItemScope.PostalCode">
            <summary>Postal code.</summary>
        </member>
        <member name="P:Google.Apis.Plus.v1.Data.ItemScope.RatingValue">
            <summary>Rating value.</summary>
        </member>
        <member name="P:Google.Apis.Plus.v1.Data.ItemScope.StartDate">
            <summary>The start date and time of the event (in ISO 8601 date format).</summary>
        </member>
        <member name="P:Google.Apis.Plus.v1.Data.ItemScope.StreetAddress">
            <summary>Street address.</summary>
        </member>
        <member name="P:Google.Apis.Plus.v1.Data.ItemScope.Text">
            <summary>The text that is the result of the app activity. For example, if a user leaves a review of a restaurant, this might be the text of the review.</summary>
        </member>
        <member name="P:Google.Apis.Plus.v1.Data.ItemScope.ThumbnailUrl">
            <summary>A URL to a thumbnail image that represents this result.</summary>
        </member>
        <member name="P:Google.Apis.Plus.v1.Data.ItemScope.TickerSymbol">
            <summary>The exchange traded instrument associated with a Corporation object. The tickerSymbol is expressed as an exchange and an instrument name separated by a space character. For the exchange component of the tickerSymbol attribute, we reccommend using the controlled vocaulary of Market Identifier Codes (MIC) specified in ISO15022.</summary>
        </member>
        <member name="P:Google.Apis.Plus.v1.Data.ItemScope.Type">
            <summary>The schema.org URL that best describes the referenced target and matches the type of moment.</summary>
        </member>
        <member name="P:Google.Apis.Plus.v1.Data.ItemScope.Url">
            <summary>The URL that points to the result object. For example, a permalink directly to a restaurant reviewer&apos;s comment.</summary>
        </member>
        <member name="P:Google.Apis.Plus.v1.Data.ItemScope.Width">
            <summary>The width of the media object.</summary>
        </member>
        <member name="P:Google.Apis.Plus.v1.Data.ItemScope.WorstRating">
            <summary>Worst possible rating value that a result might obtain. This property defines the lower bound for the ratingValue.</summary>
        </member>
        <member name="P:Google.Apis.Plus.v1.Data.Moment.Id">
            <summary>The moment ID.</summary>
        </member>
        <member name="P:Google.Apis.Plus.v1.Data.Moment.Kind">
            <summary>Identifies this resource as a moment.</summary>
        </member>
        <member name="P:Google.Apis.Plus.v1.Data.Moment.StartDate">
            <summary>Time stamp of when the action occurred in RFC3339 format.</summary>
        </member>
        <member name="P:Google.Apis.Plus.v1.Data.Moment.Type">
            <summary>The Google schema for the type of moment to write. For example, http://schemas.google.com/AddActivity.</summary>
        </member>
        <member name="P:Google.Apis.Plus.v1.Data.MomentsFeed.ETag">
            <summary>ETag of this response for caching purposes.</summary>
        </member>
        <member name="P:Google.Apis.Plus.v1.Data.MomentsFeed.Items">
            <summary>The moments in this page of results.</summary>
        </member>
        <member name="P:Google.Apis.Plus.v1.Data.MomentsFeed.Kind">
            <summary>Identifies this resource as a collection of moments. Value: &quot;plus#momentsFeed&quot;.</summary>
        </member>
        <member name="P:Google.Apis.Plus.v1.Data.MomentsFeed.NextLink">
            <summary>Link to the next page of moments.</summary>
        </member>
        <member name="P:Google.Apis.Plus.v1.Data.MomentsFeed.NextPageToken">
            <summary>The continuation token, which is used to page through large result sets. Provide this value in a subsequent request to return the next page of results.</summary>
        </member>
        <member name="P:Google.Apis.Plus.v1.Data.MomentsFeed.SelfLink">
            <summary>Link to this page of moments.</summary>
        </member>
        <member name="P:Google.Apis.Plus.v1.Data.MomentsFeed.Title">
            <summary>The title of this collection of moments.</summary>
        </member>
        <member name="P:Google.Apis.Plus.v1.Data.MomentsFeed.Updated">
            <summary>The RFC 339 timestamp for when this collection of moments was last updated.</summary>
        </member>
        <member name="P:Google.Apis.Plus.v1.Data.PeopleFeed.ETag">
            <summary>ETag of this response for caching purposes.</summary>
        </member>
        <member name="P:Google.Apis.Plus.v1.Data.PeopleFeed.Items">
            <summary>The people in this page of results. Each item includes the id, displayName, image, and url for the person. To retrieve additional profile data, see the people.get method.</summary>
        </member>
        <member name="P:Google.Apis.Plus.v1.Data.PeopleFeed.Kind">
            <summary>Identifies this resource as a collection of people. Value: &quot;plus#peopleFeed&quot;.</summary>
        </member>
        <member name="P:Google.Apis.Plus.v1.Data.PeopleFeed.NextPageToken">
            <summary>The continuation token, which is used to page through large result sets. Provide this value in a subsequent request to return the next page of results.</summary>
        </member>
        <member name="P:Google.Apis.Plus.v1.Data.PeopleFeed.SelfLink">
            <summary>Link to this resource.</summary>
        </member>
        <member name="P:Google.Apis.Plus.v1.Data.PeopleFeed.Title">
            <summary>The title of this collection of people.</summary>
        </member>
        <member name="P:Google.Apis.Plus.v1.Data.PeopleFeed.TotalItems">
            <summary>The total number of people available in this list. The number of people in a response might be smaller due to paging. This might not be set for all collections.</summary>
        </member>
        <member name="P:Google.Apis.Plus.v1.Data.Person.AboutMe">
            <summary>A short biography for this person.</summary>
        </member>
        <member name="P:Google.Apis.Plus.v1.Data.Person.AgeRange">
            <summary>The age range of the person.</summary>
        </member>
        <member name="P:Google.Apis.Plus.v1.Data.Person.Birthday">
            <summary>The person&apos;s date of birth, represented as YYYY-MM-DD.</summary>
        </member>
        <member name="P:Google.Apis.Plus.v1.Data.Person.BraggingRights">
            <summary>The &quot;bragging rights&quot; line of this person.</summary>
        </member>
        <member name="P:Google.Apis.Plus.v1.Data.Person.CircledByCount">
            <summary>If a Google+ Page and for followers who are visible, the number of people who have added this page to a circle.</summary>
        </member>
        <member name="P:Google.Apis.Plus.v1.Data.Person.Cover">
            <summary>The cover photo content.</summary>
        </member>
        <member name="P:Google.Apis.Plus.v1.Data.Person.CurrentLocation">
            <summary>The current location for this person.</summary>
        </member>
        <member name="P:Google.Apis.Plus.v1.Data.Person.DisplayName">
            <summary>The name of this person, suitable for display.</summary>
        </member>
        <member name="P:Google.Apis.Plus.v1.Data.Person.Emails">
            <summary>A list of email addresses that this person has set to public on their Google+ profile. You can also use the userinfo.email scope to retrieve an authenticated user&apos;s email address.</summary>
        </member>
        <member name="P:Google.Apis.Plus.v1.Data.Person.ETag">
            <summary>ETag of this response for caching purposes.</summary>
        </member>
        <member name="P:Google.Apis.Plus.v1.Data.Person.Gender">
             <summary>The person&apos;s gender. Possible values are:  
            - &quot;male&quot; - Male gender. 
            - &quot;female&quot; - Female gender. 
            - &quot;other&quot; - Other.</summary>
        </member>
        <member name="P:Google.Apis.Plus.v1.Data.Person.HasApp">
            <summary>If &quot;true&quot;, indicates that the person has installed the app that is making the request and has chosen to expose this install state to the caller. A value of &quot;false&quot; indicates that the install state cannot be determined (it is either not installed or the person has chosen to keep this information private).</summary>
        </member>
        <member name="P:Google.Apis.Plus.v1.Data.Person.Id">
            <summary>The ID of this person.</summary>
        </member>
        <member name="P:Google.Apis.Plus.v1.Data.Person.Image">
            <summary>The representation of the person&apos;s profile photo.</summary>
        </member>
        <member name="P:Google.Apis.Plus.v1.Data.Person.IsPlusUser">
            <summary>Whether this user has signed up for Google+.</summary>
        </member>
        <member name="P:Google.Apis.Plus.v1.Data.Person.Kind">
            <summary>Identifies this resource as a person. Value: &quot;plus#person&quot;.</summary>
        </member>
        <member name="P:Google.Apis.Plus.v1.Data.Person.Language">
            <summary>The user&apos;s preferred language for rendering.</summary>
        </member>
        <member name="P:Google.Apis.Plus.v1.Data.Person.Name">
            <summary>An object representation of the individual components of a person&apos;s name.</summary>
        </member>
        <member name="P:Google.Apis.Plus.v1.Data.Person.Nickname">
            <summary>The nickname of this person.</summary>
        </member>
        <member name="P:Google.Apis.Plus.v1.Data.Person.ObjectType">
             <summary>Type of person within Google+. Possible values are:  
            - &quot;person&quot; - represents an actual person. 
            - &quot;page&quot; - represents a page.</summary>
        </member>
        <member name="P:Google.Apis.Plus.v1.Data.Person.Organizations">
            <summary>A list of current or past organizations with which this person is associated.</summary>
        </member>
        <member name="P:Google.Apis.Plus.v1.Data.Person.PlacesLived">
            <summary>A list of places where this person has lived.</summary>
        </member>
        <member name="P:Google.Apis.Plus.v1.Data.Person.PlusOneCount">
            <summary>If a Google+ Page, the number of people who have +1&apos;ed this page.</summary>
        </member>
        <member name="P:Google.Apis.Plus.v1.Data.Person.RelationshipStatus">
             <summary>The person&apos;s relationship status. Possible values are:  
            - &quot;single&quot; - Person is single. 
            - &quot;in_a_relationship&quot; - Person is in a relationship. 
            - &quot;engaged&quot; - Person is engaged. 
            - &quot;married&quot; - Person is married. 
            - &quot;its_complicated&quot; - The relationship is complicated. 
            - &quot;open_relationship&quot; - Person is in an open relationship. 
            - &quot;widowed&quot; - Person is widowed. 
            - &quot;in_domestic_partnership&quot; - Person is in a domestic partnership. 
            - &quot;in_civil_union&quot; - Person is in a civil union.</summary>
        </member>
        <member name="P:Google.Apis.Plus.v1.Data.Person.Tagline">
            <summary>The brief description (tagline) of this person.</summary>
        </member>
        <member name="P:Google.Apis.Plus.v1.Data.Person.Url">
            <summary>The URL of this person&apos;s profile.</summary>
        </member>
        <member name="P:Google.Apis.Plus.v1.Data.Person.Urls">
            <summary>A list of URLs for this person.</summary>
        </member>
        <member name="P:Google.Apis.Plus.v1.Data.Person.Verified">
            <summary>Whether the person or Google+ Page has been verified.</summary>
        </member>
        <member name="T:Google.Apis.Plus.v1.Data.Person.AgeRangeData">
            <summary>The age range of the person.</summary>
        </member>
        <member name="P:Google.Apis.Plus.v1.Data.Person.AgeRangeData.Max">
            <summary>The age range&apos;s upper bound, if any.</summary>
        </member>
        <member name="P:Google.Apis.Plus.v1.Data.Person.AgeRangeData.Min">
            <summary>The age range&apos;s lower bound, if any.</summary>
        </member>
        <member name="T:Google.Apis.Plus.v1.Data.Person.CoverData">
            <summary>The cover photo content.</summary>
        </member>
        <member name="P:Google.Apis.Plus.v1.Data.Person.CoverData.CoverInfo">
            <summary>Extra information about the cover photo.</summary>
        </member>
        <member name="P:Google.Apis.Plus.v1.Data.Person.CoverData.CoverPhoto">
            <summary>The person&apos;s primary cover image.</summary>
        </member>
        <member name="P:Google.Apis.Plus.v1.Data.Person.CoverData.Layout">
             <summary>The layout of the cover art. Possible values are:  
            - &quot;banner&quot; - One large image banner.</summary>
        </member>
        <member name="T:Google.Apis.Plus.v1.Data.Person.CoverData.CoverInfoData">
            <summary>Extra information about the cover photo.</summary>
        </member>
        <member name="P:Google.Apis.Plus.v1.Data.Person.CoverData.CoverInfoData.LeftImageOffset">
            <summary>The difference between the left position of the image cover and the actual displayed cover image. Only valid for BANNER layout.</summary>
        </member>
        <member name="P:Google.Apis.Plus.v1.Data.Person.CoverData.CoverInfoData.TopImageOffset">
            <summary>The difference between the top position of the image cover and the actual displayed cover image. Only valid for BANNER layout.</summary>
        </member>
        <member name="T:Google.Apis.Plus.v1.Data.Person.CoverData.CoverPhotoData">
            <summary>The person&apos;s primary cover image.</summary>
        </member>
        <member name="P:Google.Apis.Plus.v1.Data.Person.CoverData.CoverPhotoData.Height">
            <summary>The height to the image.</summary>
        </member>
        <member name="P:Google.Apis.Plus.v1.Data.Person.CoverData.CoverPhotoData.Url">
            <summary>The url to the image.</summary>
        </member>
        <member name="P:Google.Apis.Plus.v1.Data.Person.CoverData.CoverPhotoData.Width">
            <summary>The width to the image.</summary>
        </member>
        <member name="P:Google.Apis.Plus.v1.Data.Person.EmailsData.Primary">
            <summary>If &quot;true&quot;, indicates this email address is the person&apos;s primary one.</summary>
        </member>
        <member name="P:Google.Apis.Plus.v1.Data.Person.EmailsData.Type">
             <summary>The type of address. Possible values are:  
            - &quot;home&quot; - Home email address. 
            - &quot;work&quot; - Work email address. 
            - &quot;other&quot; - Other.</summary>
        </member>
        <member name="P:Google.Apis.Plus.v1.Data.Person.EmailsData.Value">
            <summary>The email address.</summary>
        </member>
        <member name="T:Google.Apis.Plus.v1.Data.Person.ImageData">
            <summary>The representation of the person&apos;s profile photo.</summary>
        </member>
        <member name="P:Google.Apis.Plus.v1.Data.Person.ImageData.Url">
            <summary>The URL of the person&apos;s profile photo. To re-size the image and crop it to a square, append the query string ?sz=x, where x is the dimension in pixels of each side.</summary>
        </member>
        <member name="T:Google.Apis.Plus.v1.Data.Person.NameData">
            <summary>An object representation of the individual components of a person&apos;s name.</summary>
        </member>
        <member name="P:Google.Apis.Plus.v1.Data.Person.NameData.FamilyName">
            <summary>The family name (last name) of this person.</summary>
        </member>
        <member name="P:Google.Apis.Plus.v1.Data.Person.NameData.Formatted">
            <summary>The full name of this person, including middle names, suffixes, etc.</summary>
        </member>
        <member name="P:Google.Apis.Plus.v1.Data.Person.NameData.GivenName">
            <summary>The given name (first name) of this person.</summary>
        </member>
        <member name="P:Google.Apis.Plus.v1.Data.Person.NameData.HonorificPrefix">
            <summary>The honorific prefixes (such as &quot;Dr.&quot; or &quot;Mrs.&quot;) for this person.</summary>
        </member>
        <member name="P:Google.Apis.Plus.v1.Data.Person.NameData.HonorificSuffix">
            <summary>The honorific suffixes (such as &quot;Jr.&quot;) for this person.</summary>
        </member>
        <member name="P:Google.Apis.Plus.v1.Data.Person.NameData.MiddleName">
            <summary>The middle name of this person.</summary>
        </member>
        <member name="P:Google.Apis.Plus.v1.Data.Person.OrganizationsData.Department">
            <summary>The department within the organization. Deprecated.</summary>
        </member>
        <member name="P:Google.Apis.Plus.v1.Data.Person.OrganizationsData.Description">
            <summary>A short description of the person&apos;s role in this organization. Deprecated.</summary>
        </member>
        <member name="P:Google.Apis.Plus.v1.Data.Person.OrganizationsData.EndDate">
            <summary>The date the person left this organization.</summary>
        </member>
        <member name="P:Google.Apis.Plus.v1.Data.Person.OrganizationsData.Location">
            <summary>The location of this organization. Deprecated.</summary>
        </member>
        <member name="P:Google.Apis.Plus.v1.Data.Person.OrganizationsData.Name">
            <summary>The name of the organization.</summary>
        </member>
        <member name="P:Google.Apis.Plus.v1.Data.Person.OrganizationsData.Primary">
            <summary>If &quot;true&quot;, indicates this organization is the person&apos;s primary one (typically interpreted as current one).</summary>
        </member>
        <member name="P:Google.Apis.Plus.v1.Data.Person.OrganizationsData.StartDate">
            <summary>The date the person joined this organization.</summary>
        </member>
        <member name="P:Google.Apis.Plus.v1.Data.Person.OrganizationsData.Title">
            <summary>The person&apos;s job title or role within the organization.</summary>
        </member>
        <member name="P:Google.Apis.Plus.v1.Data.Person.OrganizationsData.Type">
             <summary>The type of organization. Possible values are:  
            - &quot;work&quot; - Work. 
            - &quot;school&quot; - School.</summary>
        </member>
        <member name="P:Google.Apis.Plus.v1.Data.Person.PlacesLivedData.Primary">
            <summary>If &quot;true&quot;, this place of residence is this person&apos;s primary residence.</summary>
        </member>
        <member name="P:Google.Apis.Plus.v1.Data.Person.PlacesLivedData.Value">
            <summary>A place where this person has lived. For example: &quot;Seattle, WA&quot;, &quot;Near Toronto&quot;.</summary>
        </member>
        <member name="P:Google.Apis.Plus.v1.Data.Person.UrlsData.Primary">
            <summary>If &quot;true&quot;, this URL is the person&apos;s primary URL.</summary>
        </member>
        <member name="P:Google.Apis.Plus.v1.Data.Person.UrlsData.Type">
             <summary>The type of URL. Possible values are:  
            - &quot;home&quot; - URL for home. 
            - &quot;work&quot; - URL for work. 
            - &quot;blog&quot; - URL for blog. 
            - &quot;profile&quot; - URL for profile. 
            - &quot;other&quot; - Other.</summary>
        </member>
        <member name="P:Google.Apis.Plus.v1.Data.Person.UrlsData.Value">
            <summary>The URL value.</summary>
        </member>
        <member name="P:Google.Apis.Plus.v1.Data.PlusAclentryResource.DisplayName">
            <summary>A descriptive name for this entry. Suitable for display.</summary>
        </member>
        <member name="P:Google.Apis.Plus.v1.Data.PlusAclentryResource.Id">
            <summary>The ID of the entry. For entries of type &quot;person&quot; or &quot;circle&quot;, this is the ID of the resource. For other types, this property is not set.</summary>
        </member>
        <member name="P:Google.Apis.Plus.v1.Data.PlusAclentryResource.Type">
             <summary>The type of entry describing to whom access is granted. Possible values are:  
            - &quot;person&quot; - Access to an individual. 
            - &quot;circle&quot; - Access to members of a circle. 
            - &quot;myCircles&quot; - Access to members of all the person&apos;s circles. 
            - &quot;extendedCircles&quot; - Access to members of everyone in a person&apos;s circles, plus all of the people in their circles. 
            - &quot;public&quot; - Access to anyone on the web.</summary>
        </member>
        <member name="T:Google.Apis.Plus.v1.PlusService.Scopes">
            <summary>A list of all OAuth2.0 scopes. Each of these scopes relates to a permission or group of permissions that different methods of this API may need.</summary>
        </member>
        <member name="F:Google.Apis.Plus.v1.PlusService.Scopes.PlusLogin">
            <summary>Know your name, basic info, and list of people you&apos;re connected to on Google+</summary>
        </member>
        <member name="F:Google.Apis.Plus.v1.PlusService.Scopes.PlusMe">
            <summary>Know who you are on Google</summary>
        </member>
        <member name="M:Google.Apis.Plus.v1.ActivitiesResource.Get(System.String)">
            <summary>Get an activity.</summary>
            <param name="activityId">Required - The ID of the activity to get.</param>
        </member>
        <member name="M:Google.Apis.Plus.v1.ActivitiesResource.List(System.String,Google.Apis.Plus.v1.ActivitiesResource.Collection)">
            <summary>List all of the activities in the specified collection for a particular user.</summary>
            <param name="userId">Required - The ID of the user to get activities for. The special value &quot;me&quot; can be used to indicate the authenticated user.</param>
            <param name="collection">Required - Must be one of the following values [public] - The collection of activities to list.</param>
        </member>
        <member name="M:Google.Apis.Plus.v1.ActivitiesResource.Search(System.String)">
            <summary>Search public activities.</summary>
            <param name="query">Required - Full-text search query string.</param>
        </member>
        <member name="T:Google.Apis.Plus.v1.ActivitiesResource.Collection">
            <summary>The collection of activities to list.</summary>
        </member>
        <member name="F:Google.Apis.Plus.v1.ActivitiesResource.Collection.Public">
            <summary>All public activities created by the specified user.</summary>
        </member>
        <member name="T:Google.Apis.Plus.v1.ActivitiesResource.OrderBy">
            <summary>Specifies how to order search results.</summary>
        </member>
        <member name="F:Google.Apis.Plus.v1.ActivitiesResource.OrderBy.Best">
            <summary>Sort activities by relevance to the user, most relevant first.</summary>
        </member>
        <member name="F:Google.Apis.Plus.v1.ActivitiesResource.OrderBy.Recent">
            <summary>Sort activities by published date, most recent first.</summary>
        </member>
        <member name="P:Google.Apis.Plus.v1.ActivitiesResource.GetRequest.Alt">
            <summary>Data format for the response.</summary>
        </member>
        <member name="P:Google.Apis.Plus.v1.ActivitiesResource.GetRequest.Fields">
            <summary>Selector specifying which fields to include in a partial response.</summary>
        </member>
        <member name="P:Google.Apis.Plus.v1.ActivitiesResource.GetRequest.Oauth_token">
            <summary>OAuth 2.0 token for the current user.</summary>
        </member>
        <member name="P:Google.Apis.Plus.v1.ActivitiesResource.GetRequest.PrettyPrint">
            <summary>Returns response with indentations and line breaks.</summary>
        </member>
        <member name="P:Google.Apis.Plus.v1.ActivitiesResource.GetRequest.QuotaUser">
            <summary>Available to use for quota purposes for server-side applications. Can be any arbitrary string assigned to a user, but should not exceed 40 characters. Overrides userIp if both are provided.</summary>
        </member>
        <member name="P:Google.Apis.Plus.v1.ActivitiesResource.GetRequest.UserIp">
            <summary>IP address of the site where the request originates. Use this if you want to enforce per-user limits.</summary>
        </member>
        <member name="P:Google.Apis.Plus.v1.ActivitiesResource.GetRequest.ActivityId">
            <summary>The ID of the activity to get.</summary>
        </member>
        <member name="P:Google.Apis.Plus.v1.ActivitiesResource.ListRequest.Alt">
            <summary>Data format for the response.</summary>
        </member>
        <member name="P:Google.Apis.Plus.v1.ActivitiesResource.ListRequest.Fields">
            <summary>Selector specifying which fields to include in a partial response.</summary>
        </member>
        <member name="P:Google.Apis.Plus.v1.ActivitiesResource.ListRequest.Oauth_token">
            <summary>OAuth 2.0 token for the current user.</summary>
        </member>
        <member name="P:Google.Apis.Plus.v1.ActivitiesResource.ListRequest.PrettyPrint">
            <summary>Returns response with indentations and line breaks.</summary>
        </member>
        <member name="P:Google.Apis.Plus.v1.ActivitiesResource.ListRequest.QuotaUser">
            <summary>Available to use for quota purposes for server-side applications. Can be any arbitrary string assigned to a user, but should not exceed 40 characters. Overrides userIp if both are provided.</summary>
        </member>
        <member name="P:Google.Apis.Plus.v1.ActivitiesResource.ListRequest.UserIp">
            <summary>IP address of the site where the request originates. Use this if you want to enforce per-user limits.</summary>
        </member>
        <member name="P:Google.Apis.Plus.v1.ActivitiesResource.ListRequest.Collection">
            <summary>The collection of activities to list.</summary>
        </member>
        <member name="P:Google.Apis.Plus.v1.ActivitiesResource.ListRequest.MaxResults">
            <summary>The maximum number of activities to include in the response, which is used for paging. For any response, the actual number returned might be less than the specified maxResults.</summary>
        </member>
        <member name="P:Google.Apis.Plus.v1.ActivitiesResource.ListRequest.PageToken">
            <summary>The continuation token, which is used to page through large result sets. To get the next page of results, set this parameter to the value of "nextPageToken" from the previous response.</summary>
        </member>
        <member name="P:Google.Apis.Plus.v1.ActivitiesResource.ListRequest.UserId">
            <summary>The ID of the user to get activities for. The special value "me" can be used to indicate the authenticated user.</summary>
        </member>
        <member name="P:Google.Apis.Plus.v1.ActivitiesResource.SearchRequest.Alt">
            <summary>Data format for the response.</summary>
        </member>
        <member name="P:Google.Apis.Plus.v1.ActivitiesResource.SearchRequest.Fields">
            <summary>Selector specifying which fields to include in a partial response.</summary>
        </member>
        <member name="P:Google.Apis.Plus.v1.ActivitiesResource.SearchRequest.Oauth_token">
            <summary>OAuth 2.0 token for the current user.</summary>
        </member>
        <member name="P:Google.Apis.Plus.v1.ActivitiesResource.SearchRequest.PrettyPrint">
            <summary>Returns response with indentations and line breaks.</summary>
        </member>
        <member name="P:Google.Apis.Plus.v1.ActivitiesResource.SearchRequest.QuotaUser">
            <summary>Available to use for quota purposes for server-side applications. Can be any arbitrary string assigned to a user, but should not exceed 40 characters. Overrides userIp if both are provided.</summary>
        </member>
        <member name="P:Google.Apis.Plus.v1.ActivitiesResource.SearchRequest.UserIp">
            <summary>IP address of the site where the request originates. Use this if you want to enforce per-user limits.</summary>
        </member>
        <member name="P:Google.Apis.Plus.v1.ActivitiesResource.SearchRequest.Language">
            <summary>Specify the preferred language to search with. See search language codes for available values.</summary>
        </member>
        <member name="P:Google.Apis.Plus.v1.ActivitiesResource.SearchRequest.MaxResults">
            <summary>The maximum number of activities to include in the response, which is used for paging. For any response, the actual number returned might be less than the specified maxResults.</summary>
        </member>
        <member name="P:Google.Apis.Plus.v1.ActivitiesResource.SearchRequest.OrderBy">
            <summary>Specifies how to order search results.</summary>
        </member>
        <member name="P:Google.Apis.Plus.v1.ActivitiesResource.SearchRequest.PageToken">
            <summary>The continuation token, which is used to page through large result sets. To get the next page of results, set this parameter to the value of "nextPageToken" from the previous response. This token can be of any length.</summary>
        </member>
        <member name="P:Google.Apis.Plus.v1.ActivitiesResource.SearchRequest.Query">
            <summary>Full-text search query string.</summary>
        </member>
        <member name="M:Google.Apis.Plus.v1.CommentsResource.Get(System.String)">
            <summary>Get a comment.</summary>
            <param name="commentId">Required - The ID of the comment to get.</param>
        </member>
        <member name="M:Google.Apis.Plus.v1.CommentsResource.List(System.String)">
            <summary>List all of the comments for an activity.</summary>
            <param name="activityId">Required - The ID of the activity to get comments for.</param>
        </member>
        <member name="T:Google.Apis.Plus.v1.CommentsResource.SortOrder">
            <summary>The order in which to sort the list of comments.</summary>
        </member>
        <member name="F:Google.Apis.Plus.v1.CommentsResource.SortOrder.Ascending">
            <summary>Sort oldest comments first.</summary>
        </member>
        <member name="F:Google.Apis.Plus.v1.CommentsResource.SortOrder.Descending">
            <summary>Sort newest comments first.</summary>
        </member>
        <member name="P:Google.Apis.Plus.v1.CommentsResource.GetRequest.Alt">
            <summary>Data format for the response.</summary>
        </member>
        <member name="P:Google.Apis.Plus.v1.CommentsResource.GetRequest.Fields">
            <summary>Selector specifying which fields to include in a partial response.</summary>
        </member>
        <member name="P:Google.Apis.Plus.v1.CommentsResource.GetRequest.Oauth_token">
            <summary>OAuth 2.0 token for the current user.</summary>
        </member>
        <member name="P:Google.Apis.Plus.v1.CommentsResource.GetRequest.PrettyPrint">
            <summary>Returns response with indentations and line breaks.</summary>
        </member>
        <member name="P:Google.Apis.Plus.v1.CommentsResource.GetRequest.QuotaUser">
            <summary>Available to use for quota purposes for server-side applications. Can be any arbitrary string assigned to a user, but should not exceed 40 characters. Overrides userIp if both are provided.</summary>
        </member>
        <member name="P:Google.Apis.Plus.v1.CommentsResource.GetRequest.UserIp">
            <summary>IP address of the site where the request originates. Use this if you want to enforce per-user limits.</summary>
        </member>
        <member name="P:Google.Apis.Plus.v1.CommentsResource.GetRequest.CommentId">
            <summary>The ID of the comment to get.</summary>
        </member>
        <member name="P:Google.Apis.Plus.v1.CommentsResource.ListRequest.Alt">
            <summary>Data format for the response.</summary>
        </member>
        <member name="P:Google.Apis.Plus.v1.CommentsResource.ListRequest.Fields">
            <summary>Selector specifying which fields to include in a partial response.</summary>
        </member>
        <member name="P:Google.Apis.Plus.v1.CommentsResource.ListRequest.Oauth_token">
            <summary>OAuth 2.0 token for the current user.</summary>
        </member>
        <member name="P:Google.Apis.Plus.v1.CommentsResource.ListRequest.PrettyPrint">
            <summary>Returns response with indentations and line breaks.</summary>
        </member>
        <member name="P:Google.Apis.Plus.v1.CommentsResource.ListRequest.QuotaUser">
            <summary>Available to use for quota purposes for server-side applications. Can be any arbitrary string assigned to a user, but should not exceed 40 characters. Overrides userIp if both are provided.</summary>
        </member>
        <member name="P:Google.Apis.Plus.v1.CommentsResource.ListRequest.UserIp">
            <summary>IP address of the site where the request originates. Use this if you want to enforce per-user limits.</summary>
        </member>
        <member name="P:Google.Apis.Plus.v1.CommentsResource.ListRequest.ActivityId">
            <summary>The ID of the activity to get comments for.</summary>
        </member>
        <member name="P:Google.Apis.Plus.v1.CommentsResource.ListRequest.MaxResults">
            <summary>The maximum number of comments to include in the response, which is used for paging. For any response, the actual number returned might be less than the specified maxResults.</summary>
        </member>
        <member name="P:Google.Apis.Plus.v1.CommentsResource.ListRequest.PageToken">
            <summary>The continuation token, which is used to page through large result sets. To get the next page of results, set this parameter to the value of "nextPageToken" from the previous response.</summary>
        </member>
        <member name="P:Google.Apis.Plus.v1.CommentsResource.ListRequest.SortOrder">
            <summary>The order in which to sort the list of comments.</summary>
        </member>
        <member name="M:Google.Apis.Plus.v1.MomentsResource.Insert(Google.Apis.Plus.v1.Data.Moment,System.String,Google.Apis.Plus.v1.MomentsResource.Collection)">
            <summary>Record a moment representing a user&apos;s activity such as making a purchase or commenting on a blog.</summary>
            <param name="userId">Required - The ID of the user to record activities for. The only valid values are &quot;me&quot; and the ID of the authenticated user.</param>
            <param name="collection">Required - Must be one of the following values [vault] - The collection to which to write moments.</param>
        </member>
        <member name="M:Google.Apis.Plus.v1.MomentsResource.List(System.String,Google.Apis.Plus.v1.MomentsResource.CollectionEnum)">
            <summary>List all of the moments for a particular user.</summary>
            <param name="userId">Required - The ID of the user to get moments for. The special value &quot;me&quot; can be used to indicate the authenticated user.</param>
            <param name="collection">Required - Must be one of the following values [vault] - The collection of moments to list.</param>
        </member>
        <member name="M:Google.Apis.Plus.v1.MomentsResource.Remove(System.String)">
            <summary>Delete a moment.</summary>
            <param name="id">Required - The ID of the moment to delete.</param>
        </member>
        <member name="T:Google.Apis.Plus.v1.MomentsResource.Collection">
            <summary>The collection to which to write moments.</summary>
        </member>
        <member name="F:Google.Apis.Plus.v1.MomentsResource.Collection.Vault">
            <summary>The default collection for writing new moments.</summary>
        </member>
        <member name="T:Google.Apis.Plus.v1.MomentsResource.CollectionEnum">
            <summary>The collection of moments to list.</summary>
        </member>
        <member name="F:Google.Apis.Plus.v1.MomentsResource.CollectionEnum.Vault">
            <summary>All moments created by the requesting application for the authenticated user.</summary>
        </member>
        <member name="P:Google.Apis.Plus.v1.MomentsResource.InsertRequest.Alt">
            <summary>Data format for the response.</summary>
        </member>
        <member name="P:Google.Apis.Plus.v1.MomentsResource.InsertRequest.Fields">
            <summary>Selector specifying which fields to include in a partial response.</summary>
        </member>
        <member name="P:Google.Apis.Plus.v1.MomentsResource.InsertRequest.Oauth_token">
            <summary>OAuth 2.0 token for the current user.</summary>
        </member>
        <member name="P:Google.Apis.Plus.v1.MomentsResource.InsertRequest.PrettyPrint">
            <summary>Returns response with indentations and line breaks.</summary>
        </member>
        <member name="P:Google.Apis.Plus.v1.MomentsResource.InsertRequest.QuotaUser">
            <summary>Available to use for quota purposes for server-side applications. Can be any arbitrary string assigned to a user, but should not exceed 40 characters. Overrides userIp if both are provided.</summary>
        </member>
        <member name="P:Google.Apis.Plus.v1.MomentsResource.InsertRequest.UserIp">
            <summary>IP address of the site where the request originates. Use this if you want to enforce per-user limits.</summary>
        </member>
        <member name="P:Google.Apis.Plus.v1.MomentsResource.InsertRequest.Collection">
            <summary>The collection to which to write moments.</summary>
        </member>
        <member name="P:Google.Apis.Plus.v1.MomentsResource.InsertRequest.Debug">
            <summary>Return the moment as written. Should be used only for debugging.</summary>
        </member>
        <member name="P:Google.Apis.Plus.v1.MomentsResource.InsertRequest.UserId">
            <summary>The ID of the user to record activities for. The only valid values are "me" and the ID of the authenticated user.</summary>
        </member>
        <member name="P:Google.Apis.Plus.v1.MomentsResource.InsertRequest.Body">
            <summary>Gets/Sets the Body of this Request.</summary>
        </member>
        <member name="P:Google.Apis.Plus.v1.MomentsResource.ListRequest.Alt">
            <summary>Data format for the response.</summary>
        </member>
        <member name="P:Google.Apis.Plus.v1.MomentsResource.ListRequest.Fields">
            <summary>Selector specifying which fields to include in a partial response.</summary>
        </member>
        <member name="P:Google.Apis.Plus.v1.MomentsResource.ListRequest.Oauth_token">
            <summary>OAuth 2.0 token for the current user.</summary>
        </member>
        <member name="P:Google.Apis.Plus.v1.MomentsResource.ListRequest.PrettyPrint">
            <summary>Returns response with indentations and line breaks.</summary>
        </member>
        <member name="P:Google.Apis.Plus.v1.MomentsResource.ListRequest.QuotaUser">
            <summary>Available to use for quota purposes for server-side applications. Can be any arbitrary string assigned to a user, but should not exceed 40 characters. Overrides userIp if both are provided.</summary>
        </member>
        <member name="P:Google.Apis.Plus.v1.MomentsResource.ListRequest.UserIp">
            <summary>IP address of the site where the request originates. Use this if you want to enforce per-user limits.</summary>
        </member>
        <member name="P:Google.Apis.Plus.v1.MomentsResource.ListRequest.Collection">
            <summary>The collection of moments to list.</summary>
        </member>
        <member name="P:Google.Apis.Plus.v1.MomentsResource.ListRequest.MaxResults">
            <summary>The maximum number of moments to include in the response, which is used for paging. For any response, the actual number returned might be less than the specified maxResults.</summary>
        </member>
        <member name="P:Google.Apis.Plus.v1.MomentsResource.ListRequest.PageToken">
            <summary>The continuation token, which is used to page through large result sets. To get the next page of results, set this parameter to the value of "nextPageToken" from the previous response.</summary>
        </member>
        <member name="P:Google.Apis.Plus.v1.MomentsResource.ListRequest.TargetUrl">
            <summary>Only moments containing this targetUrl will be returned.</summary>
        </member>
        <member name="P:Google.Apis.Plus.v1.MomentsResource.ListRequest.Type">
            <summary>Only moments of this type will be returned.</summary>
        </member>
        <member name="P:Google.Apis.Plus.v1.MomentsResource.ListRequest.UserId">
            <summary>The ID of the user to get moments for. The special value "me" can be used to indicate the authenticated user.</summary>
        </member>
        <member name="P:Google.Apis.Plus.v1.MomentsResource.RemoveRequest.Alt">
            <summary>Data format for the response.</summary>
        </member>
        <member name="P:Google.Apis.Plus.v1.MomentsResource.RemoveRequest.Fields">
            <summary>Selector specifying which fields to include in a partial response.</summary>
        </member>
        <member name="P:Google.Apis.Plus.v1.MomentsResource.RemoveRequest.Oauth_token">
            <summary>OAuth 2.0 token for the current user.</summary>
        </member>
        <member name="P:Google.Apis.Plus.v1.MomentsResource.RemoveRequest.PrettyPrint">
            <summary>Returns response with indentations and line breaks.</summary>
        </member>
        <member name="P:Google.Apis.Plus.v1.MomentsResource.RemoveRequest.QuotaUser">
            <summary>Available to use for quota purposes for server-side applications. Can be any arbitrary string assigned to a user, but should not exceed 40 characters. Overrides userIp if both are provided.</summary>
        </member>
        <member name="P:Google.Apis.Plus.v1.MomentsResource.RemoveRequest.UserIp">
            <summary>IP address of the site where the request originates. Use this if you want to enforce per-user limits.</summary>
        </member>
        <member name="P:Google.Apis.Plus.v1.MomentsResource.RemoveRequest.Id">
            <summary>The ID of the moment to delete.</summary>
        </member>
        <member name="M:Google.Apis.Plus.v1.PeopleResource.Get(System.String)">
            <summary>Get a person&apos;s profile. If your app uses scope https://www.googleapis.com/auth/plus.login, this method is guaranteed to return ageRange and language.</summary>
            <param name="userId">Required - The ID of the person to get the profile for. The special value &quot;me&quot; can be used to indicate the authenticated user.</param>
        </member>
        <member name="M:Google.Apis.Plus.v1.PeopleResource.List(System.String,Google.Apis.Plus.v1.PeopleResource.Collection)">
            <summary>List all of the people in the specified collection.</summary>
            <param name="userId">Required - Get the collection of people for the person identified. Use &quot;me&quot; to indicate the authenticated user.</param>
            <param name="collection">Required - Must be one of the following values [visible] - The collection of people to list.</param>
        </member>
        <member name="M:Google.Apis.Plus.v1.PeopleResource.ListByActivity(System.String,Google.Apis.Plus.v1.PeopleResource.CollectionEnum)">
            <summary>List all of the people in the specified collection for a particular activity.</summary>
            <param name="activityId">Required - The ID of the activity to get the list of people for.</param>
            <param name="collection">Required - Must be one of the following values [plusoners, resharers] - The collection of people to list.</param>
        </member>
        <member name="M:Google.Apis.Plus.v1.PeopleResource.Search(System.String)">
            <summary>Search all public profiles.</summary>
            <param name="query">Required - Specify a query string for full text search of public text in all profiles.</param>
        </member>
        <member name="T:Google.Apis.Plus.v1.PeopleResource.Collection">
            <summary>The collection of people to list.</summary>
        </member>
        <member name="F:Google.Apis.Plus.v1.PeopleResource.Collection.Visible">
            <summary>The list of people who this user has added to one or more circles, limited to the circles visible to the requesting application.</summary>
        </member>
        <member name="T:Google.Apis.Plus.v1.PeopleResource.OrderBy">
            <summary>The order to return people in.</summary>
        </member>
        <member name="F:Google.Apis.Plus.v1.PeopleResource.OrderBy.Alphabetical">
            <summary>Order the people by their display name.</summary>
        </member>
        <member name="F:Google.Apis.Plus.v1.PeopleResource.OrderBy.Best">
            <summary>Order people based on the relevence to the viewer.</summary>
        </member>
        <member name="T:Google.Apis.Plus.v1.PeopleResource.CollectionEnum">
            <summary>The collection of people to list.</summary>
        </member>
        <member name="F:Google.Apis.Plus.v1.PeopleResource.CollectionEnum.Plusoners">
            <summary>List all people who have +1&apos;d this activity.</summary>
        </member>
        <member name="F:Google.Apis.Plus.v1.PeopleResource.CollectionEnum.Resharers">
            <summary>List all people who have reshared this activity.</summary>
        </member>
        <member name="P:Google.Apis.Plus.v1.PeopleResource.GetRequest.Alt">
            <summary>Data format for the response.</summary>
        </member>
        <member name="P:Google.Apis.Plus.v1.PeopleResource.GetRequest.Fields">
            <summary>Selector specifying which fields to include in a partial response.</summary>
        </member>
        <member name="P:Google.Apis.Plus.v1.PeopleResource.GetRequest.Oauth_token">
            <summary>OAuth 2.0 token for the current user.</summary>
        </member>
        <member name="P:Google.Apis.Plus.v1.PeopleResource.GetRequest.PrettyPrint">
            <summary>Returns response with indentations and line breaks.</summary>
        </member>
        <member name="P:Google.Apis.Plus.v1.PeopleResource.GetRequest.QuotaUser">
            <summary>Available to use for quota purposes for server-side applications. Can be any arbitrary string assigned to a user, but should not exceed 40 characters. Overrides userIp if both are provided.</summary>
        </member>
        <member name="P:Google.Apis.Plus.v1.PeopleResource.GetRequest.UserIp">
            <summary>IP address of the site where the request originates. Use this if you want to enforce per-user limits.</summary>
        </member>
        <member name="P:Google.Apis.Plus.v1.PeopleResource.GetRequest.UserId">
            <summary>The ID of the person to get the profile for. The special value "me" can be used to indicate the authenticated user.</summary>
        </member>
        <member name="P:Google.Apis.Plus.v1.PeopleResource.ListRequest.Alt">
            <summary>Data format for the response.</summary>
        </member>
        <member name="P:Google.Apis.Plus.v1.PeopleResource.ListRequest.Fields">
            <summary>Selector specifying which fields to include in a partial response.</summary>
        </member>
        <member name="P:Google.Apis.Plus.v1.PeopleResource.ListRequest.Oauth_token">
            <summary>OAuth 2.0 token for the current user.</summary>
        </member>
        <member name="P:Google.Apis.Plus.v1.PeopleResource.ListRequest.PrettyPrint">
            <summary>Returns response with indentations and line breaks.</summary>
        </member>
        <member name="P:Google.Apis.Plus.v1.PeopleResource.ListRequest.QuotaUser">
            <summary>Available to use for quota purposes for server-side applications. Can be any arbitrary string assigned to a user, but should not exceed 40 characters. Overrides userIp if both are provided.</summary>
        </member>
        <member name="P:Google.Apis.Plus.v1.PeopleResource.ListRequest.UserIp">
            <summary>IP address of the site where the request originates. Use this if you want to enforce per-user limits.</summary>
        </member>
        <member name="P:Google.Apis.Plus.v1.PeopleResource.ListRequest.Collection">
            <summary>The collection of people to list.</summary>
        </member>
        <member name="P:Google.Apis.Plus.v1.PeopleResource.ListRequest.MaxResults">
            <summary>The maximum number of people to include in the response, which is used for paging. For any response, the actual number returned might be less than the specified maxResults.</summary>
        </member>
        <member name="P:Google.Apis.Plus.v1.PeopleResource.ListRequest.OrderBy">
            <summary>The order to return people in.</summary>
        </member>
        <member name="P:Google.Apis.Plus.v1.PeopleResource.ListRequest.PageToken">
            <summary>The continuation token, which is used to page through large result sets. To get the next page of results, set this parameter to the value of "nextPageToken" from the previous response.</summary>
        </member>
        <member name="P:Google.Apis.Plus.v1.PeopleResource.ListRequest.UserId">
            <summary>Get the collection of people for the person identified. Use "me" to indicate the authenticated user.</summary>
        </member>
        <member name="P:Google.Apis.Plus.v1.PeopleResource.ListByActivityRequest.Alt">
            <summary>Data format for the response.</summary>
        </member>
        <member name="P:Google.Apis.Plus.v1.PeopleResource.ListByActivityRequest.Fields">
            <summary>Selector specifying which fields to include in a partial response.</summary>
        </member>
        <member name="P:Google.Apis.Plus.v1.PeopleResource.ListByActivityRequest.Oauth_token">
            <summary>OAuth 2.0 token for the current user.</summary>
        </member>
        <member name="P:Google.Apis.Plus.v1.PeopleResource.ListByActivityRequest.PrettyPrint">
            <summary>Returns response with indentations and line breaks.</summary>
        </member>
        <member name="P:Google.Apis.Plus.v1.PeopleResource.ListByActivityRequest.QuotaUser">
            <summary>Available to use for quota purposes for server-side applications. Can be any arbitrary string assigned to a user, but should not exceed 40 characters. Overrides userIp if both are provided.</summary>
        </member>
        <member name="P:Google.Apis.Plus.v1.PeopleResource.ListByActivityRequest.UserIp">
            <summary>IP address of the site where the request originates. Use this if you want to enforce per-user limits.</summary>
        </member>
        <member name="P:Google.Apis.Plus.v1.PeopleResource.ListByActivityRequest.ActivityId">
            <summary>The ID of the activity to get the list of people for.</summary>
        </member>
        <member name="P:Google.Apis.Plus.v1.PeopleResource.ListByActivityRequest.Collection">
            <summary>The collection of people to list.</summary>
        </member>
        <member name="P:Google.Apis.Plus.v1.PeopleResource.ListByActivityRequest.MaxResults">
            <summary>The maximum number of people to include in the response, which is used for paging. For any response, the actual number returned might be less than the specified maxResults.</summary>
        </member>
        <member name="P:Google.Apis.Plus.v1.PeopleResource.ListByActivityRequest.PageToken">
            <summary>The continuation token, which is used to page through large result sets. To get the next page of results, set this parameter to the value of "nextPageToken" from the previous response.</summary>
        </member>
        <member name="P:Google.Apis.Plus.v1.PeopleResource.SearchRequest.Alt">
            <summary>Data format for the response.</summary>
        </member>
        <member name="P:Google.Apis.Plus.v1.PeopleResource.SearchRequest.Fields">
            <summary>Selector specifying which fields to include in a partial response.</summary>
        </member>
        <member name="P:Google.Apis.Plus.v1.PeopleResource.SearchRequest.Oauth_token">
            <summary>OAuth 2.0 token for the current user.</summary>
        </member>
        <member name="P:Google.Apis.Plus.v1.PeopleResource.SearchRequest.PrettyPrint">
            <summary>Returns response with indentations and line breaks.</summary>
        </member>
        <member name="P:Google.Apis.Plus.v1.PeopleResource.SearchRequest.QuotaUser">
            <summary>Available to use for quota purposes for server-side applications. Can be any arbitrary string assigned to a user, but should not exceed 40 characters. Overrides userIp if both are provided.</summary>
        </member>
        <member name="P:Google.Apis.Plus.v1.PeopleResource.SearchRequest.UserIp">
            <summary>IP address of the site where the request originates. Use this if you want to enforce per-user limits.</summary>
        </member>
        <member name="P:Google.Apis.Plus.v1.PeopleResource.SearchRequest.Language">
            <summary>Specify the preferred language to search with. See search language codes for available values.</summary>
        </member>
        <member name="P:Google.Apis.Plus.v1.PeopleResource.SearchRequest.MaxResults">
            <summary>The maximum number of people to include in the response, which is used for paging. For any response, the actual number returned might be less than the specified maxResults.</summary>
        </member>
        <member name="P:Google.Apis.Plus.v1.PeopleResource.SearchRequest.PageToken">
            <summary>The continuation token, which is used to page through large result sets. To get the next page of results, set this parameter to the value of "nextPageToken" from the previous response. This token can be of any length.</summary>
        </member>
        <member name="P:Google.Apis.Plus.v1.PeopleResource.SearchRequest.Query">
            <summary>Specify a query string for full text search of public text in all profiles.</summary>
        </member>
    </members>
</doc>
