<?xml version="1.0"?>
<doc>
    <assembly>
        <name>Google.Apis.Oauth2.v2</name>
    </assembly>
    <members>
        <member name="P:Google.Apis.Oauth2.v2.Data.Tokeninfo.Access_type">
            <summary>The access type granted with this token. It can be offline or online.</summary>
        </member>
        <member name="P:Google.Apis.Oauth2.v2.Data.Tokeninfo.Audience">
            <summary>Who is the intended audience for this token. In general the same as issued_to.</summary>
        </member>
        <member name="P:Google.Apis.Oauth2.v2.Data.Tokeninfo.Email">
            <summary>The email address of the user. Present only if the email scope is present in the request.</summary>
        </member>
        <member name="P:Google.Apis.Oauth2.v2.Data.Tokeninfo.Expires_in">
            <summary>The expiry time of the token, as number of seconds left until expiry.</summary>
        </member>
        <member name="P:Google.Apis.Oauth2.v2.Data.Tokeninfo.Issued_to">
            <summary>To whom was the token issued to. In general the same as audience.</summary>
        </member>
        <member name="P:Google.Apis.Oauth2.v2.Data.Tokeninfo.Scope">
            <summary>The space separated list of scopes granted to this token.</summary>
        </member>
        <member name="P:Google.Apis.Oauth2.v2.Data.Tokeninfo.User_id">
            <summary>The Gaia obfuscated user id.</summary>
        </member>
        <member name="P:Google.Apis.Oauth2.v2.Data.Tokeninfo.Verified_email">
            <summary>Boolean flag which is true if the email address is verified. Present only if the email scope is present in the request.</summary>
        </member>
        <member name="P:Google.Apis.Oauth2.v2.Data.Userinfo.Birthday">
            <summary>The user&apos;s birthday. The year is not present.</summary>
        </member>
        <member name="P:Google.Apis.Oauth2.v2.Data.Userinfo.Email">
            <summary>The user&apos;s email address.</summary>
        </member>
        <member name="P:Google.Apis.Oauth2.v2.Data.Userinfo.Family_name">
            <summary>The user&apos;s last name.</summary>
        </member>
        <member name="P:Google.Apis.Oauth2.v2.Data.Userinfo.Gender">
            <summary>The user&apos;s gender.</summary>
        </member>
        <member name="P:Google.Apis.Oauth2.v2.Data.Userinfo.Given_name">
            <summary>The user&apos;s first name.</summary>
        </member>
        <member name="P:Google.Apis.Oauth2.v2.Data.Userinfo.Hd">
            <summary>The hosted domain e.g. example.com if the user is Google apps user.</summary>
        </member>
        <member name="P:Google.Apis.Oauth2.v2.Data.Userinfo.Id">
            <summary>The focus obfuscated gaia id of the user.</summary>
        </member>
        <member name="P:Google.Apis.Oauth2.v2.Data.Userinfo.Link">
            <summary>URL of the profile page.</summary>
        </member>
        <member name="P:Google.Apis.Oauth2.v2.Data.Userinfo.Locale">
            <summary>The user&apos;s default locale.</summary>
        </member>
        <member name="P:Google.Apis.Oauth2.v2.Data.Userinfo.Name">
            <summary>The user&apos;s full name.</summary>
        </member>
        <member name="P:Google.Apis.Oauth2.v2.Data.Userinfo.Picture">
            <summary>URL of the user&apos;s picture image.</summary>
        </member>
        <member name="P:Google.Apis.Oauth2.v2.Data.Userinfo.Timezone">
            <summary>The user&apos;s default timezone.</summary>
        </member>
        <member name="P:Google.Apis.Oauth2.v2.Data.Userinfo.Verified_email">
            <summary>Boolean flag which is true if the email address is verified.</summary>
        </member>
        <member name="T:Google.Apis.Oauth2.v2.Oauth2Service.Scopes">
            <summary>A list of all OAuth2.0 scopes. Each of these scopes relates to a permission or group of permissions that different methods of this API may need.</summary>
        </member>
        <member name="F:Google.Apis.Oauth2.v2.Oauth2Service.Scopes.PlusMe">
            <summary>Know who you are on Google</summary>
        </member>
        <member name="F:Google.Apis.Oauth2.v2.Oauth2Service.Scopes.UserinfoEmail">
            <summary>View your email address</summary>
        </member>
        <member name="F:Google.Apis.Oauth2.v2.Oauth2Service.Scopes.UserinfoProfile">
            <summary>View basic information about your account</summary>
        </member>
        <member name="P:Google.Apis.Oauth2.v2.Oauth2Service.TokeninfoRequest.Alt">
            <summary>Data format for the response.</summary>
        </member>
        <member name="P:Google.Apis.Oauth2.v2.Oauth2Service.TokeninfoRequest.Fields">
            <summary>Selector specifying which fields to include in a partial response.</summary>
        </member>
        <member name="P:Google.Apis.Oauth2.v2.Oauth2Service.TokeninfoRequest.Oauth_token">
            <summary>OAuth 2.0 token for the current user.</summary>
        </member>
        <member name="P:Google.Apis.Oauth2.v2.Oauth2Service.TokeninfoRequest.PrettyPrint">
            <summary>Returns response with indentations and line breaks.</summary>
        </member>
        <member name="P:Google.Apis.Oauth2.v2.Oauth2Service.TokeninfoRequest.QuotaUser">
            <summary>Available to use for quota purposes for server-side applications. Can be any arbitrary string assigned to a user, but should not exceed 40 characters. Overrides userIp if both are provided.</summary>
        </member>
        <member name="P:Google.Apis.Oauth2.v2.Oauth2Service.TokeninfoRequest.UserIp">
            <summary>IP address of the site where the request originates. Use this if you want to enforce per-user limits.</summary>
        </member>
        <member name="P:Google.Apis.Oauth2.v2.UserinfoResource.V2Resource.MeResource.GetRequest.Alt">
            <summary>Data format for the response.</summary>
        </member>
        <member name="P:Google.Apis.Oauth2.v2.UserinfoResource.V2Resource.MeResource.GetRequest.Fields">
            <summary>Selector specifying which fields to include in a partial response.</summary>
        </member>
        <member name="P:Google.Apis.Oauth2.v2.UserinfoResource.V2Resource.MeResource.GetRequest.Oauth_token">
            <summary>OAuth 2.0 token for the current user.</summary>
        </member>
        <member name="P:Google.Apis.Oauth2.v2.UserinfoResource.V2Resource.MeResource.GetRequest.PrettyPrint">
            <summary>Returns response with indentations and line breaks.</summary>
        </member>
        <member name="P:Google.Apis.Oauth2.v2.UserinfoResource.V2Resource.MeResource.GetRequest.QuotaUser">
            <summary>Available to use for quota purposes for server-side applications. Can be any arbitrary string assigned to a user, but should not exceed 40 characters. Overrides userIp if both are provided.</summary>
        </member>
        <member name="P:Google.Apis.Oauth2.v2.UserinfoResource.V2Resource.MeResource.GetRequest.UserIp">
            <summary>IP address of the site where the request originates. Use this if you want to enforce per-user limits.</summary>
        </member>
        <member name="P:Google.Apis.Oauth2.v2.UserinfoResource.GetRequest.Alt">
            <summary>Data format for the response.</summary>
        </member>
        <member name="P:Google.Apis.Oauth2.v2.UserinfoResource.GetRequest.Fields">
            <summary>Selector specifying which fields to include in a partial response.</summary>
        </member>
        <member name="P:Google.Apis.Oauth2.v2.UserinfoResource.GetRequest.Oauth_token">
            <summary>OAuth 2.0 token for the current user.</summary>
        </member>
        <member name="P:Google.Apis.Oauth2.v2.UserinfoResource.GetRequest.PrettyPrint">
            <summary>Returns response with indentations and line breaks.</summary>
        </member>
        <member name="P:Google.Apis.Oauth2.v2.UserinfoResource.GetRequest.QuotaUser">
            <summary>Available to use for quota purposes for server-side applications. Can be any arbitrary string assigned to a user, but should not exceed 40 characters. Overrides userIp if both are provided.</summary>
        </member>
        <member name="P:Google.Apis.Oauth2.v2.UserinfoResource.GetRequest.UserIp">
            <summary>IP address of the site where the request originates. Use this if you want to enforce per-user limits.</summary>
        </member>
    </members>
</doc>
