<?xml version="1.0"?>
<doc>
    <assembly>
        <name>Google.Apis.YoutubeAnalytics.v1</name>
    </assembly>
    <members>
        <member name="T:Google.Apis.YoutubeAnalytics.v1.Data.ResultTable">
            <summary>Contains a single result table. The table is returned as an array of rows that contain the values for the cells of the table. Depending on the metric or dimension, the cell can contain a string (video ID, country code) or a number (number of views or number of likes).</summary>
        </member>
        <member name="P:Google.Apis.YoutubeAnalytics.v1.Data.ResultTable.ColumnHeaders">
            <summary>This value specifies information about the data returned in the rows fields. Each item in the columnHeaders list identifies a field returned in the rows value, which contains a list of comma-delimited data. The columnHeaders list will begin with the dimensions specified in the API request, which will be followed by the metrics specified in the API request. The order of both dimensions and metrics will match the ordering in the API request. For example, if the API request contains the parameters dimensions=ageGroup,gender&amp;metrics=viewerPercentage, the API response will return columns in this order: ageGroup,gender,viewerPercentage.</summary>
        </member>
        <member name="P:Google.Apis.YoutubeAnalytics.v1.Data.ResultTable.Kind">
            <summary>This value specifies the type of data included in the API response. For the query method, the kind property value will be youtubeAnalytics#resultTable.</summary>
        </member>
        <member name="P:Google.Apis.YoutubeAnalytics.v1.Data.ResultTable.Rows">
            <summary>The list contains all rows of the result table. Each item in the list is an array that contains comma-delimited data corresponding to a single row of data. The order of the comma-delimited data fields will match the order of the columns listed in the columnHeaders field. If no data is available for the given query, the rows element will be omitted from the response. The response for a query with the day dimension will not contain rows for the most recent days.</summary>
        </member>
        <member name="P:Google.Apis.YoutubeAnalytics.v1.Data.ResultTable.ColumnHeadersData.ColumnType">
            <summary>The type of the column (DIMENSION or METRIC).</summary>
        </member>
        <member name="P:Google.Apis.YoutubeAnalytics.v1.Data.ResultTable.ColumnHeadersData.DataType">
            <summary>The type of the data in the column (STRING, INTEGER, FLOAT, etc.).</summary>
        </member>
        <member name="P:Google.Apis.YoutubeAnalytics.v1.Data.ResultTable.ColumnHeadersData.Name">
            <summary>The name of the dimension or metric.</summary>
        </member>
        <member name="T:Google.Apis.YoutubeAnalytics.v1.YoutubeAnalyticsService.Scopes">
            <summary>A list of all OAuth2.0 scopes. Each of these scopes relates to a permission or group of permissions that different methods of this API may need.</summary>
        </member>
        <member name="F:Google.Apis.YoutubeAnalytics.v1.YoutubeAnalyticsService.Scopes.YtAnalyticsReadonly">
            <summary>View YouTube Analytics reports for your YouTube content</summary>
        </member>
        <member name="M:Google.Apis.YoutubeAnalytics.v1.ReportsResource.Query(System.String,System.String,System.String,System.String)">
             <summary>Retrieve your YouTube Analytics reports.</summary>
             <param name="ids">Required - Must match pattern [a-zA-Z]+==[a-zA-Z0-9_+-]+ - Identifies the YouTube channel or content owner for which you are retrieving YouTube Analytics data.
            - To request data for a YouTube user, set the ids parameter value to channel==CHANNEL_ID, where CHANNEL_ID specifies the unique YouTube channel ID.
            - To request data for a YouTube CMS content owner, set the ids parameter value to contentOwner==OWNER_NAME, where OWNER_NAME is the CMS name of the content owner.</param>
             <param name="startDate">start-date - Required - Must match pattern [0-9]{4}-[0-9]{2}-[0-9]{2} - The start date for fetching YouTube Analytics data. The value should be in YYYY-MM-DD format.</param>
             <param name="endDate">end-date - Required - Must match pattern [0-9]{4}-[0-9]{2}-[0-9]{2} - The end date for fetching YouTube Analytics data. The value should be in YYYY-MM-DD format.</param>
             <param name="metrics">Required - Must match pattern [0-9a-zA-Z,]+ - A comma-separated list of YouTube Analytics metrics, such as views or likes,dislikes. See the Available Reports document for a list of the reports that you can retrieve and the metrics available in each report, and see the Metrics document for definitions of those metrics.</param>
        </member>
        <member name="P:Google.Apis.YoutubeAnalytics.v1.ReportsResource.QueryRequest.Alt">
            <summary>Data format for the response.</summary>
        </member>
        <member name="P:Google.Apis.YoutubeAnalytics.v1.ReportsResource.QueryRequest.Fields">
            <summary>Selector specifying which fields to include in a partial response.</summary>
        </member>
        <member name="P:Google.Apis.YoutubeAnalytics.v1.ReportsResource.QueryRequest.Oauth_token">
            <summary>OAuth 2.0 token for the current user.</summary>
        </member>
        <member name="P:Google.Apis.YoutubeAnalytics.v1.ReportsResource.QueryRequest.PrettyPrint">
            <summary>Returns response with indentations and line breaks.</summary>
        </member>
        <member name="P:Google.Apis.YoutubeAnalytics.v1.ReportsResource.QueryRequest.QuotaUser">
            <summary>Available to use for quota purposes for server-side applications. Can be any arbitrary string assigned to a user, but should not exceed 40 characters. Overrides userIp if both are provided.</summary>
        </member>
        <member name="P:Google.Apis.YoutubeAnalytics.v1.ReportsResource.QueryRequest.UserIp">
            <summary>IP address of the site where the request originates. Use this if you want to enforce per-user limits.</summary>
        </member>
        <member name="P:Google.Apis.YoutubeAnalytics.v1.ReportsResource.QueryRequest.Dimensions">
            <summary>A comma-separated list of YouTube Analytics dimensions, such as views or ageGroup,gender. See the Available Reports document for a list of the reports that you can retrieve and the dimensions used for those reports. Also see the Dimensions document for definitions of those dimensions.</summary>
        </member>
        <member name="P:Google.Apis.YoutubeAnalytics.v1.ReportsResource.QueryRequest.EndDate">
            <summary>The end date for fetching YouTube Analytics data. The value should be in YYYY-MM-DD format.</summary>
        </member>
        <member name="P:Google.Apis.YoutubeAnalytics.v1.ReportsResource.QueryRequest.Filters">
            <summary>A list of filters that should be applied when retrieving YouTube Analytics data. The Available Reports document identifies the dimensions that can be used to filter each report, and the Dimensions document defines those dimensions. If a request uses multiple filters, join them together with a semicolon (;), and the returned result table will satisfy both filters. For example, a filters parameter value of video==dMH0bHeiRNg;country==IT restricts the result set to include data for the given video in Italy.</summary>
        </member>
        <member name="P:Google.Apis.YoutubeAnalytics.v1.ReportsResource.QueryRequest.Ids">
             <summary>Identifies the YouTube channel or content owner for which you are retrieving YouTube Analytics data.
            - To request data for a YouTube user, set the ids parameter value to channel==CHANNEL_ID, where CHANNEL_ID specifies the unique YouTube channel ID.
            - To request data for a YouTube CMS content owner, set the ids parameter value to contentOwner==OWNER_NAME, where OWNER_NAME is the CMS name of the content owner.</summary>
        </member>
        <member name="P:Google.Apis.YoutubeAnalytics.v1.ReportsResource.QueryRequest.MaxResults">
            <summary>The maximum number of rows to include in the response.</summary>
        </member>
        <member name="P:Google.Apis.YoutubeAnalytics.v1.ReportsResource.QueryRequest.Metrics">
            <summary>A comma-separated list of YouTube Analytics metrics, such as views or likes,dislikes. See the Available Reports document for a list of the reports that you can retrieve and the metrics available in each report, and see the Metrics document for definitions of those metrics.</summary>
        </member>
        <member name="P:Google.Apis.YoutubeAnalytics.v1.ReportsResource.QueryRequest.Sort">
            <summary>A comma-separated list of dimensions or metrics that determine the sort order for YouTube Analytics data. By default the sort order is ascending. The '-' prefix causes descending sort order.</summary>
        </member>
        <member name="P:Google.Apis.YoutubeAnalytics.v1.ReportsResource.QueryRequest.StartDate">
            <summary>The start date for fetching YouTube Analytics data. The value should be in YYYY-MM-DD format.</summary>
        </member>
        <member name="P:Google.Apis.YoutubeAnalytics.v1.ReportsResource.QueryRequest.StartIndex">
            <summary>An index of the first entity to retrieve. Use this parameter as a pagination mechanism along with the max-results parameter (one-based, inclusive).</summary>
        </member>
    </members>
</doc>
