<?xml version="1.0"?>
<doc>
    <assembly>
        <name>Google.Apis.Taskqueue.v1beta2</name>
    </assembly>
    <members>
        <member name="P:Google.Apis.Taskqueue.v1beta2.Data.Task.EnqueueTimestamp">
            <summary>Time (in seconds since the epoch) at which the task was enqueued.</summary>
        </member>
        <member name="P:Google.Apis.Taskqueue.v1beta2.Data.Task.Id">
            <summary>Name of the task.</summary>
        </member>
        <member name="P:Google.Apis.Taskqueue.v1beta2.Data.Task.Kind">
            <summary>The kind of object returned, in this case set to task.</summary>
        </member>
        <member name="P:Google.Apis.Taskqueue.v1beta2.Data.Task.LeaseTimestamp">
            <summary>Time (in seconds since the epoch) at which the task lease will expire. This value is 0 if the task isnt currently leased out to a worker.</summary>
        </member>
        <member name="P:Google.Apis.Taskqueue.v1beta2.Data.Task.PayloadBase64">
            <summary>A bag of bytes which is the task payload. The payload on the JSON side is always Base64 encoded.</summary>
        </member>
        <member name="P:Google.Apis.Taskqueue.v1beta2.Data.Task.QueueName">
            <summary>Name of the queue that the task is in.</summary>
        </member>
        <member name="P:Google.Apis.Taskqueue.v1beta2.Data.Task.Tag">
            <summary>Tag for the task, could be used later to lease tasks grouped by a specific tag.</summary>
        </member>
        <member name="P:Google.Apis.Taskqueue.v1beta2.Data.TaskQueue.Acl">
            <summary>ACLs that are applicable to this TaskQueue object.</summary>
        </member>
        <member name="P:Google.Apis.Taskqueue.v1beta2.Data.TaskQueue.Id">
            <summary>Name of the taskqueue.</summary>
        </member>
        <member name="P:Google.Apis.Taskqueue.v1beta2.Data.TaskQueue.Kind">
            <summary>The kind of REST object returned, in this case taskqueue.</summary>
        </member>
        <member name="P:Google.Apis.Taskqueue.v1beta2.Data.TaskQueue.MaxLeases">
            <summary>The number of times we should lease out tasks before giving up on them. If unset we lease them out forever until a worker deletes the task.</summary>
        </member>
        <member name="P:Google.Apis.Taskqueue.v1beta2.Data.TaskQueue.Stats">
            <summary>Statistics for the TaskQueue object in question.</summary>
        </member>
        <member name="T:Google.Apis.Taskqueue.v1beta2.Data.TaskQueue.AclData">
            <summary>ACLs that are applicable to this TaskQueue object.</summary>
        </member>
        <member name="P:Google.Apis.Taskqueue.v1beta2.Data.TaskQueue.AclData.AdminEmails">
            <summary>Email addresses of users who are &quot;admins&quot; of the TaskQueue. This means they can control the queue, eg set ACLs for the queue.</summary>
        </member>
        <member name="P:Google.Apis.Taskqueue.v1beta2.Data.TaskQueue.AclData.ConsumerEmails">
            <summary>Email addresses of users who can &quot;consume&quot; tasks from the TaskQueue. This means they can Dequeue and Delete tasks from the queue.</summary>
        </member>
        <member name="P:Google.Apis.Taskqueue.v1beta2.Data.TaskQueue.AclData.ProducerEmails">
            <summary>Email addresses of users who can &quot;produce&quot; tasks into the TaskQueue. This means they can Insert tasks into the queue.</summary>
        </member>
        <member name="T:Google.Apis.Taskqueue.v1beta2.Data.TaskQueue.StatsData">
            <summary>Statistics for the TaskQueue object in question.</summary>
        </member>
        <member name="P:Google.Apis.Taskqueue.v1beta2.Data.TaskQueue.StatsData.LeasedLastHour">
            <summary>Number of tasks leased in the last hour.</summary>
        </member>
        <member name="P:Google.Apis.Taskqueue.v1beta2.Data.TaskQueue.StatsData.LeasedLastMinute">
            <summary>Number of tasks leased in the last minute.</summary>
        </member>
        <member name="P:Google.Apis.Taskqueue.v1beta2.Data.TaskQueue.StatsData.OldestTask">
            <summary>The timestamp (in seconds since the epoch) of the oldest unfinished task.</summary>
        </member>
        <member name="P:Google.Apis.Taskqueue.v1beta2.Data.TaskQueue.StatsData.TotalTasks">
            <summary>Number of tasks in the queue.</summary>
        </member>
        <member name="P:Google.Apis.Taskqueue.v1beta2.Data.Tasks.Items">
            <summary>The actual list of tasks returned as a result of the lease operation.</summary>
        </member>
        <member name="P:Google.Apis.Taskqueue.v1beta2.Data.Tasks.Kind">
            <summary>The kind of object returned, a list of tasks.</summary>
        </member>
        <member name="P:Google.Apis.Taskqueue.v1beta2.Data.Tasks2.Items">
            <summary>The actual list of tasks currently active in the TaskQueue.</summary>
        </member>
        <member name="P:Google.Apis.Taskqueue.v1beta2.Data.Tasks2.Kind">
            <summary>The kind of object returned, a list of tasks.</summary>
        </member>
        <member name="T:Google.Apis.Taskqueue.v1beta2.TaskqueueService.Scopes">
            <summary>A list of all OAuth2.0 scopes. Each of these scopes relates to a permission or group of permissions that different methods of this API may need.</summary>
        </member>
        <member name="F:Google.Apis.Taskqueue.v1beta2.TaskqueueService.Scopes.Taskqueue">
            <summary>Manage your Tasks and Taskqueues</summary>
        </member>
        <member name="F:Google.Apis.Taskqueue.v1beta2.TaskqueueService.Scopes.TaskqueueConsumer">
            <summary>Consume Tasks from your Taskqueues</summary>
        </member>
        <member name="M:Google.Apis.Taskqueue.v1beta2.TaskqueuesResource.Get(System.String,System.String)">
            <summary>Get detailed information about a TaskQueue.</summary>
            <param name="project">Required - The project under which the queue lies.</param>
            <param name="taskqueue">Required - The id of the taskqueue to get the properties of.</param>
        </member>
        <member name="P:Google.Apis.Taskqueue.v1beta2.TaskqueuesResource.GetRequest.Alt">
            <summary>Data format for the response.</summary>
        </member>
        <member name="P:Google.Apis.Taskqueue.v1beta2.TaskqueuesResource.GetRequest.Fields">
            <summary>Selector specifying which fields to include in a partial response.</summary>
        </member>
        <member name="P:Google.Apis.Taskqueue.v1beta2.TaskqueuesResource.GetRequest.Oauth_token">
            <summary>OAuth 2.0 token for the current user.</summary>
        </member>
        <member name="P:Google.Apis.Taskqueue.v1beta2.TaskqueuesResource.GetRequest.PrettyPrint">
            <summary>Returns response with indentations and line breaks.</summary>
        </member>
        <member name="P:Google.Apis.Taskqueue.v1beta2.TaskqueuesResource.GetRequest.QuotaUser">
            <summary>Available to use for quota purposes for server-side applications. Can be any arbitrary string assigned to a user, but should not exceed 40 characters. Overrides userIp if both are provided.</summary>
        </member>
        <member name="P:Google.Apis.Taskqueue.v1beta2.TaskqueuesResource.GetRequest.UserIp">
            <summary>IP address of the site where the request originates. Use this if you want to enforce per-user limits.</summary>
        </member>
        <member name="P:Google.Apis.Taskqueue.v1beta2.TaskqueuesResource.GetRequest.GetStats">
            <summary>Whether to get stats. Optional.</summary>
        </member>
        <member name="P:Google.Apis.Taskqueue.v1beta2.TaskqueuesResource.GetRequest.Project">
            <summary>The project under which the queue lies.</summary>
        </member>
        <member name="P:Google.Apis.Taskqueue.v1beta2.TaskqueuesResource.GetRequest.Taskqueue">
            <summary>The id of the taskqueue to get the properties of.</summary>
        </member>
        <member name="M:Google.Apis.Taskqueue.v1beta2.TasksResource.Delete(System.String,System.String,System.String)">
            <summary>Delete a task from a TaskQueue.</summary>
            <param name="project">Required - The project under which the queue lies.</param>
            <param name="taskqueue">Required - The taskqueue to delete a task from.</param>
            <param name="task">Required - The id of the task to delete.</param>
        </member>
        <member name="M:Google.Apis.Taskqueue.v1beta2.TasksResource.Get(System.String,System.String,System.String)">
            <summary>Get a particular task from a TaskQueue.</summary>
            <param name="project">Required - The project under which the queue lies.</param>
            <param name="taskqueue">Required - The taskqueue in which the task belongs.</param>
            <param name="task">Required - The task to get properties of.</param>
        </member>
        <member name="M:Google.Apis.Taskqueue.v1beta2.TasksResource.Insert(Google.Apis.Taskqueue.v1beta2.Data.Task,System.String,System.String)">
            <summary>Insert a new task in a TaskQueue</summary>
            <param name="project">Required - The project under which the queue lies</param>
            <param name="taskqueue">Required - The taskqueue to insert the task into</param>
        </member>
        <member name="M:Google.Apis.Taskqueue.v1beta2.TasksResource.Lease(System.String,System.String,System.Int64,System.Int64)">
            <summary>Lease 1 or more tasks from a TaskQueue.</summary>
            <param name="project">Required - The project under which the queue lies.</param>
            <param name="taskqueue">Required - The taskqueue to lease a task from.</param>
            <param name="numTasks">Required - The number of tasks to lease.</param>
            <param name="leaseSecs">Required - The lease in seconds.</param>
        </member>
        <member name="M:Google.Apis.Taskqueue.v1beta2.TasksResource.List(System.String,System.String)">
            <summary>List Tasks in a TaskQueue</summary>
            <param name="project">Required - The project under which the queue lies.</param>
            <param name="taskqueue">Required - The id of the taskqueue to list tasks from.</param>
        </member>
        <member name="M:Google.Apis.Taskqueue.v1beta2.TasksResource.Patch(Google.Apis.Taskqueue.v1beta2.Data.Task,System.String,System.String,System.String,System.Int64)">
            <summary>Update tasks that are leased out of a TaskQueue. This method supports patch semantics.</summary>
            <param name="project">Required - The project under which the queue lies.</param>
            <param name="taskqueue">Required</param>
            <param name="task">Required</param>
            <param name="newLeaseSeconds">Required - The new lease in seconds.</param>
        </member>
        <member name="M:Google.Apis.Taskqueue.v1beta2.TasksResource.Update(Google.Apis.Taskqueue.v1beta2.Data.Task,System.String,System.String,System.String,System.Int64)">
            <summary>Update tasks that are leased out of a TaskQueue.</summary>
            <param name="project">Required - The project under which the queue lies.</param>
            <param name="taskqueue">Required</param>
            <param name="task">Required</param>
            <param name="newLeaseSeconds">Required - The new lease in seconds.</param>
        </member>
        <member name="P:Google.Apis.Taskqueue.v1beta2.TasksResource.DeleteRequest.Alt">
            <summary>Data format for the response.</summary>
        </member>
        <member name="P:Google.Apis.Taskqueue.v1beta2.TasksResource.DeleteRequest.Fields">
            <summary>Selector specifying which fields to include in a partial response.</summary>
        </member>
        <member name="P:Google.Apis.Taskqueue.v1beta2.TasksResource.DeleteRequest.Oauth_token">
            <summary>OAuth 2.0 token for the current user.</summary>
        </member>
        <member name="P:Google.Apis.Taskqueue.v1beta2.TasksResource.DeleteRequest.PrettyPrint">
            <summary>Returns response with indentations and line breaks.</summary>
        </member>
        <member name="P:Google.Apis.Taskqueue.v1beta2.TasksResource.DeleteRequest.QuotaUser">
            <summary>Available to use for quota purposes for server-side applications. Can be any arbitrary string assigned to a user, but should not exceed 40 characters. Overrides userIp if both are provided.</summary>
        </member>
        <member name="P:Google.Apis.Taskqueue.v1beta2.TasksResource.DeleteRequest.UserIp">
            <summary>IP address of the site where the request originates. Use this if you want to enforce per-user limits.</summary>
        </member>
        <member name="P:Google.Apis.Taskqueue.v1beta2.TasksResource.DeleteRequest.Project">
            <summary>The project under which the queue lies.</summary>
        </member>
        <member name="P:Google.Apis.Taskqueue.v1beta2.TasksResource.DeleteRequest.Task">
            <summary>The id of the task to delete.</summary>
        </member>
        <member name="P:Google.Apis.Taskqueue.v1beta2.TasksResource.DeleteRequest.Taskqueue">
            <summary>The taskqueue to delete a task from.</summary>
        </member>
        <member name="P:Google.Apis.Taskqueue.v1beta2.TasksResource.GetRequest.Alt">
            <summary>Data format for the response.</summary>
        </member>
        <member name="P:Google.Apis.Taskqueue.v1beta2.TasksResource.GetRequest.Fields">
            <summary>Selector specifying which fields to include in a partial response.</summary>
        </member>
        <member name="P:Google.Apis.Taskqueue.v1beta2.TasksResource.GetRequest.Oauth_token">
            <summary>OAuth 2.0 token for the current user.</summary>
        </member>
        <member name="P:Google.Apis.Taskqueue.v1beta2.TasksResource.GetRequest.PrettyPrint">
            <summary>Returns response with indentations and line breaks.</summary>
        </member>
        <member name="P:Google.Apis.Taskqueue.v1beta2.TasksResource.GetRequest.QuotaUser">
            <summary>Available to use for quota purposes for server-side applications. Can be any arbitrary string assigned to a user, but should not exceed 40 characters. Overrides userIp if both are provided.</summary>
        </member>
        <member name="P:Google.Apis.Taskqueue.v1beta2.TasksResource.GetRequest.UserIp">
            <summary>IP address of the site where the request originates. Use this if you want to enforce per-user limits.</summary>
        </member>
        <member name="P:Google.Apis.Taskqueue.v1beta2.TasksResource.GetRequest.Project">
            <summary>The project under which the queue lies.</summary>
        </member>
        <member name="P:Google.Apis.Taskqueue.v1beta2.TasksResource.GetRequest.Task">
            <summary>The task to get properties of.</summary>
        </member>
        <member name="P:Google.Apis.Taskqueue.v1beta2.TasksResource.GetRequest.Taskqueue">
            <summary>The taskqueue in which the task belongs.</summary>
        </member>
        <member name="P:Google.Apis.Taskqueue.v1beta2.TasksResource.InsertRequest.Alt">
            <summary>Data format for the response.</summary>
        </member>
        <member name="P:Google.Apis.Taskqueue.v1beta2.TasksResource.InsertRequest.Fields">
            <summary>Selector specifying which fields to include in a partial response.</summary>
        </member>
        <member name="P:Google.Apis.Taskqueue.v1beta2.TasksResource.InsertRequest.Oauth_token">
            <summary>OAuth 2.0 token for the current user.</summary>
        </member>
        <member name="P:Google.Apis.Taskqueue.v1beta2.TasksResource.InsertRequest.PrettyPrint">
            <summary>Returns response with indentations and line breaks.</summary>
        </member>
        <member name="P:Google.Apis.Taskqueue.v1beta2.TasksResource.InsertRequest.QuotaUser">
            <summary>Available to use for quota purposes for server-side applications. Can be any arbitrary string assigned to a user, but should not exceed 40 characters. Overrides userIp if both are provided.</summary>
        </member>
        <member name="P:Google.Apis.Taskqueue.v1beta2.TasksResource.InsertRequest.UserIp">
            <summary>IP address of the site where the request originates. Use this if you want to enforce per-user limits.</summary>
        </member>
        <member name="P:Google.Apis.Taskqueue.v1beta2.TasksResource.InsertRequest.Project">
            <summary>The project under which the queue lies</summary>
        </member>
        <member name="P:Google.Apis.Taskqueue.v1beta2.TasksResource.InsertRequest.Taskqueue">
            <summary>The taskqueue to insert the task into</summary>
        </member>
        <member name="P:Google.Apis.Taskqueue.v1beta2.TasksResource.InsertRequest.Body">
            <summary>Gets/Sets the Body of this Request.</summary>
        </member>
        <member name="P:Google.Apis.Taskqueue.v1beta2.TasksResource.LeaseRequest.Alt">
            <summary>Data format for the response.</summary>
        </member>
        <member name="P:Google.Apis.Taskqueue.v1beta2.TasksResource.LeaseRequest.Fields">
            <summary>Selector specifying which fields to include in a partial response.</summary>
        </member>
        <member name="P:Google.Apis.Taskqueue.v1beta2.TasksResource.LeaseRequest.Oauth_token">
            <summary>OAuth 2.0 token for the current user.</summary>
        </member>
        <member name="P:Google.Apis.Taskqueue.v1beta2.TasksResource.LeaseRequest.PrettyPrint">
            <summary>Returns response with indentations and line breaks.</summary>
        </member>
        <member name="P:Google.Apis.Taskqueue.v1beta2.TasksResource.LeaseRequest.QuotaUser">
            <summary>Available to use for quota purposes for server-side applications. Can be any arbitrary string assigned to a user, but should not exceed 40 characters. Overrides userIp if both are provided.</summary>
        </member>
        <member name="P:Google.Apis.Taskqueue.v1beta2.TasksResource.LeaseRequest.UserIp">
            <summary>IP address of the site where the request originates. Use this if you want to enforce per-user limits.</summary>
        </member>
        <member name="P:Google.Apis.Taskqueue.v1beta2.TasksResource.LeaseRequest.GroupByTag">
            <summary>When true, all returned tasks will have the same tag</summary>
        </member>
        <member name="P:Google.Apis.Taskqueue.v1beta2.TasksResource.LeaseRequest.LeaseSecs">
            <summary>The lease in seconds.</summary>
        </member>
        <member name="P:Google.Apis.Taskqueue.v1beta2.TasksResource.LeaseRequest.NumTasks">
            <summary>The number of tasks to lease.</summary>
        </member>
        <member name="P:Google.Apis.Taskqueue.v1beta2.TasksResource.LeaseRequest.Project">
            <summary>The project under which the queue lies.</summary>
        </member>
        <member name="P:Google.Apis.Taskqueue.v1beta2.TasksResource.LeaseRequest.Tag">
            <summary>The tag allowed for tasks in the response. Must only be specified if group_by_tag is true. If group_by_tag is true and tag is not specified the tag will be that of the oldest task by eta, i.e. the first available tag</summary>
        </member>
        <member name="P:Google.Apis.Taskqueue.v1beta2.TasksResource.LeaseRequest.Taskqueue">
            <summary>The taskqueue to lease a task from.</summary>
        </member>
        <member name="P:Google.Apis.Taskqueue.v1beta2.TasksResource.ListRequest.Alt">
            <summary>Data format for the response.</summary>
        </member>
        <member name="P:Google.Apis.Taskqueue.v1beta2.TasksResource.ListRequest.Fields">
            <summary>Selector specifying which fields to include in a partial response.</summary>
        </member>
        <member name="P:Google.Apis.Taskqueue.v1beta2.TasksResource.ListRequest.Oauth_token">
            <summary>OAuth 2.0 token for the current user.</summary>
        </member>
        <member name="P:Google.Apis.Taskqueue.v1beta2.TasksResource.ListRequest.PrettyPrint">
            <summary>Returns response with indentations and line breaks.</summary>
        </member>
        <member name="P:Google.Apis.Taskqueue.v1beta2.TasksResource.ListRequest.QuotaUser">
            <summary>Available to use for quota purposes for server-side applications. Can be any arbitrary string assigned to a user, but should not exceed 40 characters. Overrides userIp if both are provided.</summary>
        </member>
        <member name="P:Google.Apis.Taskqueue.v1beta2.TasksResource.ListRequest.UserIp">
            <summary>IP address of the site where the request originates. Use this if you want to enforce per-user limits.</summary>
        </member>
        <member name="P:Google.Apis.Taskqueue.v1beta2.TasksResource.ListRequest.Project">
            <summary>The project under which the queue lies.</summary>
        </member>
        <member name="P:Google.Apis.Taskqueue.v1beta2.TasksResource.ListRequest.Taskqueue">
            <summary>The id of the taskqueue to list tasks from.</summary>
        </member>
        <member name="P:Google.Apis.Taskqueue.v1beta2.TasksResource.PatchRequest.Alt">
            <summary>Data format for the response.</summary>
        </member>
        <member name="P:Google.Apis.Taskqueue.v1beta2.TasksResource.PatchRequest.Fields">
            <summary>Selector specifying which fields to include in a partial response.</summary>
        </member>
        <member name="P:Google.Apis.Taskqueue.v1beta2.TasksResource.PatchRequest.Oauth_token">
            <summary>OAuth 2.0 token for the current user.</summary>
        </member>
        <member name="P:Google.Apis.Taskqueue.v1beta2.TasksResource.PatchRequest.PrettyPrint">
            <summary>Returns response with indentations and line breaks.</summary>
        </member>
        <member name="P:Google.Apis.Taskqueue.v1beta2.TasksResource.PatchRequest.QuotaUser">
            <summary>Available to use for quota purposes for server-side applications. Can be any arbitrary string assigned to a user, but should not exceed 40 characters. Overrides userIp if both are provided.</summary>
        </member>
        <member name="P:Google.Apis.Taskqueue.v1beta2.TasksResource.PatchRequest.UserIp">
            <summary>IP address of the site where the request originates. Use this if you want to enforce per-user limits.</summary>
        </member>
        <member name="P:Google.Apis.Taskqueue.v1beta2.TasksResource.PatchRequest.NewLeaseSeconds">
            <summary>The new lease in seconds.</summary>
        </member>
        <member name="P:Google.Apis.Taskqueue.v1beta2.TasksResource.PatchRequest.Project">
            <summary>The project under which the queue lies.</summary>
        </member>
        <member name="P:Google.Apis.Taskqueue.v1beta2.TasksResource.PatchRequest.Body">
            <summary>Gets/Sets the Body of this Request.</summary>
        </member>
        <member name="P:Google.Apis.Taskqueue.v1beta2.TasksResource.UpdateRequest.Alt">
            <summary>Data format for the response.</summary>
        </member>
        <member name="P:Google.Apis.Taskqueue.v1beta2.TasksResource.UpdateRequest.Fields">
            <summary>Selector specifying which fields to include in a partial response.</summary>
        </member>
        <member name="P:Google.Apis.Taskqueue.v1beta2.TasksResource.UpdateRequest.Oauth_token">
            <summary>OAuth 2.0 token for the current user.</summary>
        </member>
        <member name="P:Google.Apis.Taskqueue.v1beta2.TasksResource.UpdateRequest.PrettyPrint">
            <summary>Returns response with indentations and line breaks.</summary>
        </member>
        <member name="P:Google.Apis.Taskqueue.v1beta2.TasksResource.UpdateRequest.QuotaUser">
            <summary>Available to use for quota purposes for server-side applications. Can be any arbitrary string assigned to a user, but should not exceed 40 characters. Overrides userIp if both are provided.</summary>
        </member>
        <member name="P:Google.Apis.Taskqueue.v1beta2.TasksResource.UpdateRequest.UserIp">
            <summary>IP address of the site where the request originates. Use this if you want to enforce per-user limits.</summary>
        </member>
        <member name="P:Google.Apis.Taskqueue.v1beta2.TasksResource.UpdateRequest.NewLeaseSeconds">
            <summary>The new lease in seconds.</summary>
        </member>
        <member name="P:Google.Apis.Taskqueue.v1beta2.TasksResource.UpdateRequest.Project">
            <summary>The project under which the queue lies.</summary>
        </member>
        <member name="P:Google.Apis.Taskqueue.v1beta2.TasksResource.UpdateRequest.Body">
            <summary>Gets/Sets the Body of this Request.</summary>
        </member>
    </members>
</doc>
