<?xml version="1.0"?>
<doc>
    <assembly>
        <name>Google.Apis.Shopping.v1</name>
    </assembly>
    <members>
        <member name="P:Google.Apis.Shopping.v1.Data.Product.Categories">
            <summary>List of categories for product.</summary>
        </member>
        <member name="P:Google.Apis.Shopping.v1.Data.Product.Id">
            <summary>Id of product.</summary>
        </member>
        <member name="P:Google.Apis.Shopping.v1.Data.Product.Kind">
            <summary>The kind of item, always shopping#product.</summary>
        </member>
        <member name="P:Google.Apis.Shopping.v1.Data.Product.Recommendations">
            <summary>Recommendations for product.</summary>
        </member>
        <member name="P:Google.Apis.Shopping.v1.Data.Product.SelfLink">
            <summary>Self link of product.</summary>
        </member>
        <member name="P:Google.Apis.Shopping.v1.Data.Product.RecommendationsData.RecommendationList">
            <summary>List of recommendations.</summary>
        </member>
        <member name="P:Google.Apis.Shopping.v1.Data.Product.RecommendationsData.Type">
            <summary>Type of recommendation list (one of: all, purchaseToPurchase, visitToVisit, visitToPurchase).</summary>
        </member>
        <member name="P:Google.Apis.Shopping.v1.Data.Products.Categories">
            <summary>List of categories.</summary>
        </member>
        <member name="P:Google.Apis.Shopping.v1.Data.Products.CurrentItemCount">
            <summary>Current item count.</summary>
        </member>
        <member name="P:Google.Apis.Shopping.v1.Data.Products.ETag">
            <summary>Etag of feed.</summary>
        </member>
        <member name="P:Google.Apis.Shopping.v1.Data.Products.Facets">
            <summary>List of facets.</summary>
        </member>
        <member name="P:Google.Apis.Shopping.v1.Data.Products.Id">
            <summary>Id of feed.</summary>
        </member>
        <member name="P:Google.Apis.Shopping.v1.Data.Products.Items">
            <summary>List of returned products.</summary>
        </member>
        <member name="P:Google.Apis.Shopping.v1.Data.Products.ItemsPerPage">
            <summary>Number of items per page of results.</summary>
        </member>
        <member name="P:Google.Apis.Shopping.v1.Data.Products.Kind">
            <summary>The fixed string &quot;shopping#products&quot;. The kind of feed returned.</summary>
        </member>
        <member name="P:Google.Apis.Shopping.v1.Data.Products.NextLink">
            <summary>Next link of feed.</summary>
        </member>
        <member name="P:Google.Apis.Shopping.v1.Data.Products.PreviousLink">
            <summary>Previous link of feed.</summary>
        </member>
        <member name="P:Google.Apis.Shopping.v1.Data.Products.Promotions">
            <summary>List of promotions.</summary>
        </member>
        <member name="P:Google.Apis.Shopping.v1.Data.Products.Redirects">
            <summary>Redirects.</summary>
        </member>
        <member name="P:Google.Apis.Shopping.v1.Data.Products.RelatedQueries">
            <summary>Related queries.</summary>
        </member>
        <member name="P:Google.Apis.Shopping.v1.Data.Products.SelfLink">
            <summary>Self link of feed.</summary>
        </member>
        <member name="P:Google.Apis.Shopping.v1.Data.Products.Spelling">
            <summary>Spelling.</summary>
        </member>
        <member name="P:Google.Apis.Shopping.v1.Data.Products.StartIndex">
            <summary>1-based index of the first item in the search results.</summary>
        </member>
        <member name="P:Google.Apis.Shopping.v1.Data.Products.Stores">
            <summary>List of returned stores.</summary>
        </member>
        <member name="P:Google.Apis.Shopping.v1.Data.Products.TotalItems">
            <summary>Total number of search results.</summary>
        </member>
        <member name="P:Google.Apis.Shopping.v1.Data.Products.FacetsData.Buckets">
            <summary>List of Buckets within facet.</summary>
        </member>
        <member name="P:Google.Apis.Shopping.v1.Data.Products.FacetsData.Count">
            <summary>Number of products matching the query that have a value for the facet&apos;s property or attribute.</summary>
        </member>
        <member name="P:Google.Apis.Shopping.v1.Data.Products.FacetsData.DisplayName">
            <summary>Display name of facet.</summary>
        </member>
        <member name="P:Google.Apis.Shopping.v1.Data.Products.FacetsData.Name">
            <summary>Name of the facet&apos;s attribute (omitted for property facets).</summary>
        </member>
        <member name="P:Google.Apis.Shopping.v1.Data.Products.FacetsData.Property">
            <summary>Property of facet (omitted for attribute facets).</summary>
        </member>
        <member name="P:Google.Apis.Shopping.v1.Data.Products.FacetsData.Type">
            <summary>Type of facet&apos;s attribute (omitted for property facets, one of: text, bool, int, float).</summary>
        </member>
        <member name="P:Google.Apis.Shopping.v1.Data.Products.FacetsData.Unit">
            <summary>Unit of the facet&apos;s property or attribute (omitted if the facet&apos;s property or attribute has no unit).</summary>
        </member>
        <member name="P:Google.Apis.Shopping.v1.Data.Products.FacetsData.BucketsData.Count">
            <summary>Number of products matching the query that have a value for the facet&apos;s property or attribute that matches the bucket.</summary>
        </member>
        <member name="P:Google.Apis.Shopping.v1.Data.Products.FacetsData.BucketsData.Max">
            <summary>Upper bound of the bucket (omitted for value buckets or if the range has no upper bound).</summary>
        </member>
        <member name="P:Google.Apis.Shopping.v1.Data.Products.FacetsData.BucketsData.MaxExclusive">
            <summary>Whether the upper bound of the bucket is exclusive (omitted for value buckets or if the range has no upper bound).</summary>
        </member>
        <member name="P:Google.Apis.Shopping.v1.Data.Products.FacetsData.BucketsData.Min">
            <summary>Lower bound of the bucket (omitted for value buckets or if the range has no lower bound).</summary>
        </member>
        <member name="P:Google.Apis.Shopping.v1.Data.Products.FacetsData.BucketsData.MinExclusive">
            <summary>Whether the lower bound of the bucket is exclusive (omitted for value buckets or if the range has no lower bound).</summary>
        </member>
        <member name="P:Google.Apis.Shopping.v1.Data.Products.FacetsData.BucketsData.Value">
            <summary>Value of the bucket (omitted for range buckets).</summary>
        </member>
        <member name="P:Google.Apis.Shopping.v1.Data.Products.PromotionsData.CustomFields">
            <summary>List of custom fields of promotion.</summary>
        </member>
        <member name="P:Google.Apis.Shopping.v1.Data.Products.PromotionsData.CustomHtml">
            <summary>Custom HTML of promotion (omitted if type is not custom).</summary>
        </member>
        <member name="P:Google.Apis.Shopping.v1.Data.Products.PromotionsData.Description">
            <summary>Description of promotion (omitted if type is not standard).</summary>
        </member>
        <member name="P:Google.Apis.Shopping.v1.Data.Products.PromotionsData.DestLink">
            <summary>Link to promotion (omitted if type is not standard).</summary>
        </member>
        <member name="P:Google.Apis.Shopping.v1.Data.Products.PromotionsData.ImageLink">
            <summary>Link to promotion image (omitted if type is not standard).</summary>
        </member>
        <member name="P:Google.Apis.Shopping.v1.Data.Products.PromotionsData.Link">
            <summary>Link to promotion without scheme. DEPRECATED. WILL BE REMOVED SOON. USE destLink.</summary>
        </member>
        <member name="P:Google.Apis.Shopping.v1.Data.Products.PromotionsData.Name">
            <summary>Name of promotion (omitted if type is not standard).</summary>
        </member>
        <member name="P:Google.Apis.Shopping.v1.Data.Products.PromotionsData.Type">
            <summary>Type of promotion (one of: standard, product, custom).</summary>
        </member>
        <member name="P:Google.Apis.Shopping.v1.Data.Products.PromotionsData.CustomFieldsData.Name">
            <summary>Name of field.</summary>
        </member>
        <member name="P:Google.Apis.Shopping.v1.Data.Products.PromotionsData.CustomFieldsData.Value">
            <summary>Value of field.</summary>
        </member>
        <member name="T:Google.Apis.Shopping.v1.Data.Products.SpellingData">
            <summary>Spelling.</summary>
        </member>
        <member name="P:Google.Apis.Shopping.v1.Data.Products.SpellingData.Suggestion">
            <summary>Suggestion for spelling.</summary>
        </member>
        <member name="P:Google.Apis.Shopping.v1.Data.Products.StoresData.Address">
            <summary>Address of store.</summary>
        </member>
        <member name="P:Google.Apis.Shopping.v1.Data.Products.StoresData.Location">
            <summary>Location of store.</summary>
        </member>
        <member name="P:Google.Apis.Shopping.v1.Data.Products.StoresData.Name">
            <summary>Name of store.</summary>
        </member>
        <member name="P:Google.Apis.Shopping.v1.Data.Products.StoresData.StoreCode">
            <summary>Merchant-supplied store code.</summary>
        </member>
        <member name="P:Google.Apis.Shopping.v1.Data.Products.StoresData.StoreId">
            <summary>Id of store.</summary>
        </member>
        <member name="P:Google.Apis.Shopping.v1.Data.Products.StoresData.Telephone">
            <summary>Telephone number of store.</summary>
        </member>
        <member name="P:Google.Apis.Shopping.v1.Data.ShoppingModelCategoryJsonV1.Id">
            <summary>Id of category.</summary>
        </member>
        <member name="P:Google.Apis.Shopping.v1.Data.ShoppingModelCategoryJsonV1.Parents">
            <summary>Ids of the parents of the category.</summary>
        </member>
        <member name="P:Google.Apis.Shopping.v1.Data.ShoppingModelCategoryJsonV1.ShortName">
            <summary>Short name of category.</summary>
        </member>
        <member name="P:Google.Apis.Shopping.v1.Data.ShoppingModelCategoryJsonV1.Url">
            <summary>URL of category.</summary>
        </member>
        <member name="P:Google.Apis.Shopping.v1.Data.ShoppingModelDebugJsonV1.RdcResponse">
            <summary>Google internal.</summary>
        </member>
        <member name="P:Google.Apis.Shopping.v1.Data.ShoppingModelDebugJsonV1.SearchRequest">
            <summary>Google internal.</summary>
        </member>
        <member name="P:Google.Apis.Shopping.v1.Data.ShoppingModelDebugJsonV1.SearchResponse">
            <summary>Google internal.</summary>
        </member>
        <member name="P:Google.Apis.Shopping.v1.Data.ShoppingModelProductJsonV1.Attributes">
            <summary>Attributes of product (available only with a cx source).</summary>
        </member>
        <member name="P:Google.Apis.Shopping.v1.Data.ShoppingModelProductJsonV1.Author">
            <summary>Author of product.</summary>
        </member>
        <member name="P:Google.Apis.Shopping.v1.Data.ShoppingModelProductJsonV1.Brand">
            <summary>Brand of product.</summary>
        </member>
        <member name="P:Google.Apis.Shopping.v1.Data.ShoppingModelProductJsonV1.Categories">
            <summary>Categories of product according to the selected taxonomy, omitted if no taxonomy is selected.</summary>
        </member>
        <member name="P:Google.Apis.Shopping.v1.Data.ShoppingModelProductJsonV1.Condition">
            <summary>Condition of product (one of: new, refurbished, used).</summary>
        </member>
        <member name="P:Google.Apis.Shopping.v1.Data.ShoppingModelProductJsonV1.Country">
            <summary>ISO 3166 code of target country of product.</summary>
        </member>
        <member name="P:Google.Apis.Shopping.v1.Data.ShoppingModelProductJsonV1.CreationTime">
            <summary>RFC 3339 formatted creation time and date of product.</summary>
        </member>
        <member name="P:Google.Apis.Shopping.v1.Data.ShoppingModelProductJsonV1.Description">
            <summary>Description of product.</summary>
        </member>
        <member name="P:Google.Apis.Shopping.v1.Data.ShoppingModelProductJsonV1.GoogleId">
            <summary>Google id of product.</summary>
        </member>
        <member name="P:Google.Apis.Shopping.v1.Data.ShoppingModelProductJsonV1.Gtin">
            <summary>The first GTIN of the product. Deprecated in favor of &quot;gtins&quot;.</summary>
        </member>
        <member name="P:Google.Apis.Shopping.v1.Data.ShoppingModelProductJsonV1.Gtins">
            <summary>List of all the product&apos;s GTINs (in GTIN-14 format).</summary>
        </member>
        <member name="P:Google.Apis.Shopping.v1.Data.ShoppingModelProductJsonV1.Images">
            <summary>Images of product.</summary>
        </member>
        <member name="P:Google.Apis.Shopping.v1.Data.ShoppingModelProductJsonV1.Inventories">
            <summary>Inventories of product.</summary>
        </member>
        <member name="P:Google.Apis.Shopping.v1.Data.ShoppingModelProductJsonV1.Language">
            <summary>BCP 47 language tag of language of product.</summary>
        </member>
        <member name="P:Google.Apis.Shopping.v1.Data.ShoppingModelProductJsonV1.Link">
            <summary>Link to product.</summary>
        </member>
        <member name="P:Google.Apis.Shopping.v1.Data.ShoppingModelProductJsonV1.ModificationTime">
            <summary>RFC 3339 formatted modification time and date of product.</summary>
        </member>
        <member name="P:Google.Apis.Shopping.v1.Data.ShoppingModelProductJsonV1.ProvidedId">
            <summary>Merchant-provided id of product (available only with a cx source).</summary>
        </member>
        <member name="P:Google.Apis.Shopping.v1.Data.ShoppingModelProductJsonV1.Title">
            <summary>Title of product.</summary>
        </member>
        <member name="P:Google.Apis.Shopping.v1.Data.ShoppingModelProductJsonV1.AttributesData.DisplayName">
            <summary>Display Name of prodct attribute.</summary>
        </member>
        <member name="P:Google.Apis.Shopping.v1.Data.ShoppingModelProductJsonV1.AttributesData.Name">
            <summary>Name of product attribute.</summary>
        </member>
        <member name="P:Google.Apis.Shopping.v1.Data.ShoppingModelProductJsonV1.AttributesData.Type">
            <summary>Type of product attribute (one of: text, bool, int, float, dateRange, url).</summary>
        </member>
        <member name="P:Google.Apis.Shopping.v1.Data.ShoppingModelProductJsonV1.AttributesData.Unit">
            <summary>Unit of product attribute.</summary>
        </member>
        <member name="P:Google.Apis.Shopping.v1.Data.ShoppingModelProductJsonV1.AttributesData.Value">
            <summary>Value of product attribute.</summary>
        </member>
        <member name="T:Google.Apis.Shopping.v1.Data.ShoppingModelProductJsonV1.AuthorData">
            <summary>Author of product.</summary>
        </member>
        <member name="P:Google.Apis.Shopping.v1.Data.ShoppingModelProductJsonV1.AuthorData.AccountId">
            <summary>Account id of product author.</summary>
        </member>
        <member name="P:Google.Apis.Shopping.v1.Data.ShoppingModelProductJsonV1.AuthorData.AggregatorId">
            <summary>Aggregator id of product author.</summary>
        </member>
        <member name="P:Google.Apis.Shopping.v1.Data.ShoppingModelProductJsonV1.AuthorData.Email">
            <summary>Email address of product author.</summary>
        </member>
        <member name="P:Google.Apis.Shopping.v1.Data.ShoppingModelProductJsonV1.AuthorData.Name">
            <summary>Name of product author.</summary>
        </member>
        <member name="P:Google.Apis.Shopping.v1.Data.ShoppingModelProductJsonV1.AuthorData.Uri">
            <summary>URI of product author.</summary>
        </member>
        <member name="P:Google.Apis.Shopping.v1.Data.ShoppingModelProductJsonV1.ImagesData.Link">
            <summary>Link to product image.</summary>
        </member>
        <member name="P:Google.Apis.Shopping.v1.Data.ShoppingModelProductJsonV1.ImagesData.Thumbnails">
            <summary>Thumbnails of product image.</summary>
        </member>
        <member name="P:Google.Apis.Shopping.v1.Data.ShoppingModelProductJsonV1.ImagesData.ThumbnailsData.Content">
            <summary>Content of thumbnail (only available for the first thumbnail of the top results if SAYT is enabled).</summary>
        </member>
        <member name="P:Google.Apis.Shopping.v1.Data.ShoppingModelProductJsonV1.ImagesData.ThumbnailsData.Height">
            <summary>Height of thumbnail (omitted if not specified in the request).</summary>
        </member>
        <member name="P:Google.Apis.Shopping.v1.Data.ShoppingModelProductJsonV1.ImagesData.ThumbnailsData.Link">
            <summary>Link to thumbnail.</summary>
        </member>
        <member name="P:Google.Apis.Shopping.v1.Data.ShoppingModelProductJsonV1.ImagesData.ThumbnailsData.Width">
            <summary>Width of thumbnail (omitted if not specified in the request).</summary>
        </member>
        <member name="P:Google.Apis.Shopping.v1.Data.ShoppingModelProductJsonV1.InventoriesData.Availability">
            <summary>Availability of product inventory.</summary>
        </member>
        <member name="P:Google.Apis.Shopping.v1.Data.ShoppingModelProductJsonV1.InventoriesData.Channel">
            <summary>Channel of product inventory (one of: online, local).</summary>
        </member>
        <member name="P:Google.Apis.Shopping.v1.Data.ShoppingModelProductJsonV1.InventoriesData.Currency">
            <summary>Currency of product inventory (an ISO 4217 alphabetic code).</summary>
        </member>
        <member name="P:Google.Apis.Shopping.v1.Data.ShoppingModelProductJsonV1.InventoriesData.Distance">
            <summary>Distance of product inventory.</summary>
        </member>
        <member name="P:Google.Apis.Shopping.v1.Data.ShoppingModelProductJsonV1.InventoriesData.DistanceUnit">
            <summary>Distance unit of product inventory.</summary>
        </member>
        <member name="P:Google.Apis.Shopping.v1.Data.ShoppingModelProductJsonV1.InventoriesData.Price">
            <summary>Price of product inventory.</summary>
        </member>
        <member name="P:Google.Apis.Shopping.v1.Data.ShoppingModelProductJsonV1.InventoriesData.StoreId">
            <summary>Store ID of product inventory.</summary>
        </member>
        <member name="P:Google.Apis.Shopping.v1.ShoppingService.Key">
            <summary>Sets the API-Key (or DeveloperKey) which this service uses for all requests</summary>
        </member>
        <member name="M:Google.Apis.Shopping.v1.ProductsResource.Get(System.String,System.Int64,System.String,System.String)">
            <summary>Returns a single product</summary>
            <param name="source">Required - Query source</param>
            <param name="accountId">Required - Minimum value of 0 - Maximum value of 4294967295 - Merchant center account id</param>
            <param name="productIdType">Required - Type of productId</param>
            <param name="productId">Required - Id of product</param>
        </member>
        <member name="M:Google.Apis.Shopping.v1.ProductsResource.List(System.String)">
            <summary>Returns a list of products and content modules</summary>
            <param name="source">Required - Query source</param>
        </member>
        <member name="F:Google.Apis.Shopping.v1.ProductsResource.MinAvailability.InStock">
            <summary>Only in stcok prodicts will be returned</summary>
        </member>
        <member name="F:Google.Apis.Shopping.v1.ProductsResource.MinAvailability.Limited">
            <summary>Limited availability and in stock products will be returned</summary>
        </member>
        <member name="F:Google.Apis.Shopping.v1.ProductsResource.MinAvailability.OutOfStock">
            <summary>Out of stock, limited availability and in stock products will be returned</summary>
        </member>
        <member name="F:Google.Apis.Shopping.v1.ProductsResource.MinAvailability.Unknown">
            <summary>All products will be returned</summary>
        </member>
        <member name="P:Google.Apis.Shopping.v1.ProductsResource.GetRequest.AccountId">
            <summary>Merchant center account id</summary>
        </member>
        <member name="P:Google.Apis.Shopping.v1.ProductsResource.GetRequest.AttributeFilter">
            <summary>Comma separated list of attributes to return</summary>
        </member>
        <member name="P:Google.Apis.Shopping.v1.ProductsResource.GetRequest.CategoriesEnabled">
            <summary>Whether to return category information</summary>
        </member>
        <member name="P:Google.Apis.Shopping.v1.ProductsResource.GetRequest.CategoriesInclude">
            <summary>Category specification</summary>
        </member>
        <member name="P:Google.Apis.Shopping.v1.ProductsResource.GetRequest.CategoriesUseGcsConfig">
            <summary>This parameter is currently ignored</summary>
        </member>
        <member name="P:Google.Apis.Shopping.v1.ProductsResource.GetRequest.DebugEnableLogging">
            <summary>Google Internal</summary>
        </member>
        <member name="P:Google.Apis.Shopping.v1.ProductsResource.GetRequest.DebugEnabled">
            <summary>Google Internal</summary>
        </member>
        <member name="P:Google.Apis.Shopping.v1.ProductsResource.GetRequest.DebugSearchRequest">
            <summary>Google Internal</summary>
        </member>
        <member name="P:Google.Apis.Shopping.v1.ProductsResource.GetRequest.DebugSearchResponse">
            <summary>Google Internal</summary>
        </member>
        <member name="P:Google.Apis.Shopping.v1.ProductsResource.GetRequest.ProductFields">
            <summary>Google Internal</summary>
        </member>
        <member name="P:Google.Apis.Shopping.v1.ProductsResource.GetRequest.ProductId">
            <summary>Id of product</summary>
        </member>
        <member name="P:Google.Apis.Shopping.v1.ProductsResource.GetRequest.ProductIdType">
            <summary>Type of productId</summary>
        </member>
        <member name="P:Google.Apis.Shopping.v1.ProductsResource.GetRequest.RecommendationsEnabled">
            <summary>Whether to return recommendation information</summary>
        </member>
        <member name="P:Google.Apis.Shopping.v1.ProductsResource.GetRequest.RecommendationsInclude">
            <summary>Recommendation specification</summary>
        </member>
        <member name="P:Google.Apis.Shopping.v1.ProductsResource.GetRequest.RecommendationsUseGcsConfig">
            <summary>This parameter is currently ignored</summary>
        </member>
        <member name="P:Google.Apis.Shopping.v1.ProductsResource.GetRequest.Source">
            <summary>Query source</summary>
        </member>
        <member name="P:Google.Apis.Shopping.v1.ProductsResource.GetRequest.Taxonomy">
            <summary>Merchant taxonomy</summary>
        </member>
        <member name="P:Google.Apis.Shopping.v1.ProductsResource.GetRequest.Thumbnails">
            <summary>Thumbnail specification</summary>
        </member>
        <member name="P:Google.Apis.Shopping.v1.ProductsResource.ListRequest.AttributeFilter">
            <summary>Comma separated list of attributes to return</summary>
        </member>
        <member name="P:Google.Apis.Shopping.v1.ProductsResource.ListRequest.BoostBy">
            <summary>Boosting specification</summary>
        </member>
        <member name="P:Google.Apis.Shopping.v1.ProductsResource.ListRequest.CategoriesEnabled">
            <summary>Whether to return category information</summary>
        </member>
        <member name="P:Google.Apis.Shopping.v1.ProductsResource.ListRequest.CategoriesInclude">
            <summary>Category specification</summary>
        </member>
        <member name="P:Google.Apis.Shopping.v1.ProductsResource.ListRequest.CategoriesUseGcsConfig">
            <summary>This parameter is currently ignored</summary>
        </member>
        <member name="P:Google.Apis.Shopping.v1.ProductsResource.ListRequest.Channels">
            <summary>Channels specification</summary>
        </member>
        <member name="P:Google.Apis.Shopping.v1.ProductsResource.ListRequest.Country">
            <summary>Country restriction (ISO 3166)</summary>
        </member>
        <member name="P:Google.Apis.Shopping.v1.ProductsResource.ListRequest.CrowdBy">
            <summary>Crowding specification</summary>
        </member>
        <member name="P:Google.Apis.Shopping.v1.ProductsResource.ListRequest.Currency">
            <summary>Currency restriction (ISO 4217)</summary>
        </member>
        <member name="P:Google.Apis.Shopping.v1.ProductsResource.ListRequest.DebugEnableLogging">
            <summary>Google Internal</summary>
        </member>
        <member name="P:Google.Apis.Shopping.v1.ProductsResource.ListRequest.DebugEnabled">
            <summary>Google Internal</summary>
        </member>
        <member name="P:Google.Apis.Shopping.v1.ProductsResource.ListRequest.DebugGeocodeRequest">
            <summary>Google Internal</summary>
        </member>
        <member name="P:Google.Apis.Shopping.v1.ProductsResource.ListRequest.DebugGeocodeResponse">
            <summary>Google Internal</summary>
        </member>
        <member name="P:Google.Apis.Shopping.v1.ProductsResource.ListRequest.DebugRdcRequest">
            <summary>Google Internal</summary>
        </member>
        <member name="P:Google.Apis.Shopping.v1.ProductsResource.ListRequest.DebugRdcResponse">
            <summary>Google Internal</summary>
        </member>
        <member name="P:Google.Apis.Shopping.v1.ProductsResource.ListRequest.DebugSearchRequest">
            <summary>Google Internal</summary>
        </member>
        <member name="P:Google.Apis.Shopping.v1.ProductsResource.ListRequest.DebugSearchResponse">
            <summary>Google Internal</summary>
        </member>
        <member name="P:Google.Apis.Shopping.v1.ProductsResource.ListRequest.FacetsDiscover">
            <summary>Facets to discover</summary>
        </member>
        <member name="P:Google.Apis.Shopping.v1.ProductsResource.ListRequest.FacetsEnabled">
            <summary>Whether to return facet information</summary>
        </member>
        <member name="P:Google.Apis.Shopping.v1.ProductsResource.ListRequest.FacetsInclude">
            <summary>Facets to include (applies when useGcsConfig == false)</summary>
        </member>
        <member name="P:Google.Apis.Shopping.v1.ProductsResource.ListRequest.FacetsUseGcsConfig">
            <summary>Whether to return facet information as configured in the GCS account</summary>
        </member>
        <member name="P:Google.Apis.Shopping.v1.ProductsResource.ListRequest.Language">
            <summary>Language restriction (BCP 47)</summary>
        </member>
        <member name="P:Google.Apis.Shopping.v1.ProductsResource.ListRequest.MaxResults">
            <summary>Maximum number of results to return</summary>
        </member>
        <member name="P:Google.Apis.Shopping.v1.ProductsResource.ListRequest.ProductFields">
            <summary>Google Internal</summary>
        </member>
        <member name="P:Google.Apis.Shopping.v1.ProductsResource.ListRequest.PromotionsEnabled">
            <summary>Whether to return promotion information</summary>
        </member>
        <member name="P:Google.Apis.Shopping.v1.ProductsResource.ListRequest.PromotionsUseGcsConfig">
            <summary>Whether to return promotion information as configured in the GCS account</summary>
        </member>
        <member name="P:Google.Apis.Shopping.v1.ProductsResource.ListRequest.Q">
            <summary>Search query</summary>
        </member>
        <member name="P:Google.Apis.Shopping.v1.ProductsResource.ListRequest.RankBy">
            <summary>Ranking specification</summary>
        </member>
        <member name="P:Google.Apis.Shopping.v1.ProductsResource.ListRequest.RedirectsEnabled">
            <summary>Whether to return redirect information</summary>
        </member>
        <member name="P:Google.Apis.Shopping.v1.ProductsResource.ListRequest.RedirectsUseGcsConfig">
            <summary>Whether to return redirect information as configured in the GCS account</summary>
        </member>
        <member name="P:Google.Apis.Shopping.v1.ProductsResource.ListRequest.RelatedQueriesEnabled">
            <summary>Whether to return related queries</summary>
        </member>
        <member name="P:Google.Apis.Shopping.v1.ProductsResource.ListRequest.RelatedQueriesUseGcsConfig">
            <summary>This parameter is currently ignored</summary>
        </member>
        <member name="P:Google.Apis.Shopping.v1.ProductsResource.ListRequest.RestrictBy">
            <summary>Restriction specification</summary>
        </member>
        <member name="P:Google.Apis.Shopping.v1.ProductsResource.ListRequest.Safe">
            <summary>Whether safe search is enabled. Default: true</summary>
        </member>
        <member name="P:Google.Apis.Shopping.v1.ProductsResource.ListRequest.SaytEnabled">
            <summary>Google Internal</summary>
        </member>
        <member name="P:Google.Apis.Shopping.v1.ProductsResource.ListRequest.SaytUseGcsConfig">
            <summary>Google Internal</summary>
        </member>
        <member name="P:Google.Apis.Shopping.v1.ProductsResource.ListRequest.ShelfSpaceAdsEnabled">
            <summary>Whether to return shelf space ads</summary>
        </member>
        <member name="P:Google.Apis.Shopping.v1.ProductsResource.ListRequest.ShelfSpaceAdsMaxResults">
            <summary>The maximum number of shelf space ads to return</summary>
        </member>
        <member name="P:Google.Apis.Shopping.v1.ProductsResource.ListRequest.ShelfSpaceAdsUseGcsConfig">
            <summary>This parameter is currently ignored</summary>
        </member>
        <member name="P:Google.Apis.Shopping.v1.ProductsResource.ListRequest.Source">
            <summary>Query source</summary>
        </member>
        <member name="P:Google.Apis.Shopping.v1.ProductsResource.ListRequest.SpellingEnabled">
            <summary>Whether to return spelling suggestions</summary>
        </member>
        <member name="P:Google.Apis.Shopping.v1.ProductsResource.ListRequest.SpellingUseGcsConfig">
            <summary>This parameter is currently ignored</summary>
        </member>
        <member name="P:Google.Apis.Shopping.v1.ProductsResource.ListRequest.StartIndex">
            <summary>Index (1-based) of first product to return</summary>
        </member>
        <member name="P:Google.Apis.Shopping.v1.ProductsResource.ListRequest.Taxonomy">
            <summary>Taxonomy name</summary>
        </member>
        <member name="P:Google.Apis.Shopping.v1.ProductsResource.ListRequest.Thumbnails">
            <summary>Image thumbnails specification</summary>
        </member>
        <member name="P:Google.Apis.Shopping.v1.ProductsResource.ListRequest.UseCase">
            <summary>One of CommerceSearchUseCase, ShoppingApiUseCase</summary>
        </member>
    </members>
</doc>
