<?xml version="1.0"?>
<doc>
    <assembly>
        <name>Google.Apis.Fusiontables.v1</name>
    </assembly>
    <members>
        <member name="T:Google.Apis.Fusiontables.v1.Data.Bucket">
            <summary>Specifies the minimum and maximum values, the color, opacity, icon and weight of a bucket within a StyleSetting.</summary>
        </member>
        <member name="P:Google.Apis.Fusiontables.v1.Data.Bucket.Color">
            <summary>Color of line or the interior of a polygon in #RRGGBB format.</summary>
        </member>
        <member name="P:Google.Apis.Fusiontables.v1.Data.Bucket.Icon">
            <summary>Icon name used for a point.</summary>
        </member>
        <member name="P:Google.Apis.Fusiontables.v1.Data.Bucket.Max">
            <summary>Maximum value in the selected column for a row to be styled according to the bucket color, opacity, icon, or weight.</summary>
        </member>
        <member name="P:Google.Apis.Fusiontables.v1.Data.Bucket.Min">
            <summary>Minimum value in the selected column for a row to be styled according to the bucket color, opacity, icon, or weight.</summary>
        </member>
        <member name="P:Google.Apis.Fusiontables.v1.Data.Bucket.Opacity">
            <summary>Opacity of the color: 0.0 (transparent) to 1.0 (opaque).</summary>
        </member>
        <member name="P:Google.Apis.Fusiontables.v1.Data.Bucket.Weight">
            <summary>Width of a line (in pixels).</summary>
        </member>
        <member name="T:Google.Apis.Fusiontables.v1.Data.Column">
            <summary>Specifies the id, name and type of a column in a table.</summary>
        </member>
        <member name="P:Google.Apis.Fusiontables.v1.Data.Column.BaseColumn">
            <summary>Optional identifier of the base column. If present, this column is derived from the specified base column.</summary>
        </member>
        <member name="P:Google.Apis.Fusiontables.v1.Data.Column.ColumnId">
            <summary>Identifier for the column.</summary>
        </member>
        <member name="P:Google.Apis.Fusiontables.v1.Data.Column.Kind">
            <summary>Type name: a template for an individual column.</summary>
        </member>
        <member name="P:Google.Apis.Fusiontables.v1.Data.Column.Name">
            <summary>Required name of the column.</summary>
        </member>
        <member name="P:Google.Apis.Fusiontables.v1.Data.Column.Type">
            <summary>Required type of the column.</summary>
        </member>
        <member name="T:Google.Apis.Fusiontables.v1.Data.Column.BaseColumnData">
            <summary>Optional identifier of the base column. If present, this column is derived from the specified base column.</summary>
        </member>
        <member name="P:Google.Apis.Fusiontables.v1.Data.Column.BaseColumnData.ColumnId">
            <summary>The id of the column in the base table from which this column is derived.</summary>
        </member>
        <member name="P:Google.Apis.Fusiontables.v1.Data.Column.BaseColumnData.TableIndex">
            <summary>Offset to the entry in the list of base tables in the table definition.</summary>
        </member>
        <member name="T:Google.Apis.Fusiontables.v1.Data.ColumnList">
            <summary>Represents a list of columns in a table.</summary>
        </member>
        <member name="P:Google.Apis.Fusiontables.v1.Data.ColumnList.Items">
            <summary>List of all requested columns.</summary>
        </member>
        <member name="P:Google.Apis.Fusiontables.v1.Data.ColumnList.Kind">
            <summary>Type name: a list of all tables.</summary>
        </member>
        <member name="P:Google.Apis.Fusiontables.v1.Data.ColumnList.NextPageToken">
            <summary>Token used to access the next page of this result. No token is displayed if there are no more tokens left.</summary>
        </member>
        <member name="P:Google.Apis.Fusiontables.v1.Data.ColumnList.TotalItems">
            <summary>Total number of columns for the table.</summary>
        </member>
        <member name="T:Google.Apis.Fusiontables.v1.Data.Geometry">
            <summary>Represents a Geometry object.</summary>
        </member>
        <member name="P:Google.Apis.Fusiontables.v1.Data.Geometry.Geometries">
            <summary>The list of geometries in this geometry collection.</summary>
        </member>
        <member name="P:Google.Apis.Fusiontables.v1.Data.Geometry.Type">
            <summary>Type: A collection of geometries.</summary>
        </member>
        <member name="T:Google.Apis.Fusiontables.v1.Data.Import">
            <summary>Represents an import request.</summary>
        </member>
        <member name="P:Google.Apis.Fusiontables.v1.Data.Import.Kind">
            <summary>Type name: a template for an import request.</summary>
        </member>
        <member name="P:Google.Apis.Fusiontables.v1.Data.Import.NumRowsReceived">
            <summary>The number of rows received from the import request.</summary>
        </member>
        <member name="T:Google.Apis.Fusiontables.v1.Data.Line">
            <summary>Represents a line geometry.</summary>
        </member>
        <member name="P:Google.Apis.Fusiontables.v1.Data.Line.Coordinates">
            <summary>The coordinates that define the line.</summary>
        </member>
        <member name="P:Google.Apis.Fusiontables.v1.Data.Line.Type">
            <summary>Type: A line geometry.</summary>
        </member>
        <member name="T:Google.Apis.Fusiontables.v1.Data.LineStyle">
            <summary>Represents a LineStyle within a StyleSetting</summary>
        </member>
        <member name="P:Google.Apis.Fusiontables.v1.Data.LineStyle.StrokeColor">
            <summary>Color of the line in #RRGGBB format.</summary>
        </member>
        <member name="P:Google.Apis.Fusiontables.v1.Data.LineStyle.StrokeColorStyler">
            <summary>Represents a StyleFunction within a StyleSetting</summary>
        </member>
        <member name="P:Google.Apis.Fusiontables.v1.Data.LineStyle.StrokeOpacity">
            <summary>Opacity of the line : 0.0 (transparent) to 1.0 (opaque).</summary>
        </member>
        <member name="P:Google.Apis.Fusiontables.v1.Data.LineStyle.StrokeWeight">
            <summary>Width of the line in pixels.</summary>
        </member>
        <member name="P:Google.Apis.Fusiontables.v1.Data.LineStyle.StrokeWeightStyler">
            <summary>Represents a StyleFunction within a StyleSetting</summary>
        </member>
        <member name="T:Google.Apis.Fusiontables.v1.Data.Point">
            <summary>Represents a point object.</summary>
        </member>
        <member name="P:Google.Apis.Fusiontables.v1.Data.Point.Coordinates">
            <summary>The coordinates that define the point.</summary>
        </member>
        <member name="P:Google.Apis.Fusiontables.v1.Data.Point.Type">
            <summary>Point: A point geometry.</summary>
        </member>
        <member name="T:Google.Apis.Fusiontables.v1.Data.PointStyle">
            <summary>Represents a PointStyle within a StyleSetting</summary>
        </member>
        <member name="P:Google.Apis.Fusiontables.v1.Data.PointStyle.IconName">
            <summary>Name of the icon. Use values defined in http://www.google.com/fusiontables/DataSource?dsrcid=308519</summary>
        </member>
        <member name="P:Google.Apis.Fusiontables.v1.Data.PointStyle.IconStyler">
            <summary>Represents a StyleFunction within a StyleSetting</summary>
        </member>
        <member name="T:Google.Apis.Fusiontables.v1.Data.Polygon">
            <summary>Represents a polygon object.</summary>
        </member>
        <member name="P:Google.Apis.Fusiontables.v1.Data.Polygon.Coordinates">
            <summary>The coordinates that define the polygon.</summary>
        </member>
        <member name="P:Google.Apis.Fusiontables.v1.Data.Polygon.Type">
            <summary>Type: A polygon geometry.</summary>
        </member>
        <member name="T:Google.Apis.Fusiontables.v1.Data.PolygonStyle">
            <summary>Represents a PolygonStyle within a StyleSetting</summary>
        </member>
        <member name="P:Google.Apis.Fusiontables.v1.Data.PolygonStyle.FillColor">
            <summary>Color of the interior of the polygon in #RRGGBB format.</summary>
        </member>
        <member name="P:Google.Apis.Fusiontables.v1.Data.PolygonStyle.FillColorStyler">
            <summary>Represents a StyleFunction within a StyleSetting</summary>
        </member>
        <member name="P:Google.Apis.Fusiontables.v1.Data.PolygonStyle.FillOpacity">
            <summary>Opacity of the interior of the polygon: 0.0 (transparent) to 1.0 (opaque).</summary>
        </member>
        <member name="P:Google.Apis.Fusiontables.v1.Data.PolygonStyle.StrokeColor">
            <summary>Color of the polygon border in #RRGGBB format.</summary>
        </member>
        <member name="P:Google.Apis.Fusiontables.v1.Data.PolygonStyle.StrokeColorStyler">
            <summary>Represents a StyleFunction within a StyleSetting</summary>
        </member>
        <member name="P:Google.Apis.Fusiontables.v1.Data.PolygonStyle.StrokeOpacity">
            <summary>Opacity of the polygon border: 0.0 (transparent) to 1.0 (opaque).</summary>
        </member>
        <member name="P:Google.Apis.Fusiontables.v1.Data.PolygonStyle.StrokeWeight">
            <summary>Width of the polyon border in pixels.</summary>
        </member>
        <member name="P:Google.Apis.Fusiontables.v1.Data.PolygonStyle.StrokeWeightStyler">
            <summary>Represents a StyleFunction within a StyleSetting</summary>
        </member>
        <member name="T:Google.Apis.Fusiontables.v1.Data.Sqlresponse">
            <summary>Represents a response to an sql statement.</summary>
        </member>
        <member name="P:Google.Apis.Fusiontables.v1.Data.Sqlresponse.Columns">
            <summary>Columns in the table.</summary>
        </member>
        <member name="P:Google.Apis.Fusiontables.v1.Data.Sqlresponse.Kind">
            <summary>Type name: a template for an individual table.</summary>
        </member>
        <member name="P:Google.Apis.Fusiontables.v1.Data.Sqlresponse.Rows">
            <summary>The rows in the table. For each cell we print out whatever cell value (e.g., numeric, string) exists. Thus it is important that each cell contains only one value.</summary>
        </member>
        <member name="T:Google.Apis.Fusiontables.v1.Data.StyleFunction">
            <summary>Represents a StyleFunction within a StyleSetting</summary>
        </member>
        <member name="P:Google.Apis.Fusiontables.v1.Data.StyleFunction.Buckets">
            <summary>Bucket function that assigns a style based on the range a column value falls into.</summary>
        </member>
        <member name="P:Google.Apis.Fusiontables.v1.Data.StyleFunction.ColumnName">
            <summary>Name of the column whose value is used in the style.</summary>
        </member>
        <member name="P:Google.Apis.Fusiontables.v1.Data.StyleFunction.Gradient">
            <summary>Gradient function that interpolates a range of colors based on column value.</summary>
        </member>
        <member name="P:Google.Apis.Fusiontables.v1.Data.StyleFunction.Kind">
            <summary>Stylers can be one of three kinds: &quot;fusiontables#fromColumn&quot; if the column value is to be used as is, i.e., the column values can have colors in #RRGGBBAA format or integer line widths or icon names; &quot;fusiontables#gradient&quot; if the styling of the row is to be based on applying the gradient function on the column value; or &quot;fusiontables#buckets&quot; if the styling is to based on the bucket into which the the column value falls.</summary>
        </member>
        <member name="T:Google.Apis.Fusiontables.v1.Data.StyleFunction.GradientData">
            <summary>Gradient function that interpolates a range of colors based on column value.</summary>
        </member>
        <member name="P:Google.Apis.Fusiontables.v1.Data.StyleFunction.GradientData.Colors">
            <summary>Array with two or more colors.</summary>
        </member>
        <member name="P:Google.Apis.Fusiontables.v1.Data.StyleFunction.GradientData.Max">
            <summary>Higher-end of the interpolation range: rows with this value will be assigned to colors[n-1].</summary>
        </member>
        <member name="P:Google.Apis.Fusiontables.v1.Data.StyleFunction.GradientData.Min">
            <summary>Lower-end of the interpolation range: rows with this value will be assigned to colors[0].</summary>
        </member>
        <member name="P:Google.Apis.Fusiontables.v1.Data.StyleFunction.GradientData.ColorsData.Color">
            <summary>Color in #RRGGBB format.</summary>
        </member>
        <member name="P:Google.Apis.Fusiontables.v1.Data.StyleFunction.GradientData.ColorsData.Opacity">
            <summary>Opacity of the color: 0.0 (transparent) to 1.0 (opaque).</summary>
        </member>
        <member name="T:Google.Apis.Fusiontables.v1.Data.StyleSetting">
            <summary>Represents a complete StyleSettings object. The primary key is a combination of the tableId and a styleId.</summary>
        </member>
        <member name="P:Google.Apis.Fusiontables.v1.Data.StyleSetting.IsDefaultForTable">
            <summary>Is this the default style for the table.</summary>
        </member>
        <member name="P:Google.Apis.Fusiontables.v1.Data.StyleSetting.Kind">
            <summary>Type name: an individual style setting. A StyleSetting contains the style defintions for points, lines, and polygons in a table. Since a table can have any one or all of them, a style definition can have point, line and polygon style definitions.</summary>
        </member>
        <member name="P:Google.Apis.Fusiontables.v1.Data.StyleSetting.MarkerOptions">
            <summary>Represents a PointStyle within a StyleSetting</summary>
        </member>
        <member name="P:Google.Apis.Fusiontables.v1.Data.StyleSetting.Name">
            <summary>Optional name for the style setting.</summary>
        </member>
        <member name="P:Google.Apis.Fusiontables.v1.Data.StyleSetting.PolygonOptions">
            <summary>Represents a PolygonStyle within a StyleSetting</summary>
        </member>
        <member name="P:Google.Apis.Fusiontables.v1.Data.StyleSetting.PolylineOptions">
            <summary>Represents a LineStyle within a StyleSetting</summary>
        </member>
        <member name="P:Google.Apis.Fusiontables.v1.Data.StyleSetting.StyleId">
            <summary>Identifier for the style setting (unique only within tables).</summary>
        </member>
        <member name="P:Google.Apis.Fusiontables.v1.Data.StyleSetting.TableId">
            <summary>Identifier for the table.</summary>
        </member>
        <member name="T:Google.Apis.Fusiontables.v1.Data.StyleSettingList">
            <summary>Represents a list of styles for a given table.</summary>
        </member>
        <member name="P:Google.Apis.Fusiontables.v1.Data.StyleSettingList.Items">
            <summary>All requested style settings.</summary>
        </member>
        <member name="P:Google.Apis.Fusiontables.v1.Data.StyleSettingList.Kind">
            <summary>Type name: in this case, a list of style settings.</summary>
        </member>
        <member name="P:Google.Apis.Fusiontables.v1.Data.StyleSettingList.NextPageToken">
            <summary>Token used to access the next page of this result. No token is displayed if there are no more styles left.</summary>
        </member>
        <member name="P:Google.Apis.Fusiontables.v1.Data.StyleSettingList.TotalItems">
            <summary>Total number of styles for the table.</summary>
        </member>
        <member name="T:Google.Apis.Fusiontables.v1.Data.Table">
            <summary>Represents a table. Specifies the name, whether it is exportable, description, attribution, and attribution link.</summary>
        </member>
        <member name="P:Google.Apis.Fusiontables.v1.Data.Table.Attribution">
            <summary>Optional attribution assigned to the table.</summary>
        </member>
        <member name="P:Google.Apis.Fusiontables.v1.Data.Table.AttributionLink">
            <summary>Optional link for attribution.</summary>
        </member>
        <member name="P:Google.Apis.Fusiontables.v1.Data.Table.BaseTableIds">
            <summary>Optional base table identifier if this table is a view or merged table.</summary>
        </member>
        <member name="P:Google.Apis.Fusiontables.v1.Data.Table.Columns">
            <summary>Columns in the table.</summary>
        </member>
        <member name="P:Google.Apis.Fusiontables.v1.Data.Table.Description">
            <summary>Optional description assigned to the table.</summary>
        </member>
        <member name="P:Google.Apis.Fusiontables.v1.Data.Table.IsExportable">
            <summary>Variable for whether table is exportable.</summary>
        </member>
        <member name="P:Google.Apis.Fusiontables.v1.Data.Table.Kind">
            <summary>Type name: a template for an individual table.</summary>
        </member>
        <member name="P:Google.Apis.Fusiontables.v1.Data.Table.Name">
            <summary>Name assigned to a table.</summary>
        </member>
        <member name="P:Google.Apis.Fusiontables.v1.Data.Table.Sql">
            <summary>Optional sql that encodes the table definition for derived tables.</summary>
        </member>
        <member name="P:Google.Apis.Fusiontables.v1.Data.Table.TableId">
            <summary>Encrypted unique alphanumeric identifier for the table.</summary>
        </member>
        <member name="T:Google.Apis.Fusiontables.v1.Data.TableList">
            <summary>Represents a list of tables.</summary>
        </member>
        <member name="P:Google.Apis.Fusiontables.v1.Data.TableList.Items">
            <summary>List of all requested tables.</summary>
        </member>
        <member name="P:Google.Apis.Fusiontables.v1.Data.TableList.Kind">
            <summary>Type name: a list of all tables.</summary>
        </member>
        <member name="P:Google.Apis.Fusiontables.v1.Data.TableList.NextPageToken">
            <summary>Token used to access the next page of this result. No token is displayed if there are no more tokens left.</summary>
        </member>
        <member name="T:Google.Apis.Fusiontables.v1.Data.Template">
            <summary>Represents the contents of InfoWindow templates.</summary>
        </member>
        <member name="P:Google.Apis.Fusiontables.v1.Data.Template.AutomaticColumnNames">
            <summary>List of columns from which the template is to be automatically constructed. Only one of body or automaticColumns can be specified.</summary>
        </member>
        <member name="P:Google.Apis.Fusiontables.v1.Data.Template.Body">
            <summary>Body of the template. It contains HTML with {column_name} to insert values from a particular column. The body is sanitized to remove certain tags, e.g., script. Only one of body or automaticColumns can be specified.</summary>
        </member>
        <member name="P:Google.Apis.Fusiontables.v1.Data.Template.IsDefaultForTable">
            <summary>Is this the default template for the table.</summary>
        </member>
        <member name="P:Google.Apis.Fusiontables.v1.Data.Template.Kind">
            <summary>Type name: a template for the info window contents. The template can either include an HTML body or a list of columns from which the template is computed automatically.</summary>
        </member>
        <member name="P:Google.Apis.Fusiontables.v1.Data.Template.Name">
            <summary>Optional name assigned to a template.</summary>
        </member>
        <member name="P:Google.Apis.Fusiontables.v1.Data.Template.TableId">
            <summary>Identifier for the table for which the template is defined.</summary>
        </member>
        <member name="P:Google.Apis.Fusiontables.v1.Data.Template.TemplateId">
            <summary>Identifier for the template, unique within the context of a particular table.</summary>
        </member>
        <member name="T:Google.Apis.Fusiontables.v1.Data.TemplateList">
            <summary>Represents a list of templates for a given table.</summary>
        </member>
        <member name="P:Google.Apis.Fusiontables.v1.Data.TemplateList.Items">
            <summary>List of all requested templates.</summary>
        </member>
        <member name="P:Google.Apis.Fusiontables.v1.Data.TemplateList.Kind">
            <summary>Type name: a list of all templates.</summary>
        </member>
        <member name="P:Google.Apis.Fusiontables.v1.Data.TemplateList.NextPageToken">
            <summary>Token used to access the next page of this result. No token is displayed if there are no more tokens left.</summary>
        </member>
        <member name="P:Google.Apis.Fusiontables.v1.Data.TemplateList.TotalItems">
            <summary>Total number of templates for the table.</summary>
        </member>
        <member name="P:Google.Apis.Fusiontables.v1.FusiontablesService.Key">
            <summary>Sets the API-Key (or DeveloperKey) which this service uses for all requests</summary>
        </member>
        <member name="T:Google.Apis.Fusiontables.v1.FusiontablesService.Scopes">
            <summary>A list of all OAuth2.0 scopes. Each of these scopes relates to a permission or group of permissions that different methods of this API may need.</summary>
        </member>
        <member name="F:Google.Apis.Fusiontables.v1.FusiontablesService.Scopes.Fusiontables">
            <summary>Manage your Fusion Tables</summary>
        </member>
        <member name="F:Google.Apis.Fusiontables.v1.FusiontablesService.Scopes.FusiontablesReadonly">
            <summary>View your Fusion Tables</summary>
        </member>
        <member name="M:Google.Apis.Fusiontables.v1.ColumnResource.Delete(System.String,System.String)">
            <summary>Deletes the column.</summary>
            <param name="tableId">Required - Table from which the column is being deleted.</param>
            <param name="columnId">Required - Name or identifier for the column being deleted.</param>
        </member>
        <member name="M:Google.Apis.Fusiontables.v1.ColumnResource.Get(System.String,System.String)">
            <summary>Retrieves a specific column by its id.</summary>
            <param name="tableId">Required - Table to which the column belongs.</param>
            <param name="columnId">Required - Name or identifier for the column that is being requested.</param>
        </member>
        <member name="M:Google.Apis.Fusiontables.v1.ColumnResource.Insert(Google.Apis.Fusiontables.v1.Data.Column,System.String)">
            <summary>Adds a new column to the table.</summary>
            <param name="tableId">Required - Table for which a new column is being added.</param>
        </member>
        <member name="M:Google.Apis.Fusiontables.v1.ColumnResource.List(System.String)">
            <summary>Retrieves a list of columns.</summary>
            <param name="tableId">Required - Table whose columns are being listed.</param>
        </member>
        <member name="M:Google.Apis.Fusiontables.v1.ColumnResource.Patch(Google.Apis.Fusiontables.v1.Data.Column,System.String,System.String)">
            <summary>Updates the name or type of an existing column. This method supports patch semantics.</summary>
            <param name="tableId">Required - Table for which the column is being updated.</param>
            <param name="columnId">Required - Name or identifier for the column that is being updated.</param>
        </member>
        <member name="M:Google.Apis.Fusiontables.v1.ColumnResource.Update(Google.Apis.Fusiontables.v1.Data.Column,System.String,System.String)">
            <summary>Updates the name or type of an existing column.</summary>
            <param name="tableId">Required - Table for which the column is being updated.</param>
            <param name="columnId">Required - Name or identifier for the column that is being updated.</param>
        </member>
        <member name="P:Google.Apis.Fusiontables.v1.ColumnResource.DeleteRequest.Oauth_token">
            <summary>OAuth 2.0 token for the current user.</summary>
        </member>
        <member name="P:Google.Apis.Fusiontables.v1.ColumnResource.DeleteRequest.PrettyPrint">
            <summary>Returns response with indentations and line breaks.</summary>
        </member>
        <member name="P:Google.Apis.Fusiontables.v1.ColumnResource.DeleteRequest.ColumnId">
            <summary>Name or identifier for the column being deleted.</summary>
        </member>
        <member name="P:Google.Apis.Fusiontables.v1.ColumnResource.DeleteRequest.TableId">
            <summary>Table from which the column is being deleted.</summary>
        </member>
        <member name="P:Google.Apis.Fusiontables.v1.ColumnResource.GetRequest.Oauth_token">
            <summary>OAuth 2.0 token for the current user.</summary>
        </member>
        <member name="P:Google.Apis.Fusiontables.v1.ColumnResource.GetRequest.PrettyPrint">
            <summary>Returns response with indentations and line breaks.</summary>
        </member>
        <member name="P:Google.Apis.Fusiontables.v1.ColumnResource.GetRequest.ColumnId">
            <summary>Name or identifier for the column that is being requested.</summary>
        </member>
        <member name="P:Google.Apis.Fusiontables.v1.ColumnResource.GetRequest.TableId">
            <summary>Table to which the column belongs.</summary>
        </member>
        <member name="P:Google.Apis.Fusiontables.v1.ColumnResource.InsertRequest.Oauth_token">
            <summary>OAuth 2.0 token for the current user.</summary>
        </member>
        <member name="P:Google.Apis.Fusiontables.v1.ColumnResource.InsertRequest.PrettyPrint">
            <summary>Returns response with indentations and line breaks.</summary>
        </member>
        <member name="P:Google.Apis.Fusiontables.v1.ColumnResource.InsertRequest.TableId">
            <summary>Table for which a new column is being added.</summary>
        </member>
        <member name="P:Google.Apis.Fusiontables.v1.ColumnResource.InsertRequest.Body">
            <summary>Gets/Sets the Body of this Request.</summary>
        </member>
        <member name="P:Google.Apis.Fusiontables.v1.ColumnResource.ListRequest.Oauth_token">
            <summary>OAuth 2.0 token for the current user.</summary>
        </member>
        <member name="P:Google.Apis.Fusiontables.v1.ColumnResource.ListRequest.PrettyPrint">
            <summary>Returns response with indentations and line breaks.</summary>
        </member>
        <member name="P:Google.Apis.Fusiontables.v1.ColumnResource.ListRequest.MaxResults">
            <summary>Maximum number of columns to return. Optional. Default is 5.</summary>
        </member>
        <member name="P:Google.Apis.Fusiontables.v1.ColumnResource.ListRequest.PageToken">
            <summary>Continuation token specifying which result page to return. Optional.</summary>
        </member>
        <member name="P:Google.Apis.Fusiontables.v1.ColumnResource.ListRequest.TableId">
            <summary>Table whose columns are being listed.</summary>
        </member>
        <member name="P:Google.Apis.Fusiontables.v1.ColumnResource.PatchRequest.Oauth_token">
            <summary>OAuth 2.0 token for the current user.</summary>
        </member>
        <member name="P:Google.Apis.Fusiontables.v1.ColumnResource.PatchRequest.PrettyPrint">
            <summary>Returns response with indentations and line breaks.</summary>
        </member>
        <member name="P:Google.Apis.Fusiontables.v1.ColumnResource.PatchRequest.ColumnId">
            <summary>Name or identifier for the column that is being updated.</summary>
        </member>
        <member name="P:Google.Apis.Fusiontables.v1.ColumnResource.PatchRequest.TableId">
            <summary>Table for which the column is being updated.</summary>
        </member>
        <member name="P:Google.Apis.Fusiontables.v1.ColumnResource.PatchRequest.Body">
            <summary>Gets/Sets the Body of this Request.</summary>
        </member>
        <member name="P:Google.Apis.Fusiontables.v1.ColumnResource.UpdateRequest.Oauth_token">
            <summary>OAuth 2.0 token for the current user.</summary>
        </member>
        <member name="P:Google.Apis.Fusiontables.v1.ColumnResource.UpdateRequest.PrettyPrint">
            <summary>Returns response with indentations and line breaks.</summary>
        </member>
        <member name="P:Google.Apis.Fusiontables.v1.ColumnResource.UpdateRequest.ColumnId">
            <summary>Name or identifier for the column that is being updated.</summary>
        </member>
        <member name="P:Google.Apis.Fusiontables.v1.ColumnResource.UpdateRequest.TableId">
            <summary>Table for which the column is being updated.</summary>
        </member>
        <member name="P:Google.Apis.Fusiontables.v1.ColumnResource.UpdateRequest.Body">
            <summary>Gets/Sets the Body of this Request.</summary>
        </member>
        <member name="M:Google.Apis.Fusiontables.v1.ImportResource.Insert(System.String)">
            <summary>Import more rows into a table.</summary>
            <param name="tableId">Required - The table into which new rows are being imported.</param>
        </member>
        <member name="M:Google.Apis.Fusiontables.v1.ImportResource.Insert(System.String,System.IO.Stream,System.String)">
            <summary>Import more rows into a table.</summary>
            <param name="tableId">Required - The table into which new rows are being imported.</param>
        </member>
        <member name="P:Google.Apis.Fusiontables.v1.ImportResource.InsertRequest.Oauth_token">
            <summary>OAuth 2.0 token for the current user.</summary>
        </member>
        <member name="P:Google.Apis.Fusiontables.v1.ImportResource.InsertRequest.PrettyPrint">
            <summary>Returns response with indentations and line breaks.</summary>
        </member>
        <member name="P:Google.Apis.Fusiontables.v1.ImportResource.InsertRequest.Delimiter">
            <summary>The delimiter used to separate cell values. Default is ','.</summary>
        </member>
        <member name="P:Google.Apis.Fusiontables.v1.ImportResource.InsertRequest.Encoding">
            <summary>The encoding of the content. Default is UTF-8.</summary>
        </member>
        <member name="P:Google.Apis.Fusiontables.v1.ImportResource.InsertRequest.TableId">
            <summary>The table into which new rows are being imported.</summary>
        </member>
        <member name="P:Google.Apis.Fusiontables.v1.ImportResource.InsertMediaUpload.Oauth_token">
            <summary>OAuth 2.0 token for the current user.</summary>
        </member>
        <member name="P:Google.Apis.Fusiontables.v1.ImportResource.InsertMediaUpload.PrettyPrint">
            <summary>Returns response with indentations and line breaks.</summary>
        </member>
        <member name="P:Google.Apis.Fusiontables.v1.ImportResource.InsertMediaUpload.Delimiter">
            <summary>The delimiter used to separate cell values. Default is ','.</summary>
        </member>
        <member name="P:Google.Apis.Fusiontables.v1.ImportResource.InsertMediaUpload.Encoding">
            <summary>The encoding of the content. Default is UTF-8.</summary>
        </member>
        <member name="P:Google.Apis.Fusiontables.v1.ImportResource.InsertMediaUpload.TableId">
            <summary>The table into which new rows are being imported.</summary>
        </member>
        <member name="M:Google.Apis.Fusiontables.v1.QueryResource.Sql(System.String)">
            <summary>Executes an SQL SELECT/INSERT/UPDATE/DELETE/SHOW/DESCRIBE/CREATE statement.</summary>
            <param name="sqlValue">sql - Required - An SQL SELECT/SHOW/DESCRIBE/INSERT/UPDATE/DELETE/CREATE statement.</param>
        </member>
        <member name="M:Google.Apis.Fusiontables.v1.QueryResource.SqlGet(System.String)">
            <summary>Executes an SQL SELECT/SHOW/DESCRIBE statement.</summary>
            <param name="sql">Required - An SQL SELECT/SHOW/DESCRIBE statement.</param>
        </member>
        <member name="P:Google.Apis.Fusiontables.v1.QueryResource.SqlRequest.Oauth_token">
            <summary>OAuth 2.0 token for the current user.</summary>
        </member>
        <member name="P:Google.Apis.Fusiontables.v1.QueryResource.SqlRequest.PrettyPrint">
            <summary>Returns response with indentations and line breaks.</summary>
        </member>
        <member name="P:Google.Apis.Fusiontables.v1.QueryResource.SqlRequest.Hdrs">
            <summary>Should column names be included (in the first row)?. Default is true.</summary>
        </member>
        <member name="P:Google.Apis.Fusiontables.v1.QueryResource.SqlRequest.Sql">
            <summary>An SQL SELECT/SHOW/DESCRIBE/INSERT/UPDATE/DELETE/CREATE statement.</summary>
        </member>
        <member name="P:Google.Apis.Fusiontables.v1.QueryResource.SqlRequest.Typed">
            <summary>Should typed values be returned in the (JSON) response -- numbers for numeric values and parsed geometries for KML values? Default is true.</summary>
        </member>
        <member name="P:Google.Apis.Fusiontables.v1.QueryResource.SqlGetRequest.Oauth_token">
            <summary>OAuth 2.0 token for the current user.</summary>
        </member>
        <member name="P:Google.Apis.Fusiontables.v1.QueryResource.SqlGetRequest.PrettyPrint">
            <summary>Returns response with indentations and line breaks.</summary>
        </member>
        <member name="P:Google.Apis.Fusiontables.v1.QueryResource.SqlGetRequest.Hdrs">
            <summary>Should column names be included (in the first row)?. Default is true.</summary>
        </member>
        <member name="P:Google.Apis.Fusiontables.v1.QueryResource.SqlGetRequest.Sql">
            <summary>An SQL SELECT/SHOW/DESCRIBE statement.</summary>
        </member>
        <member name="P:Google.Apis.Fusiontables.v1.QueryResource.SqlGetRequest.Typed">
            <summary>Should typed values be returned in the (JSON) response -- numbers for numeric values and parsed geometries for KML values? Default is true.</summary>
        </member>
        <member name="M:Google.Apis.Fusiontables.v1.StyleResource.Delete(System.String,System.Int64)">
            <summary>Deletes a style.</summary>
            <param name="tableId">Required - Table from which the style is being deleted</param>
            <param name="styleId">Required - Identifier (within a table) for the style being deleted</param>
        </member>
        <member name="M:Google.Apis.Fusiontables.v1.StyleResource.Get(System.String,System.Int64)">
            <summary>Gets a specific style.</summary>
            <param name="tableId">Required - Table to which the requested style belongs</param>
            <param name="styleId">Required - Identifier (integer) for a specific style in a table</param>
        </member>
        <member name="M:Google.Apis.Fusiontables.v1.StyleResource.Insert(Google.Apis.Fusiontables.v1.Data.StyleSetting,System.String)">
            <summary>Adds a new style for the table.</summary>
            <param name="tableId">Required - Table for which a new style is being added</param>
        </member>
        <member name="M:Google.Apis.Fusiontables.v1.StyleResource.List(System.String)">
            <summary>Retrieves a list of styles.</summary>
            <param name="tableId">Required - Table whose styles are being listed</param>
        </member>
        <member name="M:Google.Apis.Fusiontables.v1.StyleResource.Patch(Google.Apis.Fusiontables.v1.Data.StyleSetting,System.String,System.Int64)">
            <summary>Updates an existing style. This method supports patch semantics.</summary>
            <param name="tableId">Required - Table whose style is being updated.</param>
            <param name="styleId">Required - Identifier (within a table) for the style being updated.</param>
        </member>
        <member name="M:Google.Apis.Fusiontables.v1.StyleResource.Update(Google.Apis.Fusiontables.v1.Data.StyleSetting,System.String,System.Int64)">
            <summary>Updates an existing style.</summary>
            <param name="tableId">Required - Table whose style is being updated.</param>
            <param name="styleId">Required - Identifier (within a table) for the style being updated.</param>
        </member>
        <member name="P:Google.Apis.Fusiontables.v1.StyleResource.DeleteRequest.Oauth_token">
            <summary>OAuth 2.0 token for the current user.</summary>
        </member>
        <member name="P:Google.Apis.Fusiontables.v1.StyleResource.DeleteRequest.PrettyPrint">
            <summary>Returns response with indentations and line breaks.</summary>
        </member>
        <member name="P:Google.Apis.Fusiontables.v1.StyleResource.DeleteRequest.StyleId">
            <summary>Identifier (within a table) for the style being deleted</summary>
        </member>
        <member name="P:Google.Apis.Fusiontables.v1.StyleResource.DeleteRequest.TableId">
            <summary>Table from which the style is being deleted</summary>
        </member>
        <member name="P:Google.Apis.Fusiontables.v1.StyleResource.GetRequest.Oauth_token">
            <summary>OAuth 2.0 token for the current user.</summary>
        </member>
        <member name="P:Google.Apis.Fusiontables.v1.StyleResource.GetRequest.PrettyPrint">
            <summary>Returns response with indentations and line breaks.</summary>
        </member>
        <member name="P:Google.Apis.Fusiontables.v1.StyleResource.GetRequest.StyleId">
            <summary>Identifier (integer) for a specific style in a table</summary>
        </member>
        <member name="P:Google.Apis.Fusiontables.v1.StyleResource.GetRequest.TableId">
            <summary>Table to which the requested style belongs</summary>
        </member>
        <member name="P:Google.Apis.Fusiontables.v1.StyleResource.InsertRequest.Oauth_token">
            <summary>OAuth 2.0 token for the current user.</summary>
        </member>
        <member name="P:Google.Apis.Fusiontables.v1.StyleResource.InsertRequest.PrettyPrint">
            <summary>Returns response with indentations and line breaks.</summary>
        </member>
        <member name="P:Google.Apis.Fusiontables.v1.StyleResource.InsertRequest.TableId">
            <summary>Table for which a new style is being added</summary>
        </member>
        <member name="P:Google.Apis.Fusiontables.v1.StyleResource.InsertRequest.Body">
            <summary>Gets/Sets the Body of this Request.</summary>
        </member>
        <member name="P:Google.Apis.Fusiontables.v1.StyleResource.ListRequest.Oauth_token">
            <summary>OAuth 2.0 token for the current user.</summary>
        </member>
        <member name="P:Google.Apis.Fusiontables.v1.StyleResource.ListRequest.PrettyPrint">
            <summary>Returns response with indentations and line breaks.</summary>
        </member>
        <member name="P:Google.Apis.Fusiontables.v1.StyleResource.ListRequest.MaxResults">
            <summary>Maximum number of styles to return. Optional. Default is 5.</summary>
        </member>
        <member name="P:Google.Apis.Fusiontables.v1.StyleResource.ListRequest.PageToken">
            <summary>Continuation token specifying which result page to return. Optional.</summary>
        </member>
        <member name="P:Google.Apis.Fusiontables.v1.StyleResource.ListRequest.TableId">
            <summary>Table whose styles are being listed</summary>
        </member>
        <member name="P:Google.Apis.Fusiontables.v1.StyleResource.PatchRequest.Oauth_token">
            <summary>OAuth 2.0 token for the current user.</summary>
        </member>
        <member name="P:Google.Apis.Fusiontables.v1.StyleResource.PatchRequest.PrettyPrint">
            <summary>Returns response with indentations and line breaks.</summary>
        </member>
        <member name="P:Google.Apis.Fusiontables.v1.StyleResource.PatchRequest.StyleId">
            <summary>Identifier (within a table) for the style being updated.</summary>
        </member>
        <member name="P:Google.Apis.Fusiontables.v1.StyleResource.PatchRequest.TableId">
            <summary>Table whose style is being updated.</summary>
        </member>
        <member name="P:Google.Apis.Fusiontables.v1.StyleResource.PatchRequest.Body">
            <summary>Gets/Sets the Body of this Request.</summary>
        </member>
        <member name="P:Google.Apis.Fusiontables.v1.StyleResource.UpdateRequest.Oauth_token">
            <summary>OAuth 2.0 token for the current user.</summary>
        </member>
        <member name="P:Google.Apis.Fusiontables.v1.StyleResource.UpdateRequest.PrettyPrint">
            <summary>Returns response with indentations and line breaks.</summary>
        </member>
        <member name="P:Google.Apis.Fusiontables.v1.StyleResource.UpdateRequest.StyleId">
            <summary>Identifier (within a table) for the style being updated.</summary>
        </member>
        <member name="P:Google.Apis.Fusiontables.v1.StyleResource.UpdateRequest.TableId">
            <summary>Table whose style is being updated.</summary>
        </member>
        <member name="P:Google.Apis.Fusiontables.v1.StyleResource.UpdateRequest.Body">
            <summary>Gets/Sets the Body of this Request.</summary>
        </member>
        <member name="M:Google.Apis.Fusiontables.v1.TableResource.Delete(System.String)">
            <summary>Deletes a table.</summary>
            <param name="tableId">Required - Id of the table that is being deleted.</param>
        </member>
        <member name="M:Google.Apis.Fusiontables.v1.TableResource.Get(System.String)">
            <summary>Retrieves a specific table by its id.</summary>
            <param name="tableId">Required - Identifier(ID) for the table being requested.</param>
        </member>
        <member name="M:Google.Apis.Fusiontables.v1.TableResource.Insert(Google.Apis.Fusiontables.v1.Data.Table)">
            <summary>Creates a new table.</summary>
        </member>
        <member name="M:Google.Apis.Fusiontables.v1.TableResource.List">
            <summary>Retrieves a list of tables a user owns.</summary>
        </member>
        <member name="M:Google.Apis.Fusiontables.v1.TableResource.Patch(Google.Apis.Fusiontables.v1.Data.Table,System.String)">
            <summary>Updates an existing table. Unless explicitly requested, only the name, description, and attribution will be updated. This method supports patch semantics.</summary>
            <param name="tableId">Required - Id of the table that is being updated.</param>
        </member>
        <member name="M:Google.Apis.Fusiontables.v1.TableResource.Update(Google.Apis.Fusiontables.v1.Data.Table,System.String)">
            <summary>Updates an existing table. Unless explicitly requested, only the name, description, and attribution will be updated.</summary>
            <param name="tableId">Required - Id of the table that is being updated.</param>
        </member>
        <member name="P:Google.Apis.Fusiontables.v1.TableResource.DeleteRequest.Oauth_token">
            <summary>OAuth 2.0 token for the current user.</summary>
        </member>
        <member name="P:Google.Apis.Fusiontables.v1.TableResource.DeleteRequest.PrettyPrint">
            <summary>Returns response with indentations and line breaks.</summary>
        </member>
        <member name="P:Google.Apis.Fusiontables.v1.TableResource.DeleteRequest.TableId">
            <summary>Id of the table that is being deleted.</summary>
        </member>
        <member name="P:Google.Apis.Fusiontables.v1.TableResource.GetRequest.Oauth_token">
            <summary>OAuth 2.0 token for the current user.</summary>
        </member>
        <member name="P:Google.Apis.Fusiontables.v1.TableResource.GetRequest.PrettyPrint">
            <summary>Returns response with indentations and line breaks.</summary>
        </member>
        <member name="P:Google.Apis.Fusiontables.v1.TableResource.GetRequest.TableId">
            <summary>Identifier(ID) for the table being requested.</summary>
        </member>
        <member name="P:Google.Apis.Fusiontables.v1.TableResource.InsertRequest.Oauth_token">
            <summary>OAuth 2.0 token for the current user.</summary>
        </member>
        <member name="P:Google.Apis.Fusiontables.v1.TableResource.InsertRequest.PrettyPrint">
            <summary>Returns response with indentations and line breaks.</summary>
        </member>
        <member name="P:Google.Apis.Fusiontables.v1.TableResource.InsertRequest.Body">
            <summary>Gets/Sets the Body of this Request.</summary>
        </member>
        <member name="P:Google.Apis.Fusiontables.v1.TableResource.ListRequest.Oauth_token">
            <summary>OAuth 2.0 token for the current user.</summary>
        </member>
        <member name="P:Google.Apis.Fusiontables.v1.TableResource.ListRequest.PrettyPrint">
            <summary>Returns response with indentations and line breaks.</summary>
        </member>
        <member name="P:Google.Apis.Fusiontables.v1.TableResource.ListRequest.MaxResults">
            <summary>Maximum number of styles to return. Optional. Default is 5.</summary>
        </member>
        <member name="P:Google.Apis.Fusiontables.v1.TableResource.ListRequest.PageToken">
            <summary>Continuation token specifying which result page to return. Optional.</summary>
        </member>
        <member name="P:Google.Apis.Fusiontables.v1.TableResource.PatchRequest.Oauth_token">
            <summary>OAuth 2.0 token for the current user.</summary>
        </member>
        <member name="P:Google.Apis.Fusiontables.v1.TableResource.PatchRequest.PrettyPrint">
            <summary>Returns response with indentations and line breaks.</summary>
        </member>
        <member name="P:Google.Apis.Fusiontables.v1.TableResource.PatchRequest.ReplaceViewDefinition">
            <summary>Should the view definition also be updated? The specified view definition replaces the existing one. Only a view can be updated with a new definition.</summary>
        </member>
        <member name="P:Google.Apis.Fusiontables.v1.TableResource.PatchRequest.TableId">
            <summary>Id of the table that is being updated.</summary>
        </member>
        <member name="P:Google.Apis.Fusiontables.v1.TableResource.PatchRequest.Body">
            <summary>Gets/Sets the Body of this Request.</summary>
        </member>
        <member name="P:Google.Apis.Fusiontables.v1.TableResource.UpdateRequest.Oauth_token">
            <summary>OAuth 2.0 token for the current user.</summary>
        </member>
        <member name="P:Google.Apis.Fusiontables.v1.TableResource.UpdateRequest.PrettyPrint">
            <summary>Returns response with indentations and line breaks.</summary>
        </member>
        <member name="P:Google.Apis.Fusiontables.v1.TableResource.UpdateRequest.ReplaceViewDefinition">
            <summary>Should the view definition also be updated? The specified view definition replaces the existing one. Only a view can be updated with a new definition.</summary>
        </member>
        <member name="P:Google.Apis.Fusiontables.v1.TableResource.UpdateRequest.TableId">
            <summary>Id of the table that is being updated.</summary>
        </member>
        <member name="P:Google.Apis.Fusiontables.v1.TableResource.UpdateRequest.Body">
            <summary>Gets/Sets the Body of this Request.</summary>
        </member>
        <member name="M:Google.Apis.Fusiontables.v1.TemplateResource.Delete(System.String,System.Int64)">
            <summary>Deletes a template</summary>
            <param name="tableId">Required - Table from which the template is being deleted</param>
            <param name="templateId">Required - Identifier for the template which is being deleted</param>
        </member>
        <member name="M:Google.Apis.Fusiontables.v1.TemplateResource.Get(System.String,System.Int64)">
            <summary>Retrieves a specific template by its id</summary>
            <param name="tableId">Required - Table to which the template belongs</param>
            <param name="templateId">Required - Identifier for the template that is being requested</param>
        </member>
        <member name="M:Google.Apis.Fusiontables.v1.TemplateResource.Insert(Google.Apis.Fusiontables.v1.Data.Template,System.String)">
            <summary>Creates a new template for the table.</summary>
            <param name="tableId">Required - Table for which a new template is being created</param>
        </member>
        <member name="M:Google.Apis.Fusiontables.v1.TemplateResource.List(System.String)">
            <summary>Retrieves a list of templates.</summary>
            <param name="tableId">Required - Identifier for the table whose templates are being requested</param>
        </member>
        <member name="M:Google.Apis.Fusiontables.v1.TemplateResource.Patch(Google.Apis.Fusiontables.v1.Data.Template,System.String,System.Int64)">
            <summary>Updates an existing template. This method supports patch semantics.</summary>
            <param name="tableId">Required - Table to which the updated template belongs</param>
            <param name="templateId">Required - Identifier for the template that is being updated</param>
        </member>
        <member name="M:Google.Apis.Fusiontables.v1.TemplateResource.Update(Google.Apis.Fusiontables.v1.Data.Template,System.String,System.Int64)">
            <summary>Updates an existing template</summary>
            <param name="tableId">Required - Table to which the updated template belongs</param>
            <param name="templateId">Required - Identifier for the template that is being updated</param>
        </member>
        <member name="P:Google.Apis.Fusiontables.v1.TemplateResource.DeleteRequest.Oauth_token">
            <summary>OAuth 2.0 token for the current user.</summary>
        </member>
        <member name="P:Google.Apis.Fusiontables.v1.TemplateResource.DeleteRequest.PrettyPrint">
            <summary>Returns response with indentations and line breaks.</summary>
        </member>
        <member name="P:Google.Apis.Fusiontables.v1.TemplateResource.DeleteRequest.TableId">
            <summary>Table from which the template is being deleted</summary>
        </member>
        <member name="P:Google.Apis.Fusiontables.v1.TemplateResource.DeleteRequest.TemplateId">
            <summary>Identifier for the template which is being deleted</summary>
        </member>
        <member name="P:Google.Apis.Fusiontables.v1.TemplateResource.GetRequest.Oauth_token">
            <summary>OAuth 2.0 token for the current user.</summary>
        </member>
        <member name="P:Google.Apis.Fusiontables.v1.TemplateResource.GetRequest.PrettyPrint">
            <summary>Returns response with indentations and line breaks.</summary>
        </member>
        <member name="P:Google.Apis.Fusiontables.v1.TemplateResource.GetRequest.TableId">
            <summary>Table to which the template belongs</summary>
        </member>
        <member name="P:Google.Apis.Fusiontables.v1.TemplateResource.GetRequest.TemplateId">
            <summary>Identifier for the template that is being requested</summary>
        </member>
        <member name="P:Google.Apis.Fusiontables.v1.TemplateResource.InsertRequest.Oauth_token">
            <summary>OAuth 2.0 token for the current user.</summary>
        </member>
        <member name="P:Google.Apis.Fusiontables.v1.TemplateResource.InsertRequest.PrettyPrint">
            <summary>Returns response with indentations and line breaks.</summary>
        </member>
        <member name="P:Google.Apis.Fusiontables.v1.TemplateResource.InsertRequest.TableId">
            <summary>Table for which a new template is being created</summary>
        </member>
        <member name="P:Google.Apis.Fusiontables.v1.TemplateResource.InsertRequest.Body">
            <summary>Gets/Sets the Body of this Request.</summary>
        </member>
        <member name="P:Google.Apis.Fusiontables.v1.TemplateResource.ListRequest.Oauth_token">
            <summary>OAuth 2.0 token for the current user.</summary>
        </member>
        <member name="P:Google.Apis.Fusiontables.v1.TemplateResource.ListRequest.PrettyPrint">
            <summary>Returns response with indentations and line breaks.</summary>
        </member>
        <member name="P:Google.Apis.Fusiontables.v1.TemplateResource.ListRequest.MaxResults">
            <summary>Maximum number of templates to return. Optional. Default is 5.</summary>
        </member>
        <member name="P:Google.Apis.Fusiontables.v1.TemplateResource.ListRequest.PageToken">
            <summary>Continuation token specifying which results page to return. Optional.</summary>
        </member>
        <member name="P:Google.Apis.Fusiontables.v1.TemplateResource.ListRequest.TableId">
            <summary>Identifier for the table whose templates are being requested</summary>
        </member>
        <member name="P:Google.Apis.Fusiontables.v1.TemplateResource.PatchRequest.Oauth_token">
            <summary>OAuth 2.0 token for the current user.</summary>
        </member>
        <member name="P:Google.Apis.Fusiontables.v1.TemplateResource.PatchRequest.PrettyPrint">
            <summary>Returns response with indentations and line breaks.</summary>
        </member>
        <member name="P:Google.Apis.Fusiontables.v1.TemplateResource.PatchRequest.TableId">
            <summary>Table to which the updated template belongs</summary>
        </member>
        <member name="P:Google.Apis.Fusiontables.v1.TemplateResource.PatchRequest.TemplateId">
            <summary>Identifier for the template that is being updated</summary>
        </member>
        <member name="P:Google.Apis.Fusiontables.v1.TemplateResource.PatchRequest.Body">
            <summary>Gets/Sets the Body of this Request.</summary>
        </member>
        <member name="P:Google.Apis.Fusiontables.v1.TemplateResource.UpdateRequest.Oauth_token">
            <summary>OAuth 2.0 token for the current user.</summary>
        </member>
        <member name="P:Google.Apis.Fusiontables.v1.TemplateResource.UpdateRequest.PrettyPrint">
            <summary>Returns response with indentations and line breaks.</summary>
        </member>
        <member name="P:Google.Apis.Fusiontables.v1.TemplateResource.UpdateRequest.TableId">
            <summary>Table to which the updated template belongs</summary>
        </member>
        <member name="P:Google.Apis.Fusiontables.v1.TemplateResource.UpdateRequest.TemplateId">
            <summary>Identifier for the template that is being updated</summary>
        </member>
        <member name="P:Google.Apis.Fusiontables.v1.TemplateResource.UpdateRequest.Body">
            <summary>Gets/Sets the Body of this Request.</summary>
        </member>
    </members>
</doc>
