<?xml version="1.0"?>
<doc>
    <assembly>
        <name>Google.Apis.Translate.v2</name>
    </assembly>
    <members>
        <member name="P:Google.Apis.Translate.v2.Data.DetectionsListResponse.Detections">
            <summary>A detections contains detection results of several text</summary>
        </member>
        <member name="T:Google.Apis.Translate.v2.Data.DetectionsResource">
            <summary>An array of languages which we detect for the given text The most likely language list first.</summary>
        </member>
        <member name="P:Google.Apis.Translate.v2.Data.DetectionsResource.Entry.Confidence">
            <summary>The confidence of the detection resul of this language.</summary>
        </member>
        <member name="P:Google.Apis.Translate.v2.Data.DetectionsResource.Entry.IsReliable">
            <summary>A boolean to indicate is the language detection result reliable.</summary>
        </member>
        <member name="P:Google.Apis.Translate.v2.Data.DetectionsResource.Entry.Language">
            <summary>The language we detect</summary>
        </member>
        <member name="P:Google.Apis.Translate.v2.Data.LanguagesListResponse.Languages">
            <summary>List of source/target languages supported by the translation API. If target parameter is unspecified, the list is sorted by the ASCII code point order of the language code. If target parameter is specified, the list is sorted by the collation order of the language name in the target language.</summary>
        </member>
        <member name="P:Google.Apis.Translate.v2.Data.LanguagesResource.Language">
            <summary>The language code.</summary>
        </member>
        <member name="P:Google.Apis.Translate.v2.Data.LanguagesResource.Name">
            <summary>The localized name of the language if target parameter is given.</summary>
        </member>
        <member name="P:Google.Apis.Translate.v2.Data.TranslationsListResponse.Translations">
            <summary>Translations contains list of translation results of given text</summary>
        </member>
        <member name="P:Google.Apis.Translate.v2.Data.TranslationsResource.DetectedSourceLanguage">
            <summary>Detected source language if source parameter is unspecified.</summary>
        </member>
        <member name="P:Google.Apis.Translate.v2.Data.TranslationsResource.TranslatedText">
            <summary>The translation.</summary>
        </member>
        <member name="P:Google.Apis.Translate.v2.TranslateService.Key">
            <summary>Sets the API-Key (or DeveloperKey) which this service uses for all requests</summary>
        </member>
        <member name="M:Google.Apis.Translate.v2.DetectionsResource.List(Google.Apis.Util.Repeatable{System.String})">
            <summary>Detect the language of text.</summary>
            <param name="q">Required - The text to detect</param>
        </member>
        <member name="P:Google.Apis.Translate.v2.DetectionsResource.ListRequest.Q">
            <summary>The text to detect</summary>
        </member>
        <member name="M:Google.Apis.Translate.v2.LanguagesResource.List">
            <summary>List the source/target languages supported by the API</summary>
        </member>
        <member name="P:Google.Apis.Translate.v2.LanguagesResource.ListRequest.Target">
            <summary>the language and collation in which the localized results should be returned</summary>
        </member>
        <member name="M:Google.Apis.Translate.v2.TranslationsResource.List(Google.Apis.Util.Repeatable{System.String},System.String)">
            <summary>Returns text translations from one language to another.</summary>
            <param name="q">Required - The text to translate</param>
            <param name="target">Required - The target language into which the text should be translated</param>
        </member>
        <member name="T:Google.Apis.Translate.v2.TranslationsResource.Format">
            <summary>The format of the text</summary>
        </member>
        <member name="F:Google.Apis.Translate.v2.TranslationsResource.Format.Html">
            <summary>Specifies the input is in HTML</summary>
        </member>
        <member name="F:Google.Apis.Translate.v2.TranslationsResource.Format.Text">
            <summary>Specifies the input is in plain textual format</summary>
        </member>
        <member name="P:Google.Apis.Translate.v2.TranslationsResource.ListRequest.Cid">
            <summary>The customization id for translate</summary>
        </member>
        <member name="P:Google.Apis.Translate.v2.TranslationsResource.ListRequest.Format">
            <summary>The format of the text</summary>
        </member>
        <member name="P:Google.Apis.Translate.v2.TranslationsResource.ListRequest.Q">
            <summary>The text to translate</summary>
        </member>
        <member name="P:Google.Apis.Translate.v2.TranslationsResource.ListRequest.Source">
            <summary>The source language of the text</summary>
        </member>
        <member name="P:Google.Apis.Translate.v2.TranslationsResource.ListRequest.Target">
            <summary>The target language into which the text should be translated</summary>
        </member>
    </members>
</doc>
