<?xml version="1.0"?>
<doc>
    <assembly>
        <name>Google.Apis.Compute.v1beta12</name>
    </assembly>
    <members>
        <member name="P:Google.Apis.Compute.v1beta12.Data.AccessConfig.Kind">
            <summary>Type of the resource.</summary>
        </member>
        <member name="P:Google.Apis.Compute.v1beta12.Data.AccessConfig.Name">
            <summary>Name of this access configuration.</summary>
        </member>
        <member name="P:Google.Apis.Compute.v1beta12.Data.AccessConfig.NatIP">
            <summary>An external IP address associated with this instance. Specify an unused static IP address available to the project. If left blank, the external IP will be drawn from a shared ephemeral pool.</summary>
        </member>
        <member name="P:Google.Apis.Compute.v1beta12.Data.AccessConfig.Type">
            <summary>Type of configuration. Must be set to &quot;ONE_TO_ONE_NAT&quot;. This configures port-for-port NAT to the internet.</summary>
        </member>
        <member name="P:Google.Apis.Compute.v1beta12.Data.AttachedDisk.DeleteOnTerminate">
            <summary>Persistent disk only; If true, delete the disk and all its data when the associated instance is deleted. This property defaults to false if not specified.</summary>
        </member>
        <member name="P:Google.Apis.Compute.v1beta12.Data.AttachedDisk.DeviceName">
            <summary>Persistent disk only; must be unique within the instance when specified. This represents a unique device name that is reflected into the /dev/ tree of a Linux operating system running within the instance. If not specified, a default will be chosen by the system.</summary>
        </member>
        <member name="P:Google.Apis.Compute.v1beta12.Data.AttachedDisk.Index">
            <summary>A zero-based index to assign to this disk, where 0 is reserved for the boot disk. If not specified, the server will choose an appropriate value.</summary>
        </member>
        <member name="P:Google.Apis.Compute.v1beta12.Data.AttachedDisk.Kind">
            <summary>Type of the resource.</summary>
        </member>
        <member name="P:Google.Apis.Compute.v1beta12.Data.AttachedDisk.Mode">
            <summary>The mode in which to attach this disk, either &quot;READ_WRITE&quot; or &quot;READ_ONLY&quot;.</summary>
        </member>
        <member name="P:Google.Apis.Compute.v1beta12.Data.AttachedDisk.Source">
            <summary>Persistent disk only; the URL of the persistent disk resource.</summary>
        </member>
        <member name="P:Google.Apis.Compute.v1beta12.Data.AttachedDisk.Type">
            <summary>Type of the disk, either &quot;EPHEMERAL&quot; or &quot;PERSISTENT&quot;. Note that persistent disks must be created before you can specify them here.</summary>
        </member>
        <member name="P:Google.Apis.Compute.v1beta12.Data.Disk.CreationTimestamp">
            <summary>Creation timestamp in RFC3339 text format (output only).</summary>
        </member>
        <member name="P:Google.Apis.Compute.v1beta12.Data.Disk.Description">
            <summary>An optional textual description of the resource; provided by the client when the resource is created.</summary>
        </member>
        <member name="P:Google.Apis.Compute.v1beta12.Data.Disk.Id">
            <summary>Unique identifier for the resource; defined by the server (output only).</summary>
        </member>
        <member name="P:Google.Apis.Compute.v1beta12.Data.Disk.Kind">
            <summary>Type of the resource.</summary>
        </member>
        <member name="P:Google.Apis.Compute.v1beta12.Data.Disk.Name">
            <summary>Name of the resource; provided by the client when the resource is created. The name must be 1-63 characters long, and comply with RFC1035.</summary>
        </member>
        <member name="P:Google.Apis.Compute.v1beta12.Data.Disk.Options">
            <summary>Internal use only.</summary>
        </member>
        <member name="P:Google.Apis.Compute.v1beta12.Data.Disk.SelfLink">
            <summary>Server defined URL for the resource (output only).</summary>
        </member>
        <member name="P:Google.Apis.Compute.v1beta12.Data.Disk.SizeGb">
            <summary>Size of the persistent disk, specified in GB.</summary>
        </member>
        <member name="P:Google.Apis.Compute.v1beta12.Data.Disk.SourceSnapshot">
            <summary>The source snapshot used to create this disk. Once the source snapshot has been deleted from the system, this field will be cleared, and will not be set even if a snapshot with the same name has been re-created.</summary>
        </member>
        <member name="P:Google.Apis.Compute.v1beta12.Data.Disk.SourceSnapshotId">
            <summary>The &apos;id&apos; value of the snapshot used to create this disk. This value may be used to determine whether the disk was created from the current or a previous instance of a given disk snapshot.</summary>
        </member>
        <member name="P:Google.Apis.Compute.v1beta12.Data.Disk.Status">
            <summary>The status of disk creation.</summary>
        </member>
        <member name="P:Google.Apis.Compute.v1beta12.Data.Disk.Zone">
            <summary>URL for the zone where the persistent disk resides; provided by the client when the disk is created. A persistent disk must reside in the same zone as the instance to which it is attached.</summary>
        </member>
        <member name="P:Google.Apis.Compute.v1beta12.Data.DiskList.Id">
            <summary>Unique identifier for the resource; defined by the server (output only).</summary>
        </member>
        <member name="P:Google.Apis.Compute.v1beta12.Data.DiskList.Items">
            <summary>The persistent disk resources.</summary>
        </member>
        <member name="P:Google.Apis.Compute.v1beta12.Data.DiskList.Kind">
            <summary>Type of resource.</summary>
        </member>
        <member name="P:Google.Apis.Compute.v1beta12.Data.DiskList.NextPageToken">
            <summary>A token used to continue a truncated list request.</summary>
        </member>
        <member name="P:Google.Apis.Compute.v1beta12.Data.DiskList.SelfLink">
            <summary>Server defined URL for this resource (output only).</summary>
        </member>
        <member name="P:Google.Apis.Compute.v1beta12.Data.Firewall.Allowed">
            <summary>The list of rules specified by this firewall. Each rule specifies a protocol and port-range tuple that describes a permitted connection.</summary>
        </member>
        <member name="P:Google.Apis.Compute.v1beta12.Data.Firewall.CreationTimestamp">
            <summary>Creation timestamp in RFC3339 text format (output only).</summary>
        </member>
        <member name="P:Google.Apis.Compute.v1beta12.Data.Firewall.Description">
            <summary>An optional textual description of the resource; provided by the client when the resource is created.</summary>
        </member>
        <member name="P:Google.Apis.Compute.v1beta12.Data.Firewall.Id">
            <summary>Unique identifier for the resource; defined by the server (output only).</summary>
        </member>
        <member name="P:Google.Apis.Compute.v1beta12.Data.Firewall.Kind">
            <summary>Type of the resource.</summary>
        </member>
        <member name="P:Google.Apis.Compute.v1beta12.Data.Firewall.Name">
            <summary>Name of the resource; provided by the client when the resource is created. The name must be 1-63 characters long, and comply with RFC1035.</summary>
        </member>
        <member name="P:Google.Apis.Compute.v1beta12.Data.Firewall.Network">
            <summary>URL of the network to which this firewall is applied; provided by the client when the firewall is created.</summary>
        </member>
        <member name="P:Google.Apis.Compute.v1beta12.Data.Firewall.SelfLink">
            <summary>Server defined URL for the resource (output only).</summary>
        </member>
        <member name="P:Google.Apis.Compute.v1beta12.Data.Firewall.SourceRanges">
            <summary>A list of IP address blocks expressed in CIDR format which this rule applies to. One or both of sourceRanges and sourceTags may be set; an inbound connection is allowed if either the range or the tag of the source matches.</summary>
        </member>
        <member name="P:Google.Apis.Compute.v1beta12.Data.Firewall.SourceTags">
            <summary>A list of instance tags which this rule applies to. One or both of sourceRanges and sourceTags may be set; an inbound connection is allowed if either the range or the tag of the source matches.</summary>
        </member>
        <member name="P:Google.Apis.Compute.v1beta12.Data.Firewall.TargetTags">
            <summary>A list of instance tags indicating sets of instances located on network which may make network connections as specified in allowed. If no targetTags are specified, the firewall rule applies to all instances on the specified network.</summary>
        </member>
        <member name="P:Google.Apis.Compute.v1beta12.Data.Firewall.AllowedData.IPProtocol">
            <summary>Required; this is the IP protocol that is allowed for this rule. This can either be a well known protocol string (tcp, udp or icmp) or the IP protocol number.</summary>
        </member>
        <member name="P:Google.Apis.Compute.v1beta12.Data.Firewall.AllowedData.Ports">
             <summary>An optional list of ports which are allowed. It is an error to specify this for any protocol that isn&apos;t UDP or TCP. Each entry must be either an integer or a range. If not specified, connections through any port are allowed.
            Example inputs include: [&quot;22&quot;], [&quot;80,&quot;443&quot;] and [&quot;12345-12349&quot;].</summary>
        </member>
        <member name="P:Google.Apis.Compute.v1beta12.Data.FirewallList.Id">
            <summary>Unique identifier for the resource; defined by the server.</summary>
        </member>
        <member name="P:Google.Apis.Compute.v1beta12.Data.FirewallList.Items">
            <summary>The firewall resources.</summary>
        </member>
        <member name="P:Google.Apis.Compute.v1beta12.Data.FirewallList.Kind">
            <summary>Type of resource.</summary>
        </member>
        <member name="P:Google.Apis.Compute.v1beta12.Data.FirewallList.NextPageToken">
            <summary>A token used to continue a truncated list request.</summary>
        </member>
        <member name="P:Google.Apis.Compute.v1beta12.Data.FirewallList.SelfLink">
            <summary>Server defined URL for this resource.</summary>
        </member>
        <member name="P:Google.Apis.Compute.v1beta12.Data.Image.CreationTimestamp">
            <summary>Creation timestamp in RFC3339 text format (output only).</summary>
        </member>
        <member name="P:Google.Apis.Compute.v1beta12.Data.Image.Description">
            <summary>Textual description of the resource; provided by the client when the resource is created.</summary>
        </member>
        <member name="P:Google.Apis.Compute.v1beta12.Data.Image.DiskSnapshot">
            <summary>Not yet implemented.</summary>
        </member>
        <member name="P:Google.Apis.Compute.v1beta12.Data.Image.Id">
            <summary>Unique identifier for the resource; defined by the server (output only).</summary>
        </member>
        <member name="P:Google.Apis.Compute.v1beta12.Data.Image.Kind">
            <summary>Type of the resource.</summary>
        </member>
        <member name="P:Google.Apis.Compute.v1beta12.Data.Image.Name">
            <summary>Name of the resource; provided by the client when the resource is created. The name must be 1-63 characters long, and comply with RFC1035.</summary>
        </member>
        <member name="P:Google.Apis.Compute.v1beta12.Data.Image.PreferredKernel">
            <summary>An optional URL of the preferred kernel for use with this disk image. If not specified, a server defined default kernel will be used.</summary>
        </member>
        <member name="P:Google.Apis.Compute.v1beta12.Data.Image.RawDisk">
            <summary>The raw disk image parameters.</summary>
        </member>
        <member name="P:Google.Apis.Compute.v1beta12.Data.Image.SelfLink">
            <summary>Server defined URL for the resource (output only).</summary>
        </member>
        <member name="P:Google.Apis.Compute.v1beta12.Data.Image.SourceType">
            <summary>Must be &quot;RAW&quot;; provided by the client when the disk image is created.</summary>
        </member>
        <member name="T:Google.Apis.Compute.v1beta12.Data.Image.DiskSnapshotData">
            <summary>Not yet implemented.</summary>
        </member>
        <member name="P:Google.Apis.Compute.v1beta12.Data.Image.DiskSnapshotData.Source">
            <summary>URL of the disk snapshot.</summary>
        </member>
        <member name="T:Google.Apis.Compute.v1beta12.Data.Image.RawDiskData">
            <summary>The raw disk image parameters.</summary>
        </member>
        <member name="P:Google.Apis.Compute.v1beta12.Data.Image.RawDiskData.ContainerType">
            <summary>The format used to encode and transmit the block device. Should be TAR. This is just a container and transmission format and not a runtime format. Provided by the client when the disk image is created.</summary>
        </member>
        <member name="P:Google.Apis.Compute.v1beta12.Data.Image.RawDiskData.Sha1Checksum">
            <summary>An optional SHA1 checksum of the disk image before unpackaging; provided by the client when the disk image is created.</summary>
        </member>
        <member name="P:Google.Apis.Compute.v1beta12.Data.Image.RawDiskData.Source">
            <summary>The full Google Cloud Storage URL where the disk image is stored; provided by the client when the disk image is created.</summary>
        </member>
        <member name="P:Google.Apis.Compute.v1beta12.Data.ImageList.Id">
            <summary>Unique identifier for the resource; defined by the server (output only).</summary>
        </member>
        <member name="P:Google.Apis.Compute.v1beta12.Data.ImageList.Items">
            <summary>The disk image resources.</summary>
        </member>
        <member name="P:Google.Apis.Compute.v1beta12.Data.ImageList.Kind">
            <summary>Type of resource.</summary>
        </member>
        <member name="P:Google.Apis.Compute.v1beta12.Data.ImageList.NextPageToken">
            <summary>A token used to continue a truncated list request.</summary>
        </member>
        <member name="P:Google.Apis.Compute.v1beta12.Data.ImageList.SelfLink">
            <summary>Server defined URL for this resource (output only).</summary>
        </member>
        <member name="P:Google.Apis.Compute.v1beta12.Data.Instance.CreationTimestamp">
            <summary>Creation timestamp in RFC3339 text format (output only).</summary>
        </member>
        <member name="P:Google.Apis.Compute.v1beta12.Data.Instance.Description">
            <summary>An optional textual description of the resource; provided by the client when the resource is created.</summary>
        </member>
        <member name="P:Google.Apis.Compute.v1beta12.Data.Instance.Disks">
            <summary>Array of disks associated with this instance. Persistent disks must be created before you can assign them.</summary>
        </member>
        <member name="P:Google.Apis.Compute.v1beta12.Data.Instance.Id">
            <summary>Unique identifier for the resource; defined by the server (output only).</summary>
        </member>
        <member name="P:Google.Apis.Compute.v1beta12.Data.Instance.Image">
            <summary>An optional URL of the disk image resource to be to be installed on this instance; provided by the client when the instance is created. If not specified, the server will choose a default image.</summary>
        </member>
        <member name="P:Google.Apis.Compute.v1beta12.Data.Instance.Kind">
            <summary>Type of the resource.</summary>
        </member>
        <member name="P:Google.Apis.Compute.v1beta12.Data.Instance.MachineType">
            <summary>URL of the machine type resource describing which machine type to use to host the instance; provided by the client when the instance is created.</summary>
        </member>
        <member name="P:Google.Apis.Compute.v1beta12.Data.Instance.Name">
            <summary>Name of the resource; provided by the client when the resource is created. The name must be 1-63 characters long, and comply with RFC1035.</summary>
        </member>
        <member name="P:Google.Apis.Compute.v1beta12.Data.Instance.NetworkInterfaces">
            <summary>Array of configurations for this interface. This specifies how this interface is configured to interact with other network services, such as connecting to the internet. Currently, ONE_TO_ONE_NAT is the only access config supported. If there are no accessConfigs specified, then this instance will have no external internet access.</summary>
        </member>
        <member name="P:Google.Apis.Compute.v1beta12.Data.Instance.SelfLink">
            <summary>Server defined URL for the resource (output only).</summary>
        </member>
        <member name="P:Google.Apis.Compute.v1beta12.Data.Instance.ServiceAccounts">
            <summary>A list of service accounts each with specified scopes, for which access tokens are to be made available to the instance through metadata queries.</summary>
        </member>
        <member name="P:Google.Apis.Compute.v1beta12.Data.Instance.Status">
            <summary>Instance status. One of the following values: &quot;PROVISIONING&quot;, &quot;STAGING&quot;, &quot;RUNNING&quot; (output only).</summary>
        </member>
        <member name="P:Google.Apis.Compute.v1beta12.Data.Instance.StatusMessage">
            <summary>An optional, human-readable explanation of the status (output only).</summary>
        </member>
        <member name="P:Google.Apis.Compute.v1beta12.Data.Instance.Tags">
            <summary>An optional set of tags applied to this instance. Used to identify valid sources or targets for network firewalls. Provided by the client when the instance is created. Each tag must be 1-63 characters long, and comply with RFC1035.</summary>
        </member>
        <member name="P:Google.Apis.Compute.v1beta12.Data.Instance.Zone">
            <summary>URL of the zone resource describing where this instance should be hosted; provided by the client when the instance is created.</summary>
        </member>
        <member name="P:Google.Apis.Compute.v1beta12.Data.InstanceList.Id">
            <summary>Unique identifier for the resource; defined by the server (output only).</summary>
        </member>
        <member name="P:Google.Apis.Compute.v1beta12.Data.InstanceList.Items">
            <summary>A list of instance resources.</summary>
        </member>
        <member name="P:Google.Apis.Compute.v1beta12.Data.InstanceList.Kind">
            <summary>Type of resource.</summary>
        </member>
        <member name="P:Google.Apis.Compute.v1beta12.Data.InstanceList.NextPageToken">
            <summary>A token used to continue a truncated list request.</summary>
        </member>
        <member name="P:Google.Apis.Compute.v1beta12.Data.InstanceList.SelfLink">
            <summary>Server defined URL for this resource (output only).</summary>
        </member>
        <member name="P:Google.Apis.Compute.v1beta12.Data.Kernel.CreationTimestamp">
            <summary>Creation timestamp in RFC3339 text format (output only).</summary>
        </member>
        <member name="P:Google.Apis.Compute.v1beta12.Data.Kernel.Description">
            <summary>An optional textual description of the resource.</summary>
        </member>
        <member name="P:Google.Apis.Compute.v1beta12.Data.Kernel.Id">
            <summary>Unique identifier for the resource; defined by the server (output only).</summary>
        </member>
        <member name="P:Google.Apis.Compute.v1beta12.Data.Kernel.Kind">
            <summary>Type of the resource.</summary>
        </member>
        <member name="P:Google.Apis.Compute.v1beta12.Data.Kernel.Name">
            <summary>Name of the resource.</summary>
        </member>
        <member name="P:Google.Apis.Compute.v1beta12.Data.Kernel.SelfLink">
            <summary>Server defined URL for the resource (output only).</summary>
        </member>
        <member name="P:Google.Apis.Compute.v1beta12.Data.KernelList.Id">
            <summary>Unique identifier for the resource; defined by the server (output only).</summary>
        </member>
        <member name="P:Google.Apis.Compute.v1beta12.Data.KernelList.Items">
            <summary>The kernel resources.</summary>
        </member>
        <member name="P:Google.Apis.Compute.v1beta12.Data.KernelList.Kind">
            <summary>Type of resource.</summary>
        </member>
        <member name="P:Google.Apis.Compute.v1beta12.Data.KernelList.NextPageToken">
            <summary>A token used to continue a truncated list request.</summary>
        </member>
        <member name="P:Google.Apis.Compute.v1beta12.Data.KernelList.SelfLink">
            <summary>Server defined URL for this resource (output only).</summary>
        </member>
        <member name="P:Google.Apis.Compute.v1beta12.Data.MachineType.AvailableZone">
            <summary>The zones that this machine type can run in.</summary>
        </member>
        <member name="P:Google.Apis.Compute.v1beta12.Data.MachineType.CreationTimestamp">
            <summary>Creation timestamp in RFC3339 text format (output only).</summary>
        </member>
        <member name="P:Google.Apis.Compute.v1beta12.Data.MachineType.Description">
            <summary>An optional textual description of the resource.</summary>
        </member>
        <member name="P:Google.Apis.Compute.v1beta12.Data.MachineType.EphemeralDisks">
            <summary>List of extended ephemeral disks assigned to the instance.</summary>
        </member>
        <member name="P:Google.Apis.Compute.v1beta12.Data.MachineType.GuestCpus">
            <summary>Count of CPUs exposed to the instance.</summary>
        </member>
        <member name="P:Google.Apis.Compute.v1beta12.Data.MachineType.HostCpus">
            <summary>Count of physical CPUs reserved on the virtual machine host.</summary>
        </member>
        <member name="P:Google.Apis.Compute.v1beta12.Data.MachineType.Id">
            <summary>Unique identifier for the resource; defined by the server (output only).</summary>
        </member>
        <member name="P:Google.Apis.Compute.v1beta12.Data.MachineType.ImageSpaceGb">
            <summary>Space allotted for the image, defined in GB.</summary>
        </member>
        <member name="P:Google.Apis.Compute.v1beta12.Data.MachineType.Kind">
            <summary>Type of the resource.</summary>
        </member>
        <member name="P:Google.Apis.Compute.v1beta12.Data.MachineType.MaximumPersistentDisks">
            <summary>Maximum persistent disks allowed.</summary>
        </member>
        <member name="P:Google.Apis.Compute.v1beta12.Data.MachineType.MaximumPersistentDisksSizeGb">
            <summary>Maximum total persistent disks size (GB) allowed.</summary>
        </member>
        <member name="P:Google.Apis.Compute.v1beta12.Data.MachineType.MemoryMb">
            <summary>Physical memory assigned to the instance, defined in MB.</summary>
        </member>
        <member name="P:Google.Apis.Compute.v1beta12.Data.MachineType.Name">
            <summary>Name of the resource.</summary>
        </member>
        <member name="P:Google.Apis.Compute.v1beta12.Data.MachineType.SelfLink">
            <summary>Server defined URL for the resource (output only).</summary>
        </member>
        <member name="P:Google.Apis.Compute.v1beta12.Data.MachineType.EphemeralDisksData.DiskGb">
            <summary>Size of the ephemeral disk, defined in GB.</summary>
        </member>
        <member name="P:Google.Apis.Compute.v1beta12.Data.MachineTypeList.Id">
            <summary>Unique identifier for the resource; defined by the server (output only).</summary>
        </member>
        <member name="P:Google.Apis.Compute.v1beta12.Data.MachineTypeList.Items">
            <summary>The machine type resources.</summary>
        </member>
        <member name="P:Google.Apis.Compute.v1beta12.Data.MachineTypeList.Kind">
            <summary>Type of resource.</summary>
        </member>
        <member name="P:Google.Apis.Compute.v1beta12.Data.MachineTypeList.NextPageToken">
            <summary>A token used to continue a truncated list request.</summary>
        </member>
        <member name="P:Google.Apis.Compute.v1beta12.Data.MachineTypeList.SelfLink">
            <summary>Server defined URL for this resource (output only).</summary>
        </member>
        <member name="P:Google.Apis.Compute.v1beta12.Data.Metadata.Items">
            <summary>Array of key/value pairs. The total size of all keys and values must be less than 512 KB.</summary>
        </member>
        <member name="P:Google.Apis.Compute.v1beta12.Data.Metadata.Kind">
            <summary>Type of the resource.</summary>
        </member>
        <member name="P:Google.Apis.Compute.v1beta12.Data.Metadata.ItemsData.Key">
            <summary>Key for the metadata entry. Keys must conform to the following regexp: [a-zA-Z0-9-_]+, and be less than 128 bytes in length. This is reflected as part of a URL in the metadata server. Additionally, to avoid ambiguity, keys must not conflict with any other metadata keys for the project.</summary>
        </member>
        <member name="P:Google.Apis.Compute.v1beta12.Data.Metadata.ItemsData.Value">
            <summary>Value for the metadata entry. These are free-form strings, and only have meaning as interpreted by the image running in the instance. The only restriction placed on values is that their size must be less than or equal to 15000 bytes.</summary>
        </member>
        <member name="P:Google.Apis.Compute.v1beta12.Data.Network.IPv4Range">
            <summary>Required; The range of internal addresses that are legal on this network. This range is a CIDR specification, for example: 192.168.0.0/16. Provided by the client when the network is created.</summary>
        </member>
        <member name="P:Google.Apis.Compute.v1beta12.Data.Network.CreationTimestamp">
            <summary>Creation timestamp in RFC3339 text format (output only).</summary>
        </member>
        <member name="P:Google.Apis.Compute.v1beta12.Data.Network.Description">
            <summary>An optional textual description of the resource; provided by the client when the resource is created.</summary>
        </member>
        <member name="P:Google.Apis.Compute.v1beta12.Data.Network.GatewayIPv4">
            <summary>An optional address that is used for default routing to other networks. This must be within the range specified by IPv4Range, and is typically the first usable address in that range. If not specified, the default value is the first usable address in IPv4Range.</summary>
        </member>
        <member name="P:Google.Apis.Compute.v1beta12.Data.Network.Id">
            <summary>Unique identifier for the resource; defined by the server (output only).</summary>
        </member>
        <member name="P:Google.Apis.Compute.v1beta12.Data.Network.Kind">
            <summary>Type of the resource.</summary>
        </member>
        <member name="P:Google.Apis.Compute.v1beta12.Data.Network.Name">
            <summary>Name of the resource; provided by the client when the resource is created. The name must be 1-63 characters long, and comply with RFC1035.</summary>
        </member>
        <member name="P:Google.Apis.Compute.v1beta12.Data.Network.SelfLink">
            <summary>Server defined URL for the resource (output only).</summary>
        </member>
        <member name="P:Google.Apis.Compute.v1beta12.Data.NetworkInterface.AccessConfigs">
            <summary>Array of configurations for this interface. This specifies how this interface is configured to interact with other network services, such as connecting to the internet. Currently, ONE_TO_ONE_NAT is the only access config supported. If there are no accessConfigs specified, then this instance will have no external internet access.</summary>
        </member>
        <member name="P:Google.Apis.Compute.v1beta12.Data.NetworkInterface.Kind">
            <summary>Type of the resource.</summary>
        </member>
        <member name="P:Google.Apis.Compute.v1beta12.Data.NetworkInterface.Name">
            <summary>Name of the resource, determined by the server; for network devices, these are e.g. eth0, eth1, etc. (output only).</summary>
        </member>
        <member name="P:Google.Apis.Compute.v1beta12.Data.NetworkInterface.Network">
            <summary>URL of the network resource attached to this interface.</summary>
        </member>
        <member name="P:Google.Apis.Compute.v1beta12.Data.NetworkInterface.NetworkIP">
            <summary>An optional IPV4 internal network address to assign to this instance. If not specified, one will be assigned from the available range.</summary>
        </member>
        <member name="P:Google.Apis.Compute.v1beta12.Data.NetworkList.Id">
            <summary>Unique identifier for the resource; defined by the server (output only).</summary>
        </member>
        <member name="P:Google.Apis.Compute.v1beta12.Data.NetworkList.Items">
            <summary>The network resources.</summary>
        </member>
        <member name="P:Google.Apis.Compute.v1beta12.Data.NetworkList.Kind">
            <summary>Type of resource.</summary>
        </member>
        <member name="P:Google.Apis.Compute.v1beta12.Data.NetworkList.NextPageToken">
            <summary>A token used to continue a truncated list request.</summary>
        </member>
        <member name="P:Google.Apis.Compute.v1beta12.Data.NetworkList.SelfLink">
            <summary>Server defined URL for this resource (output only).</summary>
        </member>
        <member name="P:Google.Apis.Compute.v1beta12.Data.Operation.ClientOperationId">
            <summary>An optional identifier specified by the client when the mutation was initiated. Must be unique for all operation resources in the project (output only).</summary>
        </member>
        <member name="P:Google.Apis.Compute.v1beta12.Data.Operation.CreationTimestamp">
            <summary>Creation timestamp in RFC3339 text format (output only).</summary>
        </member>
        <member name="P:Google.Apis.Compute.v1beta12.Data.Operation.EndTime">
            <summary>The time that this operation was completed. This is in RFC 3339 format (output only).</summary>
        </member>
        <member name="P:Google.Apis.Compute.v1beta12.Data.Operation.Error">
            <summary>If errors occurred during processing of this operation, this field will be populated (output only).</summary>
        </member>
        <member name="P:Google.Apis.Compute.v1beta12.Data.Operation.HttpErrorMessage">
            <summary>If operation fails, the HTTP error message returned, e.g. NOT FOUND. (output only).</summary>
        </member>
        <member name="P:Google.Apis.Compute.v1beta12.Data.Operation.HttpErrorStatusCode">
            <summary>If operation fails, the HTTP error status code returned, e.g. 404. (output only).</summary>
        </member>
        <member name="P:Google.Apis.Compute.v1beta12.Data.Operation.Id">
            <summary>Unique identifier for the resource; defined by the server (output only).</summary>
        </member>
        <member name="P:Google.Apis.Compute.v1beta12.Data.Operation.InsertTime">
            <summary>The time that this operation was requested. This is in RFC 3339 format (output only).</summary>
        </member>
        <member name="P:Google.Apis.Compute.v1beta12.Data.Operation.Kind">
            <summary>Type of the resource.</summary>
        </member>
        <member name="P:Google.Apis.Compute.v1beta12.Data.Operation.Name">
            <summary>Name of the resource.</summary>
        </member>
        <member name="P:Google.Apis.Compute.v1beta12.Data.Operation.OperationType">
            <summary>Type of the operation. Examples include &quot;insert&quot;, &quot;update&quot;, and &quot;delete&quot; (output only).</summary>
        </member>
        <member name="P:Google.Apis.Compute.v1beta12.Data.Operation.Progress">
            <summary>An optional progress indicator that ranges from 0 to 100. There is no requirement that this be linear or support any granularity of operations. This should not be used to guess at when the operation will be complete. This number should be monotonically increasing as the operation progresses (output only).</summary>
        </member>
        <member name="P:Google.Apis.Compute.v1beta12.Data.Operation.SelfLink">
            <summary>Server defined URL for the resource (output only).</summary>
        </member>
        <member name="P:Google.Apis.Compute.v1beta12.Data.Operation.StartTime">
            <summary>The time that this operation was started by the server. This is in RFC 3339 format (output only).</summary>
        </member>
        <member name="P:Google.Apis.Compute.v1beta12.Data.Operation.Status">
            <summary>Status of the operation. Can be one of the following: &quot;PENDING&quot;, &quot;RUNNING&quot;, or &quot;DONE&quot; (output only).</summary>
        </member>
        <member name="P:Google.Apis.Compute.v1beta12.Data.Operation.StatusMessage">
            <summary>An optional textual description of the current status of the operation (output only).</summary>
        </member>
        <member name="P:Google.Apis.Compute.v1beta12.Data.Operation.TargetId">
            <summary>Unique target id which identifies a particular incarnation of the target (output only).</summary>
        </member>
        <member name="P:Google.Apis.Compute.v1beta12.Data.Operation.TargetLink">
            <summary>URL of the resource the operation is mutating (output only).</summary>
        </member>
        <member name="P:Google.Apis.Compute.v1beta12.Data.Operation.User">
            <summary>User who requested the operation, for example &quot;user@example.com&quot; (output only).</summary>
        </member>
        <member name="T:Google.Apis.Compute.v1beta12.Data.Operation.ErrorData">
            <summary>If errors occurred during processing of this operation, this field will be populated (output only).</summary>
        </member>
        <member name="P:Google.Apis.Compute.v1beta12.Data.Operation.ErrorData.Errors">
            <summary>The array of errors encountered while processing this operation.</summary>
        </member>
        <member name="P:Google.Apis.Compute.v1beta12.Data.Operation.ErrorData.ErrorsData.Code">
            <summary>The error type identifier for this error.</summary>
        </member>
        <member name="P:Google.Apis.Compute.v1beta12.Data.Operation.ErrorData.ErrorsData.Location">
            <summary>Indicates the field in the request which caused the error. This property is optional.</summary>
        </member>
        <member name="P:Google.Apis.Compute.v1beta12.Data.Operation.ErrorData.ErrorsData.Message">
            <summary>An optional, human-readable error message.</summary>
        </member>
        <member name="P:Google.Apis.Compute.v1beta12.Data.OperationList.Id">
            <summary>Unique identifier for the resource; defined by the server (output only).</summary>
        </member>
        <member name="P:Google.Apis.Compute.v1beta12.Data.OperationList.Items">
            <summary>The operation resources.</summary>
        </member>
        <member name="P:Google.Apis.Compute.v1beta12.Data.OperationList.Kind">
            <summary>Type of resource.</summary>
        </member>
        <member name="P:Google.Apis.Compute.v1beta12.Data.OperationList.NextPageToken">
            <summary>A token used to continue a truncated list request.</summary>
        </member>
        <member name="P:Google.Apis.Compute.v1beta12.Data.OperationList.SelfLink">
            <summary>Server defined URL for this resource (output only).</summary>
        </member>
        <member name="P:Google.Apis.Compute.v1beta12.Data.Project.CreationTimestamp">
            <summary>Creation timestamp in RFC3339 text format (output only).</summary>
        </member>
        <member name="P:Google.Apis.Compute.v1beta12.Data.Project.Description">
            <summary>An optional textual description of the resource.</summary>
        </member>
        <member name="P:Google.Apis.Compute.v1beta12.Data.Project.ExternalIpAddresses">
            <summary>Internet available IP addresses available for use in this project.</summary>
        </member>
        <member name="P:Google.Apis.Compute.v1beta12.Data.Project.Id">
            <summary>Unique identifier for the resource; defined by the server (output only).</summary>
        </member>
        <member name="P:Google.Apis.Compute.v1beta12.Data.Project.Kind">
            <summary>Type of the resource.</summary>
        </member>
        <member name="P:Google.Apis.Compute.v1beta12.Data.Project.Name">
            <summary>Name of the resource.</summary>
        </member>
        <member name="P:Google.Apis.Compute.v1beta12.Data.Project.Quotas">
            <summary>Quotas assigned to this project.</summary>
        </member>
        <member name="P:Google.Apis.Compute.v1beta12.Data.Project.SelfLink">
            <summary>Server defined URL for the resource (output only).</summary>
        </member>
        <member name="P:Google.Apis.Compute.v1beta12.Data.Project.QuotasData.Limit">
            <summary>Quota limit for this metric.</summary>
        </member>
        <member name="P:Google.Apis.Compute.v1beta12.Data.Project.QuotasData.Metric">
            <summary>Name of the quota metric.</summary>
        </member>
        <member name="P:Google.Apis.Compute.v1beta12.Data.Project.QuotasData.Usage">
            <summary>Current usage of this metric.</summary>
        </member>
        <member name="P:Google.Apis.Compute.v1beta12.Data.ServiceAccount.Email">
            <summary>Email address of the service account.</summary>
        </member>
        <member name="P:Google.Apis.Compute.v1beta12.Data.ServiceAccount.Kind">
            <summary>Type of the resource.</summary>
        </member>
        <member name="P:Google.Apis.Compute.v1beta12.Data.ServiceAccount.Scopes">
            <summary>The list of scopes to be made available for this service account.</summary>
        </member>
        <member name="P:Google.Apis.Compute.v1beta12.Data.Snapshot.CreationTimestamp">
            <summary>Creation timestamp in RFC3339 text format (output only).</summary>
        </member>
        <member name="P:Google.Apis.Compute.v1beta12.Data.Snapshot.Description">
            <summary>An optional textual description of the resource; provided by the client when the resource is created.</summary>
        </member>
        <member name="P:Google.Apis.Compute.v1beta12.Data.Snapshot.DiskSizeGb">
            <summary>Size of the persistent disk snapshot, specified in GB (output only).</summary>
        </member>
        <member name="P:Google.Apis.Compute.v1beta12.Data.Snapshot.Id">
            <summary>Unique identifier for the resource; defined by the server (output only).</summary>
        </member>
        <member name="P:Google.Apis.Compute.v1beta12.Data.Snapshot.Kind">
            <summary>Type of the resource.</summary>
        </member>
        <member name="P:Google.Apis.Compute.v1beta12.Data.Snapshot.Name">
            <summary>Name of the resource; provided by the client when the resource is created. The name must be 1-63 characters long, and comply with RFC1035.</summary>
        </member>
        <member name="P:Google.Apis.Compute.v1beta12.Data.Snapshot.SelfLink">
            <summary>Server defined URL for the resource (output only).</summary>
        </member>
        <member name="P:Google.Apis.Compute.v1beta12.Data.Snapshot.SourceDisk">
            <summary>The source disk used to create this snapshot. Once the source disk has been deleted from the system, this field will be cleared, and will not be set even if a disk with the same name has been re-created.</summary>
        </member>
        <member name="P:Google.Apis.Compute.v1beta12.Data.Snapshot.SourceDiskId">
            <summary>The &apos;id&apos; value of the disk used to create this snapshot. This value may be used to determine whether the snapshot was taken from the current or a previous instance of a given disk name.</summary>
        </member>
        <member name="P:Google.Apis.Compute.v1beta12.Data.Snapshot.Status">
            <summary>The status of the persistent disk snapshot (output only).</summary>
        </member>
        <member name="P:Google.Apis.Compute.v1beta12.Data.SnapshotList.Id">
            <summary>Unique identifier for the resource; defined by the server (output only).</summary>
        </member>
        <member name="P:Google.Apis.Compute.v1beta12.Data.SnapshotList.Items">
            <summary>The persistent snapshot resources.</summary>
        </member>
        <member name="P:Google.Apis.Compute.v1beta12.Data.SnapshotList.Kind">
            <summary>Type of resource.</summary>
        </member>
        <member name="P:Google.Apis.Compute.v1beta12.Data.SnapshotList.NextPageToken">
            <summary>A token used to continue a truncated list request.</summary>
        </member>
        <member name="P:Google.Apis.Compute.v1beta12.Data.SnapshotList.SelfLink">
            <summary>Server defined URL for this resource (output only).</summary>
        </member>
        <member name="P:Google.Apis.Compute.v1beta12.Data.Zone.AvailableMachineType">
            <summary>The machine types that can be used in this zone (output only).</summary>
        </member>
        <member name="P:Google.Apis.Compute.v1beta12.Data.Zone.CreationTimestamp">
            <summary>Creation timestamp in RFC3339 text format (output only).</summary>
        </member>
        <member name="P:Google.Apis.Compute.v1beta12.Data.Zone.Description">
            <summary>Textual description of the resource.</summary>
        </member>
        <member name="P:Google.Apis.Compute.v1beta12.Data.Zone.Id">
            <summary>Unique identifier for the resource; defined by the server (output only).</summary>
        </member>
        <member name="P:Google.Apis.Compute.v1beta12.Data.Zone.Kind">
            <summary>Type of the resource.</summary>
        </member>
        <member name="P:Google.Apis.Compute.v1beta12.Data.Zone.MaintenanceWindows">
            <summary>Scheduled maintenance windows for the zone. When the zone is in a maintenance window, all resources which reside in the zone will be unavailable.</summary>
        </member>
        <member name="P:Google.Apis.Compute.v1beta12.Data.Zone.Name">
            <summary>Name of the resource.</summary>
        </member>
        <member name="P:Google.Apis.Compute.v1beta12.Data.Zone.SelfLink">
            <summary>Server defined URL for the resource (output only).</summary>
        </member>
        <member name="P:Google.Apis.Compute.v1beta12.Data.Zone.Status">
            <summary>Status of the zone. &quot;UP&quot; or &quot;DOWN&quot;.</summary>
        </member>
        <member name="P:Google.Apis.Compute.v1beta12.Data.Zone.MaintenanceWindowsData.BeginTime">
            <summary>Begin time of the maintenance window, in RFC 3339 format.</summary>
        </member>
        <member name="P:Google.Apis.Compute.v1beta12.Data.Zone.MaintenanceWindowsData.Description">
            <summary>Textual description of the maintenance window.</summary>
        </member>
        <member name="P:Google.Apis.Compute.v1beta12.Data.Zone.MaintenanceWindowsData.EndTime">
            <summary>End time of the maintenance window, in RFC 3339 format.</summary>
        </member>
        <member name="P:Google.Apis.Compute.v1beta12.Data.Zone.MaintenanceWindowsData.Name">
            <summary>Name of the maintenance window.</summary>
        </member>
        <member name="P:Google.Apis.Compute.v1beta12.Data.ZoneList.Id">
            <summary>Unique identifier for the resource; defined by the server (output only).</summary>
        </member>
        <member name="P:Google.Apis.Compute.v1beta12.Data.ZoneList.Items">
            <summary>The zone resources.</summary>
        </member>
        <member name="P:Google.Apis.Compute.v1beta12.Data.ZoneList.Kind">
            <summary>Type of resource.</summary>
        </member>
        <member name="P:Google.Apis.Compute.v1beta12.Data.ZoneList.NextPageToken">
            <summary>A token used to continue a truncated list request.</summary>
        </member>
        <member name="P:Google.Apis.Compute.v1beta12.Data.ZoneList.SelfLink">
            <summary>Server defined URL for this resource (output only).</summary>
        </member>
        <member name="P:Google.Apis.Compute.v1beta12.ComputeService.Key">
            <summary>Sets the API-Key (or DeveloperKey) which this service uses for all requests</summary>
        </member>
        <member name="T:Google.Apis.Compute.v1beta12.ComputeService.Scopes">
            <summary>A list of all OAuth2.0 scopes. Each of these scopes relates to a permission or group of permissions that different methods of this API may need.</summary>
        </member>
        <member name="F:Google.Apis.Compute.v1beta12.ComputeService.Scopes.Compute">
            <summary>View and manage your Google Compute Engine resources</summary>
        </member>
        <member name="F:Google.Apis.Compute.v1beta12.ComputeService.Scopes.ComputeReadonly">
            <summary>View your Google Compute Engine resources</summary>
        </member>
        <member name="F:Google.Apis.Compute.v1beta12.ComputeService.Scopes.DevstorageRead_only">
            <summary>View your data in Google Cloud Storage</summary>
        </member>
        <member name="M:Google.Apis.Compute.v1beta12.DisksResource.Delete(System.String,System.String)">
            <summary>Deletes the specified persistent disk resource.</summary>
            <param name="project">Required - Name of the project scoping this request.</param>
            <param name="disk">Required - Name of the persistent disk resource to delete.</param>
        </member>
        <member name="M:Google.Apis.Compute.v1beta12.DisksResource.Get(System.String,System.String)">
            <summary>Returns the specified persistent disk resource.</summary>
            <param name="project">Required - Name of the project scoping this request.</param>
            <param name="disk">Required - Name of the persistent disk resource to return.</param>
        </member>
        <member name="M:Google.Apis.Compute.v1beta12.DisksResource.Insert(Google.Apis.Compute.v1beta12.Data.Disk,System.String)">
            <summary>Creates a persistent disk resource in the specified project using the data included in the request.</summary>
            <param name="project">Required - Name of the project scoping this request.</param>
        </member>
        <member name="M:Google.Apis.Compute.v1beta12.DisksResource.List(System.String)">
            <summary>Retrieves the list of persistent disk resources contained within the specified project.</summary>
            <param name="project">Required - Name of the project scoping this request.</param>
        </member>
        <member name="P:Google.Apis.Compute.v1beta12.DisksResource.DeleteRequest.Oauth_token">
            <summary>OAuth 2.0 token for the current user.</summary>
        </member>
        <member name="P:Google.Apis.Compute.v1beta12.DisksResource.DeleteRequest.PrettyPrint">
            <summary>Returns response with indentations and line breaks.</summary>
        </member>
        <member name="P:Google.Apis.Compute.v1beta12.DisksResource.DeleteRequest.Disk">
            <summary>Name of the persistent disk resource to delete.</summary>
        </member>
        <member name="P:Google.Apis.Compute.v1beta12.DisksResource.DeleteRequest.Project">
            <summary>Name of the project scoping this request.</summary>
        </member>
        <member name="P:Google.Apis.Compute.v1beta12.DisksResource.GetRequest.Oauth_token">
            <summary>OAuth 2.0 token for the current user.</summary>
        </member>
        <member name="P:Google.Apis.Compute.v1beta12.DisksResource.GetRequest.PrettyPrint">
            <summary>Returns response with indentations and line breaks.</summary>
        </member>
        <member name="P:Google.Apis.Compute.v1beta12.DisksResource.GetRequest.Disk">
            <summary>Name of the persistent disk resource to return.</summary>
        </member>
        <member name="P:Google.Apis.Compute.v1beta12.DisksResource.GetRequest.Project">
            <summary>Name of the project scoping this request.</summary>
        </member>
        <member name="P:Google.Apis.Compute.v1beta12.DisksResource.InsertRequest.Oauth_token">
            <summary>OAuth 2.0 token for the current user.</summary>
        </member>
        <member name="P:Google.Apis.Compute.v1beta12.DisksResource.InsertRequest.PrettyPrint">
            <summary>Returns response with indentations and line breaks.</summary>
        </member>
        <member name="P:Google.Apis.Compute.v1beta12.DisksResource.InsertRequest.Project">
            <summary>Name of the project scoping this request.</summary>
        </member>
        <member name="P:Google.Apis.Compute.v1beta12.DisksResource.InsertRequest.Body">
            <summary>Gets/Sets the Body of this Request.</summary>
        </member>
        <member name="P:Google.Apis.Compute.v1beta12.DisksResource.ListRequest.Oauth_token">
            <summary>OAuth 2.0 token for the current user.</summary>
        </member>
        <member name="P:Google.Apis.Compute.v1beta12.DisksResource.ListRequest.PrettyPrint">
            <summary>Returns response with indentations and line breaks.</summary>
        </member>
        <member name="P:Google.Apis.Compute.v1beta12.DisksResource.ListRequest.Filter">
            <summary>Optional. Filter expression for filtering listed resources.</summary>
        </member>
        <member name="P:Google.Apis.Compute.v1beta12.DisksResource.ListRequest.MaxResults">
            <summary>Optional. Maximum count of results to be returned. Maximum and default value is 100.</summary>
        </member>
        <member name="P:Google.Apis.Compute.v1beta12.DisksResource.ListRequest.PageToken">
            <summary>Optional. Tag returned by a previous list request truncated by maxResults. Used to continue a previous list request.</summary>
        </member>
        <member name="P:Google.Apis.Compute.v1beta12.DisksResource.ListRequest.Project">
            <summary>Name of the project scoping this request.</summary>
        </member>
        <member name="M:Google.Apis.Compute.v1beta12.FirewallsResource.Delete(System.String,System.String)">
            <summary>Deletes the specified firewall resource.</summary>
            <param name="project">Required - Name of the project scoping this request.</param>
            <param name="firewall">Required - Name of the firewall resource to delete.</param>
        </member>
        <member name="M:Google.Apis.Compute.v1beta12.FirewallsResource.Get(System.String,System.String)">
            <summary>Returns the specified firewall resource.</summary>
            <param name="project">Required - Name of the project scoping this request.</param>
            <param name="firewall">Required - Name of the firewall resource to return.</param>
        </member>
        <member name="M:Google.Apis.Compute.v1beta12.FirewallsResource.Insert(Google.Apis.Compute.v1beta12.Data.Firewall,System.String)">
            <summary>Creates a firewall resource in the specified project using the data included in the request.</summary>
            <param name="project">Required - Name of the project scoping this request.</param>
        </member>
        <member name="M:Google.Apis.Compute.v1beta12.FirewallsResource.List(System.String)">
            <summary>Retrieves the list of firewall resources available to the specified project.</summary>
            <param name="project">Required - Name of the project scoping this request.</param>
        </member>
        <member name="M:Google.Apis.Compute.v1beta12.FirewallsResource.Patch(Google.Apis.Compute.v1beta12.Data.Firewall,System.String,System.String)">
            <summary>Updates the specified firewall resource with the data included in the request. This method supports patch semantics.</summary>
            <param name="project">Required - Name of the project scoping this request.</param>
            <param name="firewall">Required - Name of the firewall resource to update.</param>
        </member>
        <member name="M:Google.Apis.Compute.v1beta12.FirewallsResource.Update(Google.Apis.Compute.v1beta12.Data.Firewall,System.String,System.String)">
            <summary>Updates the specified firewall resource with the data included in the request.</summary>
            <param name="project">Required - Name of the project scoping this request.</param>
            <param name="firewall">Required - Name of the firewall resource to update.</param>
        </member>
        <member name="P:Google.Apis.Compute.v1beta12.FirewallsResource.DeleteRequest.Oauth_token">
            <summary>OAuth 2.0 token for the current user.</summary>
        </member>
        <member name="P:Google.Apis.Compute.v1beta12.FirewallsResource.DeleteRequest.PrettyPrint">
            <summary>Returns response with indentations and line breaks.</summary>
        </member>
        <member name="P:Google.Apis.Compute.v1beta12.FirewallsResource.DeleteRequest.Firewall">
            <summary>Name of the firewall resource to delete.</summary>
        </member>
        <member name="P:Google.Apis.Compute.v1beta12.FirewallsResource.DeleteRequest.Project">
            <summary>Name of the project scoping this request.</summary>
        </member>
        <member name="P:Google.Apis.Compute.v1beta12.FirewallsResource.GetRequest.Oauth_token">
            <summary>OAuth 2.0 token for the current user.</summary>
        </member>
        <member name="P:Google.Apis.Compute.v1beta12.FirewallsResource.GetRequest.PrettyPrint">
            <summary>Returns response with indentations and line breaks.</summary>
        </member>
        <member name="P:Google.Apis.Compute.v1beta12.FirewallsResource.GetRequest.Firewall">
            <summary>Name of the firewall resource to return.</summary>
        </member>
        <member name="P:Google.Apis.Compute.v1beta12.FirewallsResource.GetRequest.Project">
            <summary>Name of the project scoping this request.</summary>
        </member>
        <member name="P:Google.Apis.Compute.v1beta12.FirewallsResource.InsertRequest.Oauth_token">
            <summary>OAuth 2.0 token for the current user.</summary>
        </member>
        <member name="P:Google.Apis.Compute.v1beta12.FirewallsResource.InsertRequest.PrettyPrint">
            <summary>Returns response with indentations and line breaks.</summary>
        </member>
        <member name="P:Google.Apis.Compute.v1beta12.FirewallsResource.InsertRequest.Project">
            <summary>Name of the project scoping this request.</summary>
        </member>
        <member name="P:Google.Apis.Compute.v1beta12.FirewallsResource.InsertRequest.Body">
            <summary>Gets/Sets the Body of this Request.</summary>
        </member>
        <member name="P:Google.Apis.Compute.v1beta12.FirewallsResource.ListRequest.Oauth_token">
            <summary>OAuth 2.0 token for the current user.</summary>
        </member>
        <member name="P:Google.Apis.Compute.v1beta12.FirewallsResource.ListRequest.PrettyPrint">
            <summary>Returns response with indentations and line breaks.</summary>
        </member>
        <member name="P:Google.Apis.Compute.v1beta12.FirewallsResource.ListRequest.Filter">
            <summary>Optional. Filter expression for filtering listed resources.</summary>
        </member>
        <member name="P:Google.Apis.Compute.v1beta12.FirewallsResource.ListRequest.MaxResults">
            <summary>Optional. Maximum count of results to be returned. Maximum and default value is 100.</summary>
        </member>
        <member name="P:Google.Apis.Compute.v1beta12.FirewallsResource.ListRequest.PageToken">
            <summary>Optional. Tag returned by a previous list request truncated by maxResults. Used to continue a previous list request.</summary>
        </member>
        <member name="P:Google.Apis.Compute.v1beta12.FirewallsResource.ListRequest.Project">
            <summary>Name of the project scoping this request.</summary>
        </member>
        <member name="P:Google.Apis.Compute.v1beta12.FirewallsResource.PatchRequest.Oauth_token">
            <summary>OAuth 2.0 token for the current user.</summary>
        </member>
        <member name="P:Google.Apis.Compute.v1beta12.FirewallsResource.PatchRequest.PrettyPrint">
            <summary>Returns response with indentations and line breaks.</summary>
        </member>
        <member name="P:Google.Apis.Compute.v1beta12.FirewallsResource.PatchRequest.Firewall">
            <summary>Name of the firewall resource to update.</summary>
        </member>
        <member name="P:Google.Apis.Compute.v1beta12.FirewallsResource.PatchRequest.Project">
            <summary>Name of the project scoping this request.</summary>
        </member>
        <member name="P:Google.Apis.Compute.v1beta12.FirewallsResource.PatchRequest.Body">
            <summary>Gets/Sets the Body of this Request.</summary>
        </member>
        <member name="P:Google.Apis.Compute.v1beta12.FirewallsResource.UpdateRequest.Oauth_token">
            <summary>OAuth 2.0 token for the current user.</summary>
        </member>
        <member name="P:Google.Apis.Compute.v1beta12.FirewallsResource.UpdateRequest.PrettyPrint">
            <summary>Returns response with indentations and line breaks.</summary>
        </member>
        <member name="P:Google.Apis.Compute.v1beta12.FirewallsResource.UpdateRequest.Firewall">
            <summary>Name of the firewall resource to update.</summary>
        </member>
        <member name="P:Google.Apis.Compute.v1beta12.FirewallsResource.UpdateRequest.Project">
            <summary>Name of the project scoping this request.</summary>
        </member>
        <member name="P:Google.Apis.Compute.v1beta12.FirewallsResource.UpdateRequest.Body">
            <summary>Gets/Sets the Body of this Request.</summary>
        </member>
        <member name="M:Google.Apis.Compute.v1beta12.ImagesResource.Delete(System.String,System.String)">
            <summary>Deletes the specified image resource.</summary>
            <param name="project">Required - Name of the project scoping this request.</param>
            <param name="image">Required - Name of the image resource to delete.</param>
        </member>
        <member name="M:Google.Apis.Compute.v1beta12.ImagesResource.Get(System.String,System.String)">
            <summary>Returns the specified image resource.</summary>
            <param name="project">Required - Name of the project scoping this request.</param>
            <param name="image">Required - Name of the image resource to return.</param>
        </member>
        <member name="M:Google.Apis.Compute.v1beta12.ImagesResource.Insert(Google.Apis.Compute.v1beta12.Data.Image,System.String)">
            <summary>Creates an image resource in the specified project using the data included in the request.</summary>
            <param name="project">Required - Name of the project scoping this request.</param>
        </member>
        <member name="M:Google.Apis.Compute.v1beta12.ImagesResource.List(System.String)">
            <summary>Retrieves the list of image resources available to the specified project.</summary>
            <param name="project">Required - Name of the project scoping this request.</param>
        </member>
        <member name="P:Google.Apis.Compute.v1beta12.ImagesResource.DeleteRequest.Oauth_token">
            <summary>OAuth 2.0 token for the current user.</summary>
        </member>
        <member name="P:Google.Apis.Compute.v1beta12.ImagesResource.DeleteRequest.PrettyPrint">
            <summary>Returns response with indentations and line breaks.</summary>
        </member>
        <member name="P:Google.Apis.Compute.v1beta12.ImagesResource.DeleteRequest.Image">
            <summary>Name of the image resource to delete.</summary>
        </member>
        <member name="P:Google.Apis.Compute.v1beta12.ImagesResource.DeleteRequest.Project">
            <summary>Name of the project scoping this request.</summary>
        </member>
        <member name="P:Google.Apis.Compute.v1beta12.ImagesResource.GetRequest.Oauth_token">
            <summary>OAuth 2.0 token for the current user.</summary>
        </member>
        <member name="P:Google.Apis.Compute.v1beta12.ImagesResource.GetRequest.PrettyPrint">
            <summary>Returns response with indentations and line breaks.</summary>
        </member>
        <member name="P:Google.Apis.Compute.v1beta12.ImagesResource.GetRequest.Image">
            <summary>Name of the image resource to return.</summary>
        </member>
        <member name="P:Google.Apis.Compute.v1beta12.ImagesResource.GetRequest.Project">
            <summary>Name of the project scoping this request.</summary>
        </member>
        <member name="P:Google.Apis.Compute.v1beta12.ImagesResource.InsertRequest.Oauth_token">
            <summary>OAuth 2.0 token for the current user.</summary>
        </member>
        <member name="P:Google.Apis.Compute.v1beta12.ImagesResource.InsertRequest.PrettyPrint">
            <summary>Returns response with indentations and line breaks.</summary>
        </member>
        <member name="P:Google.Apis.Compute.v1beta12.ImagesResource.InsertRequest.Project">
            <summary>Name of the project scoping this request.</summary>
        </member>
        <member name="P:Google.Apis.Compute.v1beta12.ImagesResource.InsertRequest.Body">
            <summary>Gets/Sets the Body of this Request.</summary>
        </member>
        <member name="P:Google.Apis.Compute.v1beta12.ImagesResource.ListRequest.Oauth_token">
            <summary>OAuth 2.0 token for the current user.</summary>
        </member>
        <member name="P:Google.Apis.Compute.v1beta12.ImagesResource.ListRequest.PrettyPrint">
            <summary>Returns response with indentations and line breaks.</summary>
        </member>
        <member name="P:Google.Apis.Compute.v1beta12.ImagesResource.ListRequest.Filter">
            <summary>Optional. Filter expression for filtering listed resources.</summary>
        </member>
        <member name="P:Google.Apis.Compute.v1beta12.ImagesResource.ListRequest.MaxResults">
            <summary>Optional. Maximum count of results to be returned. Maximum and default value is 100.</summary>
        </member>
        <member name="P:Google.Apis.Compute.v1beta12.ImagesResource.ListRequest.PageToken">
            <summary>Optional. Tag returned by a previous list request truncated by maxResults. Used to continue a previous list request.</summary>
        </member>
        <member name="P:Google.Apis.Compute.v1beta12.ImagesResource.ListRequest.Project">
            <summary>Name of the project scoping this request.</summary>
        </member>
        <member name="M:Google.Apis.Compute.v1beta12.InstancesResource.AddAccessConfig(Google.Apis.Compute.v1beta12.Data.AccessConfig,System.String,System.String,System.String)">
            <summary>Adds an access config to an instance&apos;s network interface.</summary>
            <param name="project">Required - Project name.</param>
            <param name="instance">Required - Instance name.</param>
            <param name="network_interface">Required - Network interface name.</param>
        </member>
        <member name="M:Google.Apis.Compute.v1beta12.InstancesResource.Delete(System.String,System.String)">
            <summary>Deletes the specified instance resource.</summary>
            <param name="project">Required - Name of the project scoping this request.</param>
            <param name="instance">Required - Name of the instance resource to delete.</param>
        </member>
        <member name="M:Google.Apis.Compute.v1beta12.InstancesResource.DeleteAccessConfig(System.String,System.String,System.String,System.String)">
            <summary>Deletes an access config from an instance&apos;s network interface.</summary>
            <param name="project">Required - Project name.</param>
            <param name="instance">Required - Instance name.</param>
            <param name="access_config">Required - Access config name.</param>
            <param name="network_interface">Required - Network interface name.</param>
        </member>
        <member name="M:Google.Apis.Compute.v1beta12.InstancesResource.Get(System.String,System.String)">
            <summary>Returns the specified instance resource.</summary>
            <param name="project">Required - Name of the project scoping this request.</param>
            <param name="instance">Required - Name of the instance resource to return.</param>
        </member>
        <member name="M:Google.Apis.Compute.v1beta12.InstancesResource.Insert(Google.Apis.Compute.v1beta12.Data.Instance,System.String)">
            <summary>Creates an instance resource in the specified project using the data included in the request.</summary>
            <param name="project">Required - Name of the project scoping this request.</param>
        </member>
        <member name="M:Google.Apis.Compute.v1beta12.InstancesResource.List(System.String)">
            <summary>Retrieves the list of instance resources contained within the specified project.</summary>
            <param name="project">Required - Name of the project scoping this request.</param>
        </member>
        <member name="P:Google.Apis.Compute.v1beta12.InstancesResource.AddAccessConfigRequest.Oauth_token">
            <summary>OAuth 2.0 token for the current user.</summary>
        </member>
        <member name="P:Google.Apis.Compute.v1beta12.InstancesResource.AddAccessConfigRequest.PrettyPrint">
            <summary>Returns response with indentations and line breaks.</summary>
        </member>
        <member name="P:Google.Apis.Compute.v1beta12.InstancesResource.AddAccessConfigRequest.Instance">
            <summary>Instance name.</summary>
        </member>
        <member name="P:Google.Apis.Compute.v1beta12.InstancesResource.AddAccessConfigRequest.Network_interface">
            <summary>Network interface name.</summary>
        </member>
        <member name="P:Google.Apis.Compute.v1beta12.InstancesResource.AddAccessConfigRequest.Project">
            <summary>Project name.</summary>
        </member>
        <member name="P:Google.Apis.Compute.v1beta12.InstancesResource.AddAccessConfigRequest.Body">
            <summary>Gets/Sets the Body of this Request.</summary>
        </member>
        <member name="P:Google.Apis.Compute.v1beta12.InstancesResource.DeleteRequest.Oauth_token">
            <summary>OAuth 2.0 token for the current user.</summary>
        </member>
        <member name="P:Google.Apis.Compute.v1beta12.InstancesResource.DeleteRequest.PrettyPrint">
            <summary>Returns response with indentations and line breaks.</summary>
        </member>
        <member name="P:Google.Apis.Compute.v1beta12.InstancesResource.DeleteRequest.Instance">
            <summary>Name of the instance resource to delete.</summary>
        </member>
        <member name="P:Google.Apis.Compute.v1beta12.InstancesResource.DeleteRequest.Project">
            <summary>Name of the project scoping this request.</summary>
        </member>
        <member name="P:Google.Apis.Compute.v1beta12.InstancesResource.DeleteAccessConfigRequest.Oauth_token">
            <summary>OAuth 2.0 token for the current user.</summary>
        </member>
        <member name="P:Google.Apis.Compute.v1beta12.InstancesResource.DeleteAccessConfigRequest.PrettyPrint">
            <summary>Returns response with indentations and line breaks.</summary>
        </member>
        <member name="P:Google.Apis.Compute.v1beta12.InstancesResource.DeleteAccessConfigRequest.Access_config">
            <summary>Access config name.</summary>
        </member>
        <member name="P:Google.Apis.Compute.v1beta12.InstancesResource.DeleteAccessConfigRequest.Instance">
            <summary>Instance name.</summary>
        </member>
        <member name="P:Google.Apis.Compute.v1beta12.InstancesResource.DeleteAccessConfigRequest.Network_interface">
            <summary>Network interface name.</summary>
        </member>
        <member name="P:Google.Apis.Compute.v1beta12.InstancesResource.DeleteAccessConfigRequest.Project">
            <summary>Project name.</summary>
        </member>
        <member name="P:Google.Apis.Compute.v1beta12.InstancesResource.GetRequest.Oauth_token">
            <summary>OAuth 2.0 token for the current user.</summary>
        </member>
        <member name="P:Google.Apis.Compute.v1beta12.InstancesResource.GetRequest.PrettyPrint">
            <summary>Returns response with indentations and line breaks.</summary>
        </member>
        <member name="P:Google.Apis.Compute.v1beta12.InstancesResource.GetRequest.Instance">
            <summary>Name of the instance resource to return.</summary>
        </member>
        <member name="P:Google.Apis.Compute.v1beta12.InstancesResource.GetRequest.Project">
            <summary>Name of the project scoping this request.</summary>
        </member>
        <member name="P:Google.Apis.Compute.v1beta12.InstancesResource.InsertRequest.Oauth_token">
            <summary>OAuth 2.0 token for the current user.</summary>
        </member>
        <member name="P:Google.Apis.Compute.v1beta12.InstancesResource.InsertRequest.PrettyPrint">
            <summary>Returns response with indentations and line breaks.</summary>
        </member>
        <member name="P:Google.Apis.Compute.v1beta12.InstancesResource.InsertRequest.Project">
            <summary>Name of the project scoping this request.</summary>
        </member>
        <member name="P:Google.Apis.Compute.v1beta12.InstancesResource.InsertRequest.Body">
            <summary>Gets/Sets the Body of this Request.</summary>
        </member>
        <member name="P:Google.Apis.Compute.v1beta12.InstancesResource.ListRequest.Oauth_token">
            <summary>OAuth 2.0 token for the current user.</summary>
        </member>
        <member name="P:Google.Apis.Compute.v1beta12.InstancesResource.ListRequest.PrettyPrint">
            <summary>Returns response with indentations and line breaks.</summary>
        </member>
        <member name="P:Google.Apis.Compute.v1beta12.InstancesResource.ListRequest.Filter">
            <summary>Optional. Filter expression for filtering listed resources.</summary>
        </member>
        <member name="P:Google.Apis.Compute.v1beta12.InstancesResource.ListRequest.MaxResults">
            <summary>Optional. Maximum count of results to be returned. Maximum and default value is 100.</summary>
        </member>
        <member name="P:Google.Apis.Compute.v1beta12.InstancesResource.ListRequest.PageToken">
            <summary>Optional. Tag returned by a previous list request truncated by maxResults. Used to continue a previous list request.</summary>
        </member>
        <member name="P:Google.Apis.Compute.v1beta12.InstancesResource.ListRequest.Project">
            <summary>Name of the project scoping this request.</summary>
        </member>
        <member name="M:Google.Apis.Compute.v1beta12.KernelsResource.Get(System.String,System.String)">
            <summary>Returns the specified kernel resource.</summary>
            <param name="project">Required - Name of the project scoping this request.</param>
            <param name="kernel">Required - Name of the kernel resource to return.</param>
        </member>
        <member name="M:Google.Apis.Compute.v1beta12.KernelsResource.List(System.String)">
            <summary>Retrieves the list of kernel resources available to the specified project.</summary>
            <param name="project">Required - Name of the project scoping this request.</param>
        </member>
        <member name="P:Google.Apis.Compute.v1beta12.KernelsResource.GetRequest.Oauth_token">
            <summary>OAuth 2.0 token for the current user.</summary>
        </member>
        <member name="P:Google.Apis.Compute.v1beta12.KernelsResource.GetRequest.PrettyPrint">
            <summary>Returns response with indentations and line breaks.</summary>
        </member>
        <member name="P:Google.Apis.Compute.v1beta12.KernelsResource.GetRequest.Kernel">
            <summary>Name of the kernel resource to return.</summary>
        </member>
        <member name="P:Google.Apis.Compute.v1beta12.KernelsResource.GetRequest.Project">
            <summary>Name of the project scoping this request.</summary>
        </member>
        <member name="P:Google.Apis.Compute.v1beta12.KernelsResource.ListRequest.Oauth_token">
            <summary>OAuth 2.0 token for the current user.</summary>
        </member>
        <member name="P:Google.Apis.Compute.v1beta12.KernelsResource.ListRequest.PrettyPrint">
            <summary>Returns response with indentations and line breaks.</summary>
        </member>
        <member name="P:Google.Apis.Compute.v1beta12.KernelsResource.ListRequest.Filter">
            <summary>Optional. Filter expression for filtering listed resources.</summary>
        </member>
        <member name="P:Google.Apis.Compute.v1beta12.KernelsResource.ListRequest.MaxResults">
            <summary>Optional. Maximum count of results to be returned. Maximum and default value is 100.</summary>
        </member>
        <member name="P:Google.Apis.Compute.v1beta12.KernelsResource.ListRequest.PageToken">
            <summary>Optional. Tag returned by a previous list request truncated by maxResults. Used to continue a previous list request.</summary>
        </member>
        <member name="P:Google.Apis.Compute.v1beta12.KernelsResource.ListRequest.Project">
            <summary>Name of the project scoping this request.</summary>
        </member>
        <member name="M:Google.Apis.Compute.v1beta12.MachineTypesResource.Get(System.String,System.String)">
            <summary>Returns the specified machine type resource.</summary>
            <param name="project">Required - Name of the project scoping this request.</param>
            <param name="machineType">Required - Name of the machine type resource to return.</param>
        </member>
        <member name="M:Google.Apis.Compute.v1beta12.MachineTypesResource.List(System.String)">
            <summary>Retrieves the list of machine type resources available to the specified project.</summary>
            <param name="project">Required - Name of the project scoping this request.</param>
        </member>
        <member name="P:Google.Apis.Compute.v1beta12.MachineTypesResource.GetRequest.Oauth_token">
            <summary>OAuth 2.0 token for the current user.</summary>
        </member>
        <member name="P:Google.Apis.Compute.v1beta12.MachineTypesResource.GetRequest.PrettyPrint">
            <summary>Returns response with indentations and line breaks.</summary>
        </member>
        <member name="P:Google.Apis.Compute.v1beta12.MachineTypesResource.GetRequest.MachineType">
            <summary>Name of the machine type resource to return.</summary>
        </member>
        <member name="P:Google.Apis.Compute.v1beta12.MachineTypesResource.GetRequest.Project">
            <summary>Name of the project scoping this request.</summary>
        </member>
        <member name="P:Google.Apis.Compute.v1beta12.MachineTypesResource.ListRequest.Oauth_token">
            <summary>OAuth 2.0 token for the current user.</summary>
        </member>
        <member name="P:Google.Apis.Compute.v1beta12.MachineTypesResource.ListRequest.PrettyPrint">
            <summary>Returns response with indentations and line breaks.</summary>
        </member>
        <member name="P:Google.Apis.Compute.v1beta12.MachineTypesResource.ListRequest.Filter">
            <summary>Optional. Filter expression for filtering listed resources.</summary>
        </member>
        <member name="P:Google.Apis.Compute.v1beta12.MachineTypesResource.ListRequest.MaxResults">
            <summary>Optional. Maximum count of results to be returned. Maximum and default value is 100.</summary>
        </member>
        <member name="P:Google.Apis.Compute.v1beta12.MachineTypesResource.ListRequest.PageToken">
            <summary>Optional. Tag returned by a previous list request truncated by maxResults. Used to continue a previous list request.</summary>
        </member>
        <member name="P:Google.Apis.Compute.v1beta12.MachineTypesResource.ListRequest.Project">
            <summary>Name of the project scoping this request.</summary>
        </member>
        <member name="M:Google.Apis.Compute.v1beta12.NetworksResource.Delete(System.String,System.String)">
            <summary>Deletes the specified network resource.</summary>
            <param name="project">Required - Name of the project scoping this request.</param>
            <param name="network">Required - Name of the network resource to delete.</param>
        </member>
        <member name="M:Google.Apis.Compute.v1beta12.NetworksResource.Get(System.String,System.String)">
            <summary>Returns the specified network resource.</summary>
            <param name="project">Required - Name of the project scoping this request.</param>
            <param name="network">Required - Name of the network resource to return.</param>
        </member>
        <member name="M:Google.Apis.Compute.v1beta12.NetworksResource.Insert(Google.Apis.Compute.v1beta12.Data.Network,System.String)">
            <summary>Creates a network resource in the specified project using the data included in the request.</summary>
            <param name="project">Required - Name of the project scoping this request.</param>
        </member>
        <member name="M:Google.Apis.Compute.v1beta12.NetworksResource.List(System.String)">
            <summary>Retrieves the list of network resources available to the specified project.</summary>
            <param name="project">Required - Name of the project scoping this request.</param>
        </member>
        <member name="P:Google.Apis.Compute.v1beta12.NetworksResource.DeleteRequest.Oauth_token">
            <summary>OAuth 2.0 token for the current user.</summary>
        </member>
        <member name="P:Google.Apis.Compute.v1beta12.NetworksResource.DeleteRequest.PrettyPrint">
            <summary>Returns response with indentations and line breaks.</summary>
        </member>
        <member name="P:Google.Apis.Compute.v1beta12.NetworksResource.DeleteRequest.Network">
            <summary>Name of the network resource to delete.</summary>
        </member>
        <member name="P:Google.Apis.Compute.v1beta12.NetworksResource.DeleteRequest.Project">
            <summary>Name of the project scoping this request.</summary>
        </member>
        <member name="P:Google.Apis.Compute.v1beta12.NetworksResource.GetRequest.Oauth_token">
            <summary>OAuth 2.0 token for the current user.</summary>
        </member>
        <member name="P:Google.Apis.Compute.v1beta12.NetworksResource.GetRequest.PrettyPrint">
            <summary>Returns response with indentations and line breaks.</summary>
        </member>
        <member name="P:Google.Apis.Compute.v1beta12.NetworksResource.GetRequest.Network">
            <summary>Name of the network resource to return.</summary>
        </member>
        <member name="P:Google.Apis.Compute.v1beta12.NetworksResource.GetRequest.Project">
            <summary>Name of the project scoping this request.</summary>
        </member>
        <member name="P:Google.Apis.Compute.v1beta12.NetworksResource.InsertRequest.Oauth_token">
            <summary>OAuth 2.0 token for the current user.</summary>
        </member>
        <member name="P:Google.Apis.Compute.v1beta12.NetworksResource.InsertRequest.PrettyPrint">
            <summary>Returns response with indentations and line breaks.</summary>
        </member>
        <member name="P:Google.Apis.Compute.v1beta12.NetworksResource.InsertRequest.Project">
            <summary>Name of the project scoping this request.</summary>
        </member>
        <member name="P:Google.Apis.Compute.v1beta12.NetworksResource.InsertRequest.Body">
            <summary>Gets/Sets the Body of this Request.</summary>
        </member>
        <member name="P:Google.Apis.Compute.v1beta12.NetworksResource.ListRequest.Oauth_token">
            <summary>OAuth 2.0 token for the current user.</summary>
        </member>
        <member name="P:Google.Apis.Compute.v1beta12.NetworksResource.ListRequest.PrettyPrint">
            <summary>Returns response with indentations and line breaks.</summary>
        </member>
        <member name="P:Google.Apis.Compute.v1beta12.NetworksResource.ListRequest.Filter">
            <summary>Optional. Filter expression for filtering listed resources.</summary>
        </member>
        <member name="P:Google.Apis.Compute.v1beta12.NetworksResource.ListRequest.MaxResults">
            <summary>Optional. Maximum count of results to be returned. Maximum and default value is 100.</summary>
        </member>
        <member name="P:Google.Apis.Compute.v1beta12.NetworksResource.ListRequest.PageToken">
            <summary>Optional. Tag returned by a previous list request truncated by maxResults. Used to continue a previous list request.</summary>
        </member>
        <member name="P:Google.Apis.Compute.v1beta12.NetworksResource.ListRequest.Project">
            <summary>Name of the project scoping this request.</summary>
        </member>
        <member name="M:Google.Apis.Compute.v1beta12.OperationsResource.Delete(System.String,System.String)">
            <summary>Deletes the specified operation resource.</summary>
            <param name="project">Required - Name of the project scoping this request.</param>
            <param name="operation">Required - Name of the operation resource to delete.</param>
        </member>
        <member name="M:Google.Apis.Compute.v1beta12.OperationsResource.Get(System.String,System.String)">
            <summary>Retrieves the specified operation resource.</summary>
            <param name="project">Required - Name of the project scoping this request.</param>
            <param name="operation">Required - Name of the operation resource to return.</param>
        </member>
        <member name="M:Google.Apis.Compute.v1beta12.OperationsResource.List(System.String)">
            <summary>Retrieves the list of operation resources contained within the specified project.</summary>
            <param name="project">Required - Name of the project scoping this request.</param>
        </member>
        <member name="P:Google.Apis.Compute.v1beta12.OperationsResource.DeleteRequest.Oauth_token">
            <summary>OAuth 2.0 token for the current user.</summary>
        </member>
        <member name="P:Google.Apis.Compute.v1beta12.OperationsResource.DeleteRequest.PrettyPrint">
            <summary>Returns response with indentations and line breaks.</summary>
        </member>
        <member name="P:Google.Apis.Compute.v1beta12.OperationsResource.DeleteRequest.Operation">
            <summary>Name of the operation resource to delete.</summary>
        </member>
        <member name="P:Google.Apis.Compute.v1beta12.OperationsResource.DeleteRequest.Project">
            <summary>Name of the project scoping this request.</summary>
        </member>
        <member name="P:Google.Apis.Compute.v1beta12.OperationsResource.GetRequest.Oauth_token">
            <summary>OAuth 2.0 token for the current user.</summary>
        </member>
        <member name="P:Google.Apis.Compute.v1beta12.OperationsResource.GetRequest.PrettyPrint">
            <summary>Returns response with indentations and line breaks.</summary>
        </member>
        <member name="P:Google.Apis.Compute.v1beta12.OperationsResource.GetRequest.Operation">
            <summary>Name of the operation resource to return.</summary>
        </member>
        <member name="P:Google.Apis.Compute.v1beta12.OperationsResource.GetRequest.Project">
            <summary>Name of the project scoping this request.</summary>
        </member>
        <member name="P:Google.Apis.Compute.v1beta12.OperationsResource.ListRequest.Oauth_token">
            <summary>OAuth 2.0 token for the current user.</summary>
        </member>
        <member name="P:Google.Apis.Compute.v1beta12.OperationsResource.ListRequest.PrettyPrint">
            <summary>Returns response with indentations and line breaks.</summary>
        </member>
        <member name="P:Google.Apis.Compute.v1beta12.OperationsResource.ListRequest.Filter">
            <summary>Optional. Filter expression for filtering listed resources.</summary>
        </member>
        <member name="P:Google.Apis.Compute.v1beta12.OperationsResource.ListRequest.MaxResults">
            <summary>Optional. Maximum count of results to be returned. Maximum and default value is 100.</summary>
        </member>
        <member name="P:Google.Apis.Compute.v1beta12.OperationsResource.ListRequest.PageToken">
            <summary>Optional. Tag returned by a previous list request truncated by maxResults. Used to continue a previous list request.</summary>
        </member>
        <member name="P:Google.Apis.Compute.v1beta12.OperationsResource.ListRequest.Project">
            <summary>Name of the project scoping this request.</summary>
        </member>
        <member name="M:Google.Apis.Compute.v1beta12.ProjectsResource.Get(System.String)">
            <summary>Returns the specified project resource.</summary>
            <param name="project">Required - Name of the project resource to retrieve.</param>
        </member>
        <member name="M:Google.Apis.Compute.v1beta12.ProjectsResource.SetCommonInstanceMetadata(Google.Apis.Compute.v1beta12.Data.Metadata,System.String)">
            <summary>Sets metadata common to all instances within the specified project using the data included in the request.</summary>
            <param name="project">Required - Name of the project scoping this request.</param>
        </member>
        <member name="P:Google.Apis.Compute.v1beta12.ProjectsResource.GetRequest.Oauth_token">
            <summary>OAuth 2.0 token for the current user.</summary>
        </member>
        <member name="P:Google.Apis.Compute.v1beta12.ProjectsResource.GetRequest.PrettyPrint">
            <summary>Returns response with indentations and line breaks.</summary>
        </member>
        <member name="P:Google.Apis.Compute.v1beta12.ProjectsResource.GetRequest.Project">
            <summary>Name of the project resource to retrieve.</summary>
        </member>
        <member name="P:Google.Apis.Compute.v1beta12.ProjectsResource.SetCommonInstanceMetadataRequest.Oauth_token">
            <summary>OAuth 2.0 token for the current user.</summary>
        </member>
        <member name="P:Google.Apis.Compute.v1beta12.ProjectsResource.SetCommonInstanceMetadataRequest.PrettyPrint">
            <summary>Returns response with indentations and line breaks.</summary>
        </member>
        <member name="P:Google.Apis.Compute.v1beta12.ProjectsResource.SetCommonInstanceMetadataRequest.Project">
            <summary>Name of the project scoping this request.</summary>
        </member>
        <member name="P:Google.Apis.Compute.v1beta12.ProjectsResource.SetCommonInstanceMetadataRequest.Body">
            <summary>Gets/Sets the Body of this Request.</summary>
        </member>
        <member name="M:Google.Apis.Compute.v1beta12.SnapshotsResource.Delete(System.String,System.String)">
            <summary>Deletes the specified persistent disk snapshot resource.</summary>
            <param name="project">Required - Name of the project scoping this request.</param>
            <param name="snapshot">Required - Name of the persistent disk snapshot resource to delete.</param>
        </member>
        <member name="M:Google.Apis.Compute.v1beta12.SnapshotsResource.Get(System.String,System.String)">
            <summary>Returns the specified persistent disk snapshot resource.</summary>
            <param name="project">Required - Name of the project scoping this request.</param>
            <param name="snapshot">Required - Name of the persistent disk snapshot resource to return.</param>
        </member>
        <member name="M:Google.Apis.Compute.v1beta12.SnapshotsResource.Insert(Google.Apis.Compute.v1beta12.Data.Snapshot,System.String)">
            <summary>Creates a persistent disk snapshot resource in the specified project using the data included in the request.</summary>
            <param name="project">Required - Name of the project scoping this request.</param>
        </member>
        <member name="M:Google.Apis.Compute.v1beta12.SnapshotsResource.List(System.String)">
            <summary>Retrieves the list of persistent disk snapshot resources contained within the specified project.</summary>
            <param name="project">Required - Name of the project scoping this request.</param>
        </member>
        <member name="P:Google.Apis.Compute.v1beta12.SnapshotsResource.DeleteRequest.Oauth_token">
            <summary>OAuth 2.0 token for the current user.</summary>
        </member>
        <member name="P:Google.Apis.Compute.v1beta12.SnapshotsResource.DeleteRequest.PrettyPrint">
            <summary>Returns response with indentations and line breaks.</summary>
        </member>
        <member name="P:Google.Apis.Compute.v1beta12.SnapshotsResource.DeleteRequest.Project">
            <summary>Name of the project scoping this request.</summary>
        </member>
        <member name="P:Google.Apis.Compute.v1beta12.SnapshotsResource.DeleteRequest.Snapshot">
            <summary>Name of the persistent disk snapshot resource to delete.</summary>
        </member>
        <member name="P:Google.Apis.Compute.v1beta12.SnapshotsResource.GetRequest.Oauth_token">
            <summary>OAuth 2.0 token for the current user.</summary>
        </member>
        <member name="P:Google.Apis.Compute.v1beta12.SnapshotsResource.GetRequest.PrettyPrint">
            <summary>Returns response with indentations and line breaks.</summary>
        </member>
        <member name="P:Google.Apis.Compute.v1beta12.SnapshotsResource.GetRequest.Project">
            <summary>Name of the project scoping this request.</summary>
        </member>
        <member name="P:Google.Apis.Compute.v1beta12.SnapshotsResource.GetRequest.Snapshot">
            <summary>Name of the persistent disk snapshot resource to return.</summary>
        </member>
        <member name="P:Google.Apis.Compute.v1beta12.SnapshotsResource.InsertRequest.Oauth_token">
            <summary>OAuth 2.0 token for the current user.</summary>
        </member>
        <member name="P:Google.Apis.Compute.v1beta12.SnapshotsResource.InsertRequest.PrettyPrint">
            <summary>Returns response with indentations and line breaks.</summary>
        </member>
        <member name="P:Google.Apis.Compute.v1beta12.SnapshotsResource.InsertRequest.Project">
            <summary>Name of the project scoping this request.</summary>
        </member>
        <member name="P:Google.Apis.Compute.v1beta12.SnapshotsResource.InsertRequest.Body">
            <summary>Gets/Sets the Body of this Request.</summary>
        </member>
        <member name="P:Google.Apis.Compute.v1beta12.SnapshotsResource.ListRequest.Oauth_token">
            <summary>OAuth 2.0 token for the current user.</summary>
        </member>
        <member name="P:Google.Apis.Compute.v1beta12.SnapshotsResource.ListRequest.PrettyPrint">
            <summary>Returns response with indentations and line breaks.</summary>
        </member>
        <member name="P:Google.Apis.Compute.v1beta12.SnapshotsResource.ListRequest.Filter">
            <summary>Optional. Filter expression for filtering listed resources.</summary>
        </member>
        <member name="P:Google.Apis.Compute.v1beta12.SnapshotsResource.ListRequest.MaxResults">
            <summary>Optional. Maximum count of results to be returned. Maximum and default value is 100.</summary>
        </member>
        <member name="P:Google.Apis.Compute.v1beta12.SnapshotsResource.ListRequest.PageToken">
            <summary>Optional. Tag returned by a previous list request truncated by maxResults. Used to continue a previous list request.</summary>
        </member>
        <member name="P:Google.Apis.Compute.v1beta12.SnapshotsResource.ListRequest.Project">
            <summary>Name of the project scoping this request.</summary>
        </member>
        <member name="M:Google.Apis.Compute.v1beta12.ZonesResource.Get(System.String,System.String)">
            <summary>Returns the specified zone resource.</summary>
            <param name="project">Required - Name of the project scoping this request.</param>
            <param name="zone">Required - Name of the zone resource to return.</param>
        </member>
        <member name="M:Google.Apis.Compute.v1beta12.ZonesResource.List(System.String)">
            <summary>Retrieves the list of zone resources available to the specified project.</summary>
            <param name="project">Required - Name of the project scoping this request.</param>
        </member>
        <member name="P:Google.Apis.Compute.v1beta12.ZonesResource.GetRequest.Oauth_token">
            <summary>OAuth 2.0 token for the current user.</summary>
        </member>
        <member name="P:Google.Apis.Compute.v1beta12.ZonesResource.GetRequest.PrettyPrint">
            <summary>Returns response with indentations and line breaks.</summary>
        </member>
        <member name="P:Google.Apis.Compute.v1beta12.ZonesResource.GetRequest.Project">
            <summary>Name of the project scoping this request.</summary>
        </member>
        <member name="P:Google.Apis.Compute.v1beta12.ZonesResource.GetRequest.Zone">
            <summary>Name of the zone resource to return.</summary>
        </member>
        <member name="P:Google.Apis.Compute.v1beta12.ZonesResource.ListRequest.Oauth_token">
            <summary>OAuth 2.0 token for the current user.</summary>
        </member>
        <member name="P:Google.Apis.Compute.v1beta12.ZonesResource.ListRequest.PrettyPrint">
            <summary>Returns response with indentations and line breaks.</summary>
        </member>
        <member name="P:Google.Apis.Compute.v1beta12.ZonesResource.ListRequest.Filter">
            <summary>Optional. Filter expression for filtering listed resources.</summary>
        </member>
        <member name="P:Google.Apis.Compute.v1beta12.ZonesResource.ListRequest.MaxResults">
            <summary>Optional. Maximum count of results to be returned. Maximum and default value is 100.</summary>
        </member>
        <member name="P:Google.Apis.Compute.v1beta12.ZonesResource.ListRequest.PageToken">
            <summary>Optional. Tag returned by a previous list request truncated by maxResults. Used to continue a previous list request.</summary>
        </member>
        <member name="P:Google.Apis.Compute.v1beta12.ZonesResource.ListRequest.Project">
            <summary>Name of the project scoping this request.</summary>
        </member>
    </members>
</doc>
