<?xml version="1.0"?>
<doc>
    <assembly>
        <name>Google.Apis.Prediction.v1.3</name>
    </assembly>
    <members>
        <member name="P:Google.Apis.Prediction.v1_3.Data.Input.InputValue">
            <summary>Input to the model for a prediction</summary>
        </member>
        <member name="T:Google.Apis.Prediction.v1_3.Data.Input.InputData">
            <summary>Input to the model for a prediction</summary>
        </member>
        <member name="P:Google.Apis.Prediction.v1_3.Data.Input.InputData.CsvInstance">
            <summary>A list of input features, these can be strings or doubles.</summary>
        </member>
        <member name="P:Google.Apis.Prediction.v1_3.Data.Output.Id">
            <summary>The unique name for the predictive model.</summary>
        </member>
        <member name="P:Google.Apis.Prediction.v1_3.Data.Output.Kind">
            <summary>What kind of resource this is.</summary>
        </member>
        <member name="P:Google.Apis.Prediction.v1_3.Data.Output.OutputLabel">
            <summary>The most likely class [Categorical models only].</summary>
        </member>
        <member name="P:Google.Apis.Prediction.v1_3.Data.Output.OutputMulti">
            <summary>A list of classes with their estimated probabilities [Categorical models only].</summary>
        </member>
        <member name="P:Google.Apis.Prediction.v1_3.Data.Output.OutputValue">
            <summary>The estimated regression value [Regression models only].</summary>
        </member>
        <member name="P:Google.Apis.Prediction.v1_3.Data.Output.SelfLink">
            <summary>A URL to re-request this resource.</summary>
        </member>
        <member name="P:Google.Apis.Prediction.v1_3.Data.Output.OutputMultiData.Label">
            <summary>The class label.</summary>
        </member>
        <member name="P:Google.Apis.Prediction.v1_3.Data.Output.OutputMultiData.Score">
            <summary>The probability of the class.</summary>
        </member>
        <member name="P:Google.Apis.Prediction.v1_3.Data.Training.Id">
            <summary>The unique name for the predictive model.</summary>
        </member>
        <member name="P:Google.Apis.Prediction.v1_3.Data.Training.Kind">
            <summary>What kind of resource this is.</summary>
        </member>
        <member name="P:Google.Apis.Prediction.v1_3.Data.Training.ModelInfo">
            <summary>Model metadata.</summary>
        </member>
        <member name="P:Google.Apis.Prediction.v1_3.Data.Training.SelfLink">
            <summary>A URL to re-request this resource.</summary>
        </member>
        <member name="P:Google.Apis.Prediction.v1_3.Data.Training.TrainingStatus">
            <summary>The current status of the training job. This can be one of following: RUNNING; DONE; ERROR; ERROR: TRAINING JOB NOT FOUND</summary>
        </member>
        <member name="P:Google.Apis.Prediction.v1_3.Data.Training.Utility">
            <summary>A class weighting function, which allows the importance weights for classes to be specified [Categorical models only].</summary>
        </member>
        <member name="T:Google.Apis.Prediction.v1_3.Data.Training.ModelInfoData">
            <summary>Model metadata.</summary>
        </member>
        <member name="P:Google.Apis.Prediction.v1_3.Data.Training.ModelInfoData.ClassWeightedAccuracy">
            <summary>Estimated accuracy of model taking utility weights into account [Categorical models only].</summary>
        </member>
        <member name="P:Google.Apis.Prediction.v1_3.Data.Training.ModelInfoData.ClassificationAccuracy">
            <summary>A number between 0.0 and 1.0, where 1.0 is 100% accurate. This is an estimate, based on the amount and quality of the training data, of the estimated prediction accuracy. You can use this is a guide to decide whether the results are accurate enough for your needs. This estimate will be more reliable if your real input data is similar to your training data [Categorical models only].</summary>
        </member>
        <member name="P:Google.Apis.Prediction.v1_3.Data.Training.ModelInfoData.ConfusionMatrix">
            <summary>An output confusion matrix. This shows an estimate for how this model will do in predictions. This is first indexed by the true class label. For each true class label, this provides a pair {predicted_label, count}, where count is the estimated number of times the model will predict the predicted label given the true label. Will not output if more then 100 classes [Categorical models only].</summary>
        </member>
        <member name="P:Google.Apis.Prediction.v1_3.Data.Training.ModelInfoData.ConfusionMatrixRowTotals">
            <summary>A list of the confusion matrix row totals</summary>
        </member>
        <member name="P:Google.Apis.Prediction.v1_3.Data.Training.ModelInfoData.MeanSquaredError">
            <summary>An estimated mean squared error. The can be used to measure the quality of the predicted model [Regression models only].</summary>
        </member>
        <member name="P:Google.Apis.Prediction.v1_3.Data.Training.ModelInfoData.ModelType">
            <summary>Type of predictive model (CLASSIFICATION or REGRESSION)</summary>
        </member>
        <member name="P:Google.Apis.Prediction.v1_3.Data.Training.ModelInfoData.NumberClasses">
            <summary>Number of classes in the trained model [Categorical models only].</summary>
        </member>
        <member name="P:Google.Apis.Prediction.v1_3.Data.Training.ModelInfoData.NumberInstances">
            <summary>Number of valid data instances used in the trained model.</summary>
        </member>
        <member name="T:Google.Apis.Prediction.v1_3.Data.Training.ModelInfoData.ConfusionMatrixData">
            <summary>An output confusion matrix. This shows an estimate for how this model will do in predictions. This is first indexed by the true class label. For each true class label, this provides a pair {predicted_label, count}, where count is the estimated number of times the model will predict the predicted label given the true label. Will not output if more then 100 classes [Categorical models only].</summary>
        </member>
        <member name="T:Google.Apis.Prediction.v1_3.Data.Training.ModelInfoData.ConfusionMatrixData.ConfusionMatrixDataSchema">
            <summary>The true class label.</summary>
        </member>
        <member name="T:Google.Apis.Prediction.v1_3.Data.Training.ModelInfoData.ConfusionMatrixRowTotalsData">
            <summary>A list of the confusion matrix row totals</summary>
        </member>
        <member name="T:Google.Apis.Prediction.v1_3.Data.Training.UtilityData">
            <summary>Class label (string).</summary>
        </member>
        <member name="P:Google.Apis.Prediction.v1_3.Data.Update.ClassLabel">
            <summary>The true class label of this instance</summary>
        </member>
        <member name="P:Google.Apis.Prediction.v1_3.Data.Update.CsvInstance">
            <summary>The input features for this instance</summary>
        </member>
        <member name="T:Google.Apis.Prediction.v1_3.PredictionService.Scopes">
            <summary>A list of all OAuth2.0 scopes. Each of these scopes relates to a permission or group of permissions that different methods of this API may need.</summary>
        </member>
        <member name="F:Google.Apis.Prediction.v1_3.PredictionService.Scopes.DevstorageRead_only">
            <summary>View your data in Google Cloud Storage</summary>
        </member>
        <member name="F:Google.Apis.Prediction.v1_3.PredictionService.Scopes.Prediction">
            <summary>Manage your data in the Google Prediction API</summary>
        </member>
        <member name="M:Google.Apis.Prediction.v1_3.HostedmodelsResource.Predict(Google.Apis.Prediction.v1_3.Data.Input,System.String)">
            <summary>Submit input and request an output against a hosted model</summary>
            <param name="hostedModelName">Required - The name of a hosted model</param>
        </member>
        <member name="P:Google.Apis.Prediction.v1_3.HostedmodelsResource.PredictRequest.Alt">
            <summary>Data format for the response.</summary>
        </member>
        <member name="P:Google.Apis.Prediction.v1_3.HostedmodelsResource.PredictRequest.Fields">
            <summary>Selector specifying which fields to include in a partial response.</summary>
        </member>
        <member name="P:Google.Apis.Prediction.v1_3.HostedmodelsResource.PredictRequest.Oauth_token">
            <summary>OAuth 2.0 token for the current user.</summary>
        </member>
        <member name="P:Google.Apis.Prediction.v1_3.HostedmodelsResource.PredictRequest.PrettyPrint">
            <summary>Returns response with indentations and line breaks.</summary>
        </member>
        <member name="P:Google.Apis.Prediction.v1_3.HostedmodelsResource.PredictRequest.QuotaUser">
            <summary>Available to use for quota purposes for server-side applications. Can be any arbitrary string assigned to a user, but should not exceed 40 characters. Overrides userIp if both are provided.</summary>
        </member>
        <member name="P:Google.Apis.Prediction.v1_3.HostedmodelsResource.PredictRequest.UserIp">
            <summary>IP address of the site where the request originates. Use this if you want to enforce per-user limits.</summary>
        </member>
        <member name="P:Google.Apis.Prediction.v1_3.HostedmodelsResource.PredictRequest.HostedModelName">
            <summary>The name of a hosted model</summary>
        </member>
        <member name="P:Google.Apis.Prediction.v1_3.HostedmodelsResource.PredictRequest.Body">
            <summary>Gets/Sets the Body of this Request.</summary>
        </member>
        <member name="M:Google.Apis.Prediction.v1_3.TrainingResource.Delete(System.String)">
            <summary>Delete a trained model</summary>
            <param name="data">Required - mybucket/mydata resource in Google Storage</param>
        </member>
        <member name="M:Google.Apis.Prediction.v1_3.TrainingResource.Get(System.String)">
            <summary>Check training status of your model</summary>
            <param name="data">Required - mybucket/mydata resource in Google Storage</param>
        </member>
        <member name="M:Google.Apis.Prediction.v1_3.TrainingResource.Insert(Google.Apis.Prediction.v1_3.Data.Training)">
            <summary>Begin training your model</summary>
        </member>
        <member name="M:Google.Apis.Prediction.v1_3.TrainingResource.Predict(Google.Apis.Prediction.v1_3.Data.Input,System.String)">
            <summary>Submit data and request a prediction</summary>
            <param name="data">Required - mybucket/mydata resource in Google Storage</param>
        </member>
        <member name="M:Google.Apis.Prediction.v1_3.TrainingResource.Update(Google.Apis.Prediction.v1_3.Data.Update,System.String)">
            <summary>Add new data to a trained model</summary>
            <param name="data">Required - mybucket/mydata resource in Google Storage</param>
        </member>
        <member name="P:Google.Apis.Prediction.v1_3.TrainingResource.DeleteRequest.Alt">
            <summary>Data format for the response.</summary>
        </member>
        <member name="P:Google.Apis.Prediction.v1_3.TrainingResource.DeleteRequest.Fields">
            <summary>Selector specifying which fields to include in a partial response.</summary>
        </member>
        <member name="P:Google.Apis.Prediction.v1_3.TrainingResource.DeleteRequest.Oauth_token">
            <summary>OAuth 2.0 token for the current user.</summary>
        </member>
        <member name="P:Google.Apis.Prediction.v1_3.TrainingResource.DeleteRequest.PrettyPrint">
            <summary>Returns response with indentations and line breaks.</summary>
        </member>
        <member name="P:Google.Apis.Prediction.v1_3.TrainingResource.DeleteRequest.QuotaUser">
            <summary>Available to use for quota purposes for server-side applications. Can be any arbitrary string assigned to a user, but should not exceed 40 characters. Overrides userIp if both are provided.</summary>
        </member>
        <member name="P:Google.Apis.Prediction.v1_3.TrainingResource.DeleteRequest.UserIp">
            <summary>IP address of the site where the request originates. Use this if you want to enforce per-user limits.</summary>
        </member>
        <member name="P:Google.Apis.Prediction.v1_3.TrainingResource.DeleteRequest.Data">
            <summary>mybucket/mydata resource in Google Storage</summary>
        </member>
        <member name="P:Google.Apis.Prediction.v1_3.TrainingResource.GetRequest.Alt">
            <summary>Data format for the response.</summary>
        </member>
        <member name="P:Google.Apis.Prediction.v1_3.TrainingResource.GetRequest.Fields">
            <summary>Selector specifying which fields to include in a partial response.</summary>
        </member>
        <member name="P:Google.Apis.Prediction.v1_3.TrainingResource.GetRequest.Oauth_token">
            <summary>OAuth 2.0 token for the current user.</summary>
        </member>
        <member name="P:Google.Apis.Prediction.v1_3.TrainingResource.GetRequest.PrettyPrint">
            <summary>Returns response with indentations and line breaks.</summary>
        </member>
        <member name="P:Google.Apis.Prediction.v1_3.TrainingResource.GetRequest.QuotaUser">
            <summary>Available to use for quota purposes for server-side applications. Can be any arbitrary string assigned to a user, but should not exceed 40 characters. Overrides userIp if both are provided.</summary>
        </member>
        <member name="P:Google.Apis.Prediction.v1_3.TrainingResource.GetRequest.UserIp">
            <summary>IP address of the site where the request originates. Use this if you want to enforce per-user limits.</summary>
        </member>
        <member name="P:Google.Apis.Prediction.v1_3.TrainingResource.GetRequest.Data">
            <summary>mybucket/mydata resource in Google Storage</summary>
        </member>
        <member name="P:Google.Apis.Prediction.v1_3.TrainingResource.InsertRequest.Alt">
            <summary>Data format for the response.</summary>
        </member>
        <member name="P:Google.Apis.Prediction.v1_3.TrainingResource.InsertRequest.Fields">
            <summary>Selector specifying which fields to include in a partial response.</summary>
        </member>
        <member name="P:Google.Apis.Prediction.v1_3.TrainingResource.InsertRequest.Oauth_token">
            <summary>OAuth 2.0 token for the current user.</summary>
        </member>
        <member name="P:Google.Apis.Prediction.v1_3.TrainingResource.InsertRequest.PrettyPrint">
            <summary>Returns response with indentations and line breaks.</summary>
        </member>
        <member name="P:Google.Apis.Prediction.v1_3.TrainingResource.InsertRequest.QuotaUser">
            <summary>Available to use for quota purposes for server-side applications. Can be any arbitrary string assigned to a user, but should not exceed 40 characters. Overrides userIp if both are provided.</summary>
        </member>
        <member name="P:Google.Apis.Prediction.v1_3.TrainingResource.InsertRequest.UserIp">
            <summary>IP address of the site where the request originates. Use this if you want to enforce per-user limits.</summary>
        </member>
        <member name="P:Google.Apis.Prediction.v1_3.TrainingResource.InsertRequest.Body">
            <summary>Gets/Sets the Body of this Request.</summary>
        </member>
        <member name="P:Google.Apis.Prediction.v1_3.TrainingResource.PredictRequest.Alt">
            <summary>Data format for the response.</summary>
        </member>
        <member name="P:Google.Apis.Prediction.v1_3.TrainingResource.PredictRequest.Fields">
            <summary>Selector specifying which fields to include in a partial response.</summary>
        </member>
        <member name="P:Google.Apis.Prediction.v1_3.TrainingResource.PredictRequest.Oauth_token">
            <summary>OAuth 2.0 token for the current user.</summary>
        </member>
        <member name="P:Google.Apis.Prediction.v1_3.TrainingResource.PredictRequest.PrettyPrint">
            <summary>Returns response with indentations and line breaks.</summary>
        </member>
        <member name="P:Google.Apis.Prediction.v1_3.TrainingResource.PredictRequest.QuotaUser">
            <summary>Available to use for quota purposes for server-side applications. Can be any arbitrary string assigned to a user, but should not exceed 40 characters. Overrides userIp if both are provided.</summary>
        </member>
        <member name="P:Google.Apis.Prediction.v1_3.TrainingResource.PredictRequest.UserIp">
            <summary>IP address of the site where the request originates. Use this if you want to enforce per-user limits.</summary>
        </member>
        <member name="P:Google.Apis.Prediction.v1_3.TrainingResource.PredictRequest.Data">
            <summary>mybucket/mydata resource in Google Storage</summary>
        </member>
        <member name="P:Google.Apis.Prediction.v1_3.TrainingResource.PredictRequest.Body">
            <summary>Gets/Sets the Body of this Request.</summary>
        </member>
        <member name="P:Google.Apis.Prediction.v1_3.TrainingResource.UpdateRequest.Alt">
            <summary>Data format for the response.</summary>
        </member>
        <member name="P:Google.Apis.Prediction.v1_3.TrainingResource.UpdateRequest.Fields">
            <summary>Selector specifying which fields to include in a partial response.</summary>
        </member>
        <member name="P:Google.Apis.Prediction.v1_3.TrainingResource.UpdateRequest.Oauth_token">
            <summary>OAuth 2.0 token for the current user.</summary>
        </member>
        <member name="P:Google.Apis.Prediction.v1_3.TrainingResource.UpdateRequest.PrettyPrint">
            <summary>Returns response with indentations and line breaks.</summary>
        </member>
        <member name="P:Google.Apis.Prediction.v1_3.TrainingResource.UpdateRequest.QuotaUser">
            <summary>Available to use for quota purposes for server-side applications. Can be any arbitrary string assigned to a user, but should not exceed 40 characters. Overrides userIp if both are provided.</summary>
        </member>
        <member name="P:Google.Apis.Prediction.v1_3.TrainingResource.UpdateRequest.UserIp">
            <summary>IP address of the site where the request originates. Use this if you want to enforce per-user limits.</summary>
        </member>
        <member name="P:Google.Apis.Prediction.v1_3.TrainingResource.UpdateRequest.Data">
            <summary>mybucket/mydata resource in Google Storage</summary>
        </member>
        <member name="P:Google.Apis.Prediction.v1_3.TrainingResource.UpdateRequest.Body">
            <summary>Gets/Sets the Body of this Request.</summary>
        </member>
    </members>
</doc>
