<?xml version="1.0"?>
<doc>
    <assembly>
        <name>Google.Apis.Bigquery.v2</name>
    </assembly>
    <members>
        <member name="P:Google.Apis.Bigquery.v2.Data.Dataset.Access">
             <summary>[Optional] Describes users&apos; rights on the dataset. You can assign the same role to multiple users, and assign multiple roles to the same user.
            Default values assigned to a new dataset are as follows: OWNER - Project owners, dataset creator READ - Project readers WRITE - Project writers
            See ACLs and Rights for a description of these rights. If you specify any of these roles when creating a dataset, the assigned roles will overwrite the defaults listed above.
            To revoke rights to a dataset, call datasets.update() and omit the names of anyone whose rights you wish to revoke. However, every dataset must have at least one entity granted OWNER role.
            Each access object can have only one of the following members: userByEmail, groupByEmail, domain, or allAuthenticatedUsers.</summary>
        </member>
        <member name="P:Google.Apis.Bigquery.v2.Data.Dataset.CreationTime">
            <summary>[Output-only] The time when this dataset was created, in milliseconds since the epoch.</summary>
        </member>
        <member name="P:Google.Apis.Bigquery.v2.Data.Dataset.Description">
            <summary>[Optional] A user-friendly string description for the dataset. This might be shown in BigQuery UI for browsing the dataset.</summary>
        </member>
        <member name="P:Google.Apis.Bigquery.v2.Data.Dataset.ETag">
            <summary>[Output-only] A hash of this resource.</summary>
        </member>
        <member name="P:Google.Apis.Bigquery.v2.Data.Dataset.FriendlyName">
            <summary>[Optional] A descriptive name for this dataset, which might be shown in any BigQuery user interfaces for browsing the dataset. Use datasetId for making API calls.</summary>
        </member>
        <member name="P:Google.Apis.Bigquery.v2.Data.Dataset.Id">
            <summary>[Output-only] The fully-qualified unique name of this dataset in the format projectId:datasetId. The dataset name without the project name is given in the datasetId field. When creating a new dataset, leave this field blank, and instead specify the datasetId field.</summary>
        </member>
        <member name="P:Google.Apis.Bigquery.v2.Data.Dataset.Kind">
            <summary>[Output-only] The resource type.</summary>
        </member>
        <member name="P:Google.Apis.Bigquery.v2.Data.Dataset.LastModifiedTime">
            <summary>[Output-only] The date when this dataset or any of its tables was last modified, in milliseconds since the epoch.</summary>
        </member>
        <member name="P:Google.Apis.Bigquery.v2.Data.Dataset.SelfLink">
            <summary>[Output-only] An URL that can be used to access this resource again. You can use this URL in Get or Update requests to this resource.</summary>
        </member>
        <member name="P:Google.Apis.Bigquery.v2.Data.Dataset.AccessData.Domain">
            <summary>[Pick one] A domain to grant access to. Any users signed in with the domain specified will be granted the specified access. Example: &quot;example.com&quot;.</summary>
        </member>
        <member name="P:Google.Apis.Bigquery.v2.Data.Dataset.AccessData.GroupByEmail">
            <summary>[Pick one] A fully-qualified email address of a mailing list to grant access to. This must be either a Google Groups mailing list (ends in @googlegroups.com) or a group managed by an enterprise version of Google Groups.</summary>
        </member>
        <member name="P:Google.Apis.Bigquery.v2.Data.Dataset.AccessData.Role">
            <summary>[Required] Describes the rights granted to the user specified by the other member of the access object. The following string values are supported: READ - User can call any list() or get() method on any collection or resource. WRITE - User can call any method on any collection except for datasets, on which they can call list() and get(). OWNER - User can call any method. The dataset creator is granted this role by default.</summary>
        </member>
        <member name="P:Google.Apis.Bigquery.v2.Data.Dataset.AccessData.SpecialGroup">
            <summary>[Pick one] A special group to grant access to. The valid values are: projectOwners: Owners of the enclosing project. projectReaders: Readers of the enclosing project. projectWriters: Writers of the enclosing project. allAuthenticatedUsers: All authenticated BigQuery users.</summary>
        </member>
        <member name="P:Google.Apis.Bigquery.v2.Data.Dataset.AccessData.UserByEmail">
            <summary>[Pick one] A fully qualified email address of a user to grant access to. For example: fred@example.com.</summary>
        </member>
        <member name="P:Google.Apis.Bigquery.v2.Data.DatasetList.Datasets">
            <summary>An array of one or more summarized dataset resources. Absent when there are no datasets in the specified project.</summary>
        </member>
        <member name="P:Google.Apis.Bigquery.v2.Data.DatasetList.ETag">
            <summary>A hash of this page of results. See Paging Through Results in the developer&apos;s guide.</summary>
        </member>
        <member name="P:Google.Apis.Bigquery.v2.Data.DatasetList.Kind">
            <summary>The type of list.</summary>
        </member>
        <member name="P:Google.Apis.Bigquery.v2.Data.DatasetList.NextPageToken">
            <summary>A token to request the next page of results. Present only when there is more than one page of results.* See Paging Through Results in the developer&apos;s guide.</summary>
        </member>
        <member name="P:Google.Apis.Bigquery.v2.Data.DatasetList.DatasetsData.FriendlyName">
            <summary>A descriptive name for this dataset, if one exists.</summary>
        </member>
        <member name="P:Google.Apis.Bigquery.v2.Data.DatasetList.DatasetsData.Id">
            <summary>The fully-qualified unique name of this dataset in the format projectId:datasetId.</summary>
        </member>
        <member name="P:Google.Apis.Bigquery.v2.Data.DatasetList.DatasetsData.Kind">
            <summary>The resource type.</summary>
        </member>
        <member name="P:Google.Apis.Bigquery.v2.Data.DatasetReference.DatasetId">
            <summary>[Required] A unique ID for this dataset, without the project name.</summary>
        </member>
        <member name="P:Google.Apis.Bigquery.v2.Data.DatasetReference.ProjectId">
            <summary>[Optional] The ID of the container project.</summary>
        </member>
        <member name="P:Google.Apis.Bigquery.v2.Data.ErrorProto.DebugInfo">
            <summary>Debugging information for the service, if present. Should be ignored.</summary>
        </member>
        <member name="P:Google.Apis.Bigquery.v2.Data.ErrorProto.Location">
            <summary>Specifies where the error occurred, if present.</summary>
        </member>
        <member name="P:Google.Apis.Bigquery.v2.Data.ErrorProto.Message">
            <summary>A human readable explanation of the error.</summary>
        </member>
        <member name="P:Google.Apis.Bigquery.v2.Data.ErrorProto.Reason">
            <summary>Specifies the error reason. For example, reason will be &quot;required&quot; or &quot;invalid&quot; if some field was missing or malformed.</summary>
        </member>
        <member name="P:Google.Apis.Bigquery.v2.Data.GetQueryResultsResponse.ETag">
            <summary>A hash of this response.</summary>
        </member>
        <member name="P:Google.Apis.Bigquery.v2.Data.GetQueryResultsResponse.JobComplete">
            <summary>Whether the query has completed or not. If rows or totalRows are present, this will always be true. If this is false, totalRows will not be available.</summary>
        </member>
        <member name="P:Google.Apis.Bigquery.v2.Data.GetQueryResultsResponse.Kind">
            <summary>The resource type of the response.</summary>
        </member>
        <member name="P:Google.Apis.Bigquery.v2.Data.GetQueryResultsResponse.Rows">
            <summary>An object with as many results as can be contained within the maximum permitted reply size. To get any additional rows, you can call GetQueryResults and specify the jobReference returned above. Present only when the query completes successfully.</summary>
        </member>
        <member name="P:Google.Apis.Bigquery.v2.Data.GetQueryResultsResponse.TotalRows">
            <summary>The total number of rows in the complete query result set, which can be more than the number of rows in this single page of results. Present only when the query completes successfully.</summary>
        </member>
        <member name="P:Google.Apis.Bigquery.v2.Data.Job.ETag">
            <summary>[Output-only] A hash of this resource.</summary>
        </member>
        <member name="P:Google.Apis.Bigquery.v2.Data.Job.Id">
            <summary>[Output-only] Opaque ID field of the job</summary>
        </member>
        <member name="P:Google.Apis.Bigquery.v2.Data.Job.Kind">
            <summary>[Output-only] The type of the resource.</summary>
        </member>
        <member name="P:Google.Apis.Bigquery.v2.Data.Job.SelfLink">
            <summary>[Output-only] A URL that can be used to access this resource again.</summary>
        </member>
        <member name="P:Google.Apis.Bigquery.v2.Data.JobConfigurationExtract.DestinationUri">
            <summary>[Required] The fully-qualified Google Cloud Storage URI where the extracted table should be written.</summary>
        </member>
        <member name="P:Google.Apis.Bigquery.v2.Data.JobConfigurationLink.CreateDisposition">
            <summary>[Optional] Whether or not to create a new table, if none exists.</summary>
        </member>
        <member name="P:Google.Apis.Bigquery.v2.Data.JobConfigurationLink.SourceUri">
            <summary>[Required] URI of source table to link.</summary>
        </member>
        <member name="P:Google.Apis.Bigquery.v2.Data.JobConfigurationLoad.CreateDisposition">
            <summary>[Optional] Whether to create the table if it doesn&apos;t already exist (CREATE_IF_NEEDED) or to require the table already exist (CREATE_NEVER). Default is CREATE_IF_NEEDED.</summary>
        </member>
        <member name="P:Google.Apis.Bigquery.v2.Data.JobConfigurationLoad.Encoding">
            <summary>[Optional] Character encoding of the input data. May be UTF-8 or ISO-8859-1. Default is UTF-8.</summary>
        </member>
        <member name="P:Google.Apis.Bigquery.v2.Data.JobConfigurationLoad.FieldDelimiter">
            <summary>[Optional] Delimiter to use between fields in the import data. Default is &apos;,&apos;</summary>
        </member>
        <member name="P:Google.Apis.Bigquery.v2.Data.JobConfigurationLoad.MaxBadRecords">
            <summary>[Optional] Maximum number of bad records that should be ignored before the entire job is aborted and no updates are performed.</summary>
        </member>
        <member name="P:Google.Apis.Bigquery.v2.Data.JobConfigurationLoad.SkipLeadingRows">
            <summary>[Optional] Number of rows of initial data to skip in the data being imported.</summary>
        </member>
        <member name="P:Google.Apis.Bigquery.v2.Data.JobConfigurationLoad.SourceUris">
            <summary>[Required] Source URIs describing Google Cloud Storage locations of data to load.</summary>
        </member>
        <member name="P:Google.Apis.Bigquery.v2.Data.JobConfigurationLoad.WriteDisposition">
            <summary>[Optional] Whether to overwrite an existing table (WRITE_TRUNCATE), append to an existing table (WRITE_APPEND), or require that the the table is empty (WRITE_EMPTY). Default is WRITE_APPEND.</summary>
        </member>
        <member name="P:Google.Apis.Bigquery.v2.Data.JobConfigurationQuery.CreateDisposition">
            <summary>[Optional] Whether to create the table if it doesn&apos;t already exist (CREATE_IF_NEEDED) or to require the table already exist (CREATE_NEVER). Default is CREATE_IF_NEEDED.</summary>
        </member>
        <member name="P:Google.Apis.Bigquery.v2.Data.JobConfigurationQuery.Query">
            <summary>[Required] BigQuery SQL query to execute.</summary>
        </member>
        <member name="P:Google.Apis.Bigquery.v2.Data.JobConfigurationQuery.WriteDisposition">
            <summary>[Optional] Whether to overwrite an existing table (WRITE_TRUNCATE), append to an existing table (WRITE_APPEND), or require that the the table is empty (WRITE_EMPTY). Default is WRITE_EMPTY.</summary>
        </member>
        <member name="P:Google.Apis.Bigquery.v2.Data.JobConfigurationTableCopy.CreateDisposition">
            <summary>[Optional] Whether or not to create a new table, if none exists.</summary>
        </member>
        <member name="P:Google.Apis.Bigquery.v2.Data.JobConfigurationTableCopy.WriteDisposition">
            <summary>[Optional] Whether or not to append or require the table to be empty.</summary>
        </member>
        <member name="P:Google.Apis.Bigquery.v2.Data.JobList.ETag">
            <summary>A hash of this page of results.</summary>
        </member>
        <member name="P:Google.Apis.Bigquery.v2.Data.JobList.Jobs">
            <summary>List of jobs that were requested.</summary>
        </member>
        <member name="P:Google.Apis.Bigquery.v2.Data.JobList.Kind">
            <summary>The resource type of the response.</summary>
        </member>
        <member name="P:Google.Apis.Bigquery.v2.Data.JobList.NextPageToken">
            <summary>A token to request the next page of results.</summary>
        </member>
        <member name="P:Google.Apis.Bigquery.v2.Data.JobList.TotalItems">
            <summary>Total number of jobs in this collection.</summary>
        </member>
        <member name="P:Google.Apis.Bigquery.v2.Data.JobList.JobsData.Id">
            <summary>Unique opaque ID of the job.</summary>
        </member>
        <member name="P:Google.Apis.Bigquery.v2.Data.JobList.JobsData.Kind">
            <summary>The resource type.</summary>
        </member>
        <member name="P:Google.Apis.Bigquery.v2.Data.JobList.JobsData.State">
            <summary>Running state of the job. When the state is DONE, errorResult can be checked to determine whether the job succeeded or failed.</summary>
        </member>
        <member name="P:Google.Apis.Bigquery.v2.Data.JobReference.JobId">
            <summary>[Required] ID of the job.</summary>
        </member>
        <member name="P:Google.Apis.Bigquery.v2.Data.JobReference.ProjectId">
            <summary>[Required] Project ID being billed for the job.</summary>
        </member>
        <member name="P:Google.Apis.Bigquery.v2.Data.JobStatistics.EndTime">
            <summary>[Output-only] End time of this job, in milliseconds since the epoch.</summary>
        </member>
        <member name="P:Google.Apis.Bigquery.v2.Data.JobStatistics.StartTime">
            <summary>[Output-only] Start time of this job, in milliseconds since the epoch.</summary>
        </member>
        <member name="P:Google.Apis.Bigquery.v2.Data.JobStatistics.TotalBytesProcessed">
            <summary>[Output-only] Total bytes processed for this job.</summary>
        </member>
        <member name="P:Google.Apis.Bigquery.v2.Data.JobStatus.Errors">
            <summary>[Output-only] All errors encountered during the running of the job. Errors here do not necessarily mean that the job has completed or was unsuccessful.</summary>
        </member>
        <member name="P:Google.Apis.Bigquery.v2.Data.JobStatus.State">
            <summary>[Output-only] Running state of the job.</summary>
        </member>
        <member name="P:Google.Apis.Bigquery.v2.Data.ProjectList.ETag">
            <summary>A hash of the page of results</summary>
        </member>
        <member name="P:Google.Apis.Bigquery.v2.Data.ProjectList.Kind">
            <summary>The type of list.</summary>
        </member>
        <member name="P:Google.Apis.Bigquery.v2.Data.ProjectList.NextPageToken">
            <summary>A token to request the next page of results.</summary>
        </member>
        <member name="P:Google.Apis.Bigquery.v2.Data.ProjectList.Projects">
            <summary>Projects to which you have at least READ access.</summary>
        </member>
        <member name="P:Google.Apis.Bigquery.v2.Data.ProjectList.TotalItems">
            <summary>The total number of projects in the list.</summary>
        </member>
        <member name="P:Google.Apis.Bigquery.v2.Data.ProjectList.ProjectsData.FriendlyName">
            <summary>A descriptive name for this project.</summary>
        </member>
        <member name="P:Google.Apis.Bigquery.v2.Data.ProjectList.ProjectsData.Id">
            <summary>An opaque ID of this project.</summary>
        </member>
        <member name="P:Google.Apis.Bigquery.v2.Data.ProjectList.ProjectsData.Kind">
            <summary>The resource type.</summary>
        </member>
        <member name="P:Google.Apis.Bigquery.v2.Data.ProjectReference.ProjectId">
            <summary>[Required] ID of the project. Can be either the numeric ID or the assigned ID of the project.</summary>
        </member>
        <member name="P:Google.Apis.Bigquery.v2.Data.QueryRequest.Kind">
            <summary>The resource type of the request.</summary>
        </member>
        <member name="P:Google.Apis.Bigquery.v2.Data.QueryRequest.MaxResults">
            <summary>[Optional] The maximum number of results to return per page of results. If the response list exceeds the maximum response size for a single response, you will have to page through the results. Default is to return the maximum response size.</summary>
        </member>
        <member name="P:Google.Apis.Bigquery.v2.Data.QueryRequest.Query">
            <summary>[Required] A query string, following the BigQuery query syntax of the query to execute. Table names should be qualified by dataset name in the format projectId:datasetId.tableId unless you specify the defaultDataset value. If the table is in the same project as the job, you can omit the project ID. Example: SELECT f1 FROM myProjectId:myDatasetId.myTableId.</summary>
        </member>
        <member name="P:Google.Apis.Bigquery.v2.Data.QueryRequest.TimeoutMs">
            <summary>[Optional] How long to wait for the query to complete, in milliseconds, before returning. Default is to return immediately. If the timeout passes before the job completes, the request will fail with a TIMEOUT error.</summary>
        </member>
        <member name="P:Google.Apis.Bigquery.v2.Data.QueryResponse.JobComplete">
            <summary>Whether the query has completed or not. If rows or totalRows are present, this will always be true. If this is false, totalRows will not be available.</summary>
        </member>
        <member name="P:Google.Apis.Bigquery.v2.Data.QueryResponse.Kind">
            <summary>The resource type.</summary>
        </member>
        <member name="P:Google.Apis.Bigquery.v2.Data.QueryResponse.Rows">
            <summary>An object with as many results as can be contained within the maximum permitted reply size. To get any additional rows, you can call GetQueryResults and specify the jobReference returned above.</summary>
        </member>
        <member name="P:Google.Apis.Bigquery.v2.Data.QueryResponse.TotalRows">
            <summary>The total number of rows in the complete query result set, which can be more than the number of rows in this single page of results.</summary>
        </member>
        <member name="P:Google.Apis.Bigquery.v2.Data.Table.CreationTime">
            <summary>[Output-only] The time when this table was created, in milliseconds since the epoch.</summary>
        </member>
        <member name="P:Google.Apis.Bigquery.v2.Data.Table.Description">
            <summary>[Optional] A user-friendly description of this table.</summary>
        </member>
        <member name="P:Google.Apis.Bigquery.v2.Data.Table.ETag">
            <summary>[Output-only] A hash of this resource.</summary>
        </member>
        <member name="P:Google.Apis.Bigquery.v2.Data.Table.FriendlyName">
            <summary>[Optional] A descriptive name for this table.</summary>
        </member>
        <member name="P:Google.Apis.Bigquery.v2.Data.Table.Id">
            <summary>[Output-only] An opaque ID uniquely identifying the table.</summary>
        </member>
        <member name="P:Google.Apis.Bigquery.v2.Data.Table.Kind">
            <summary>[Output-only] The type of the resource.</summary>
        </member>
        <member name="P:Google.Apis.Bigquery.v2.Data.Table.LastModifiedTime">
            <summary>[Output-only] The time when this table was last modified, in milliseconds since the epoch.</summary>
        </member>
        <member name="P:Google.Apis.Bigquery.v2.Data.Table.NumBytes">
            <summary>[Output-only] The size of the table in bytes.</summary>
        </member>
        <member name="P:Google.Apis.Bigquery.v2.Data.Table.NumRows">
            <summary>[Output-only] The number of rows of data in this table.</summary>
        </member>
        <member name="P:Google.Apis.Bigquery.v2.Data.Table.SelfLink">
            <summary>[Output-only] A URL that can be used to access this resource again.</summary>
        </member>
        <member name="P:Google.Apis.Bigquery.v2.Data.TableDataList.ETag">
            <summary>A hash of this page of results.</summary>
        </member>
        <member name="P:Google.Apis.Bigquery.v2.Data.TableDataList.Kind">
            <summary>The resource type of the response.</summary>
        </member>
        <member name="P:Google.Apis.Bigquery.v2.Data.TableDataList.Rows">
            <summary>Rows of results.</summary>
        </member>
        <member name="P:Google.Apis.Bigquery.v2.Data.TableDataList.TotalRows">
            <summary>The total number of rows in the complete table.</summary>
        </member>
        <member name="P:Google.Apis.Bigquery.v2.Data.TableFieldSchema.Fields">
            <summary>[Optional] Describes nested fields when type is RECORD.</summary>
        </member>
        <member name="P:Google.Apis.Bigquery.v2.Data.TableFieldSchema.Mode">
            <summary>[Optional] Mode of the field (whether or not it can be null. Default is NULLABLE.</summary>
        </member>
        <member name="P:Google.Apis.Bigquery.v2.Data.TableFieldSchema.Name">
            <summary>[Required] Name of the field.</summary>
        </member>
        <member name="P:Google.Apis.Bigquery.v2.Data.TableFieldSchema.Type">
            <summary>[Required] Data type of the field.</summary>
        </member>
        <member name="P:Google.Apis.Bigquery.v2.Data.TableList.ETag">
            <summary>A hash of this page of results.</summary>
        </member>
        <member name="P:Google.Apis.Bigquery.v2.Data.TableList.Kind">
            <summary>The type of list.</summary>
        </member>
        <member name="P:Google.Apis.Bigquery.v2.Data.TableList.NextPageToken">
            <summary>A token to request the next page of results.</summary>
        </member>
        <member name="P:Google.Apis.Bigquery.v2.Data.TableList.Tables">
            <summary>Tables in the requested dataset.</summary>
        </member>
        <member name="P:Google.Apis.Bigquery.v2.Data.TableList.TotalItems">
            <summary>The total number of tables in the dataset.</summary>
        </member>
        <member name="P:Google.Apis.Bigquery.v2.Data.TableList.TablesData.FriendlyName">
            <summary>The user-friendly name for this table.</summary>
        </member>
        <member name="P:Google.Apis.Bigquery.v2.Data.TableList.TablesData.Id">
            <summary>An opaque ID of the table</summary>
        </member>
        <member name="P:Google.Apis.Bigquery.v2.Data.TableList.TablesData.Kind">
            <summary>The resource type.</summary>
        </member>
        <member name="P:Google.Apis.Bigquery.v2.Data.TableReference.DatasetId">
            <summary>[Required] ID of the dataset containing the table.</summary>
        </member>
        <member name="P:Google.Apis.Bigquery.v2.Data.TableReference.ProjectId">
            <summary>[Required] ID of the project billed for storage of the table.</summary>
        </member>
        <member name="P:Google.Apis.Bigquery.v2.Data.TableReference.TableId">
            <summary>[Required] ID of the table.</summary>
        </member>
        <member name="P:Google.Apis.Bigquery.v2.Data.TableRow.F">
            <summary>Represents a single row in the result set, consisting of one or more fields.</summary>
        </member>
        <member name="P:Google.Apis.Bigquery.v2.Data.TableRow.FData.V">
            <summary>Contains the field value in this row, as a string.</summary>
        </member>
        <member name="P:Google.Apis.Bigquery.v2.Data.TableSchema.Fields">
            <summary>Describes the fields in a table.</summary>
        </member>
        <member name="P:Google.Apis.Bigquery.v2.BigqueryService.Key">
            <summary>Sets the API-Key (or DeveloperKey) which this service uses for all requests</summary>
        </member>
        <member name="T:Google.Apis.Bigquery.v2.BigqueryService.Scopes">
            <summary>A list of all OAuth2.0 scopes. Each of these scopes relates to a permission or group of permissions that different methods of this API may need.</summary>
        </member>
        <member name="F:Google.Apis.Bigquery.v2.BigqueryService.Scopes.Bigquery">
            <summary>View and manage your data in Google BigQuery</summary>
        </member>
        <member name="M:Google.Apis.Bigquery.v2.DatasetsResource.Delete(System.String,System.String)">
            <summary>Deletes the dataset specified by datasetId value. Before you can delete a dataset, you must delete all its tables, either manually or by specifying deleteContents. Immediately after deletion, you can create another dataset with the same name.</summary>
            <param name="projectId">Required - Project ID of the dataset being deleted</param>
            <param name="datasetId">Required - Dataset ID of dataset being deleted</param>
        </member>
        <member name="M:Google.Apis.Bigquery.v2.DatasetsResource.Get(System.String,System.String)">
            <summary>Returns the dataset specified by datasetID.</summary>
            <param name="projectId">Required - Project ID of the requested dataset</param>
            <param name="datasetId">Required - Dataset ID of the requested dataset</param>
        </member>
        <member name="M:Google.Apis.Bigquery.v2.DatasetsResource.Insert(Google.Apis.Bigquery.v2.Data.Dataset,System.String)">
            <summary>Creates a new empty dataset.</summary>
            <param name="projectId">Required - Project ID of the new dataset</param>
        </member>
        <member name="M:Google.Apis.Bigquery.v2.DatasetsResource.List(System.String)">
            <summary>Lists all the datasets in the specified project to which the caller has read access; however, a project owner can list (but not necessarily get) all datasets in his project.</summary>
            <param name="projectId">Required - Project ID of the datasets to be listed</param>
        </member>
        <member name="M:Google.Apis.Bigquery.v2.DatasetsResource.Patch(Google.Apis.Bigquery.v2.Data.Dataset,System.String,System.String)">
            <summary>Updates information in an existing dataset, specified by datasetId. Properties not included in the submitted resource will not be changed. If you include the access property without any values assigned, the request will fail as you must specify at least one owner for a dataset. This method supports patch semantics.</summary>
            <param name="projectId">Required - Project ID of the dataset being updated</param>
            <param name="datasetId">Required - Dataset ID of the dataset being updated</param>
        </member>
        <member name="M:Google.Apis.Bigquery.v2.DatasetsResource.Update(Google.Apis.Bigquery.v2.Data.Dataset,System.String,System.String)">
            <summary>Updates information in an existing dataset, specified by datasetId. Properties not included in the submitted resource will not be changed. If you include the access property without any values assigned, the request will fail as you must specify at least one owner for a dataset.</summary>
            <param name="projectId">Required - Project ID of the dataset being updated</param>
            <param name="datasetId">Required - Dataset ID of the dataset being updated</param>
        </member>
        <member name="P:Google.Apis.Bigquery.v2.DatasetsResource.DeleteRequest.Oauth_token">
            <summary>OAuth 2.0 token for the current user.</summary>
        </member>
        <member name="P:Google.Apis.Bigquery.v2.DatasetsResource.DeleteRequest.PrettyPrint">
            <summary>Returns response with indentations and line breaks.</summary>
        </member>
        <member name="P:Google.Apis.Bigquery.v2.DatasetsResource.DeleteRequest.QuotaUser">
            <summary>Available to use for quota purposes for server-side applications. Can be any arbitrary string assigned to a user, but should not exceed 40 characters. Overrides userIp if both are provided.</summary>
        </member>
        <member name="P:Google.Apis.Bigquery.v2.DatasetsResource.DeleteRequest.DatasetId">
            <summary>Dataset ID of dataset being deleted</summary>
        </member>
        <member name="P:Google.Apis.Bigquery.v2.DatasetsResource.DeleteRequest.DeleteContents">
            <summary>If True, delete all the tables in the dataset. If False and the dataset contains tables, the request will fail. Default is False</summary>
        </member>
        <member name="P:Google.Apis.Bigquery.v2.DatasetsResource.DeleteRequest.ProjectId">
            <summary>Project ID of the dataset being deleted</summary>
        </member>
        <member name="P:Google.Apis.Bigquery.v2.DatasetsResource.GetRequest.Oauth_token">
            <summary>OAuth 2.0 token for the current user.</summary>
        </member>
        <member name="P:Google.Apis.Bigquery.v2.DatasetsResource.GetRequest.PrettyPrint">
            <summary>Returns response with indentations and line breaks.</summary>
        </member>
        <member name="P:Google.Apis.Bigquery.v2.DatasetsResource.GetRequest.QuotaUser">
            <summary>Available to use for quota purposes for server-side applications. Can be any arbitrary string assigned to a user, but should not exceed 40 characters. Overrides userIp if both are provided.</summary>
        </member>
        <member name="P:Google.Apis.Bigquery.v2.DatasetsResource.GetRequest.DatasetId">
            <summary>Dataset ID of the requested dataset</summary>
        </member>
        <member name="P:Google.Apis.Bigquery.v2.DatasetsResource.GetRequest.ProjectId">
            <summary>Project ID of the requested dataset</summary>
        </member>
        <member name="P:Google.Apis.Bigquery.v2.DatasetsResource.InsertRequest.Oauth_token">
            <summary>OAuth 2.0 token for the current user.</summary>
        </member>
        <member name="P:Google.Apis.Bigquery.v2.DatasetsResource.InsertRequest.PrettyPrint">
            <summary>Returns response with indentations and line breaks.</summary>
        </member>
        <member name="P:Google.Apis.Bigquery.v2.DatasetsResource.InsertRequest.QuotaUser">
            <summary>Available to use for quota purposes for server-side applications. Can be any arbitrary string assigned to a user, but should not exceed 40 characters. Overrides userIp if both are provided.</summary>
        </member>
        <member name="P:Google.Apis.Bigquery.v2.DatasetsResource.InsertRequest.ProjectId">
            <summary>Project ID of the new dataset</summary>
        </member>
        <member name="P:Google.Apis.Bigquery.v2.DatasetsResource.InsertRequest.Body">
            <summary>Gets/Sets the Body of this Request.</summary>
        </member>
        <member name="P:Google.Apis.Bigquery.v2.DatasetsResource.ListRequest.Oauth_token">
            <summary>OAuth 2.0 token for the current user.</summary>
        </member>
        <member name="P:Google.Apis.Bigquery.v2.DatasetsResource.ListRequest.PrettyPrint">
            <summary>Returns response with indentations and line breaks.</summary>
        </member>
        <member name="P:Google.Apis.Bigquery.v2.DatasetsResource.ListRequest.QuotaUser">
            <summary>Available to use for quota purposes for server-side applications. Can be any arbitrary string assigned to a user, but should not exceed 40 characters. Overrides userIp if both are provided.</summary>
        </member>
        <member name="P:Google.Apis.Bigquery.v2.DatasetsResource.ListRequest.MaxResults">
            <summary>The maximum number of results to return</summary>
        </member>
        <member name="P:Google.Apis.Bigquery.v2.DatasetsResource.ListRequest.PageToken">
            <summary>Page token, returned by a previous call, to request the next page of results</summary>
        </member>
        <member name="P:Google.Apis.Bigquery.v2.DatasetsResource.ListRequest.ProjectId">
            <summary>Project ID of the datasets to be listed</summary>
        </member>
        <member name="P:Google.Apis.Bigquery.v2.DatasetsResource.PatchRequest.Oauth_token">
            <summary>OAuth 2.0 token for the current user.</summary>
        </member>
        <member name="P:Google.Apis.Bigquery.v2.DatasetsResource.PatchRequest.PrettyPrint">
            <summary>Returns response with indentations and line breaks.</summary>
        </member>
        <member name="P:Google.Apis.Bigquery.v2.DatasetsResource.PatchRequest.QuotaUser">
            <summary>Available to use for quota purposes for server-side applications. Can be any arbitrary string assigned to a user, but should not exceed 40 characters. Overrides userIp if both are provided.</summary>
        </member>
        <member name="P:Google.Apis.Bigquery.v2.DatasetsResource.PatchRequest.DatasetId">
            <summary>Dataset ID of the dataset being updated</summary>
        </member>
        <member name="P:Google.Apis.Bigquery.v2.DatasetsResource.PatchRequest.ProjectId">
            <summary>Project ID of the dataset being updated</summary>
        </member>
        <member name="P:Google.Apis.Bigquery.v2.DatasetsResource.PatchRequest.Body">
            <summary>Gets/Sets the Body of this Request.</summary>
        </member>
        <member name="P:Google.Apis.Bigquery.v2.DatasetsResource.UpdateRequest.Oauth_token">
            <summary>OAuth 2.0 token for the current user.</summary>
        </member>
        <member name="P:Google.Apis.Bigquery.v2.DatasetsResource.UpdateRequest.PrettyPrint">
            <summary>Returns response with indentations and line breaks.</summary>
        </member>
        <member name="P:Google.Apis.Bigquery.v2.DatasetsResource.UpdateRequest.QuotaUser">
            <summary>Available to use for quota purposes for server-side applications. Can be any arbitrary string assigned to a user, but should not exceed 40 characters. Overrides userIp if both are provided.</summary>
        </member>
        <member name="P:Google.Apis.Bigquery.v2.DatasetsResource.UpdateRequest.DatasetId">
            <summary>Dataset ID of the dataset being updated</summary>
        </member>
        <member name="P:Google.Apis.Bigquery.v2.DatasetsResource.UpdateRequest.ProjectId">
            <summary>Project ID of the dataset being updated</summary>
        </member>
        <member name="P:Google.Apis.Bigquery.v2.DatasetsResource.UpdateRequest.Body">
            <summary>Gets/Sets the Body of this Request.</summary>
        </member>
        <member name="M:Google.Apis.Bigquery.v2.JobsResource.Delete(System.String,System.String)">
            <summary>Deletes a completed job specified by job ID.</summary>
            <param name="projectId">Required - Project ID of the job to delete</param>
            <param name="jobId">Required - Job ID of the job to delete</param>
        </member>
        <member name="M:Google.Apis.Bigquery.v2.JobsResource.Get(System.String,System.String)">
            <summary>Retrieves the specified job by ID.</summary>
            <param name="projectId">Required - Project ID of the requested job</param>
            <param name="jobId">Required - Job ID of the requested job</param>
        </member>
        <member name="M:Google.Apis.Bigquery.v2.JobsResource.GetQueryResults(System.String,System.String)">
            <summary>Retrieves the results of a query job.</summary>
            <param name="projectId">Required - Project ID of the query job</param>
            <param name="jobId">Required - Job ID of the query job</param>
        </member>
        <member name="M:Google.Apis.Bigquery.v2.JobsResource.Insert(Google.Apis.Bigquery.v2.Data.Job,System.String)">
            <summary>Starts a new asynchronous job.</summary>
            <param name="projectId">Required - Project ID of the project that will be billed for the job</param>
        </member>
        <member name="M:Google.Apis.Bigquery.v2.JobsResource.List(System.String)">
            <summary>Lists all the Jobs in the specified project that were started by the user.</summary>
            <param name="projectId">Required - Project ID of the jobs to list</param>
        </member>
        <member name="M:Google.Apis.Bigquery.v2.JobsResource.Query(Google.Apis.Bigquery.v2.Data.QueryRequest,System.String)">
            <summary>Runs a BigQuery SQL query synchronously and returns query results if the query completes within a specified timeout.</summary>
            <param name="projectId">Required - Project ID of the project billed for the query</param>
        </member>
        <member name="T:Google.Apis.Bigquery.v2.JobsResource.Projection">
            <summary>Restrict information returned to a set of selected fields</summary>
        </member>
        <member name="F:Google.Apis.Bigquery.v2.JobsResource.Projection.Full">
            <summary>Includes all job data</summary>
        </member>
        <member name="F:Google.Apis.Bigquery.v2.JobsResource.Projection.Minimal">
            <summary>Does not include the job configuration</summary>
        </member>
        <member name="T:Google.Apis.Bigquery.v2.JobsResource.StateFilter">
            <summary>Filter for job state</summary>
        </member>
        <member name="F:Google.Apis.Bigquery.v2.JobsResource.StateFilter.Done">
            <summary>Finished jobs</summary>
        </member>
        <member name="F:Google.Apis.Bigquery.v2.JobsResource.StateFilter.Pending">
            <summary>Pending jobs</summary>
        </member>
        <member name="F:Google.Apis.Bigquery.v2.JobsResource.StateFilter.Running">
            <summary>Running jobs</summary>
        </member>
        <member name="P:Google.Apis.Bigquery.v2.JobsResource.DeleteRequest.Oauth_token">
            <summary>OAuth 2.0 token for the current user.</summary>
        </member>
        <member name="P:Google.Apis.Bigquery.v2.JobsResource.DeleteRequest.PrettyPrint">
            <summary>Returns response with indentations and line breaks.</summary>
        </member>
        <member name="P:Google.Apis.Bigquery.v2.JobsResource.DeleteRequest.QuotaUser">
            <summary>Available to use for quota purposes for server-side applications. Can be any arbitrary string assigned to a user, but should not exceed 40 characters. Overrides userIp if both are provided.</summary>
        </member>
        <member name="P:Google.Apis.Bigquery.v2.JobsResource.DeleteRequest.JobId">
            <summary>Job ID of the job to delete</summary>
        </member>
        <member name="P:Google.Apis.Bigquery.v2.JobsResource.DeleteRequest.ProjectId">
            <summary>Project ID of the job to delete</summary>
        </member>
        <member name="P:Google.Apis.Bigquery.v2.JobsResource.GetRequest.Oauth_token">
            <summary>OAuth 2.0 token for the current user.</summary>
        </member>
        <member name="P:Google.Apis.Bigquery.v2.JobsResource.GetRequest.PrettyPrint">
            <summary>Returns response with indentations and line breaks.</summary>
        </member>
        <member name="P:Google.Apis.Bigquery.v2.JobsResource.GetRequest.QuotaUser">
            <summary>Available to use for quota purposes for server-side applications. Can be any arbitrary string assigned to a user, but should not exceed 40 characters. Overrides userIp if both are provided.</summary>
        </member>
        <member name="P:Google.Apis.Bigquery.v2.JobsResource.GetRequest.JobId">
            <summary>Job ID of the requested job</summary>
        </member>
        <member name="P:Google.Apis.Bigquery.v2.JobsResource.GetRequest.ProjectId">
            <summary>Project ID of the requested job</summary>
        </member>
        <member name="P:Google.Apis.Bigquery.v2.JobsResource.GetQueryResultsRequest.Oauth_token">
            <summary>OAuth 2.0 token for the current user.</summary>
        </member>
        <member name="P:Google.Apis.Bigquery.v2.JobsResource.GetQueryResultsRequest.PrettyPrint">
            <summary>Returns response with indentations and line breaks.</summary>
        </member>
        <member name="P:Google.Apis.Bigquery.v2.JobsResource.GetQueryResultsRequest.QuotaUser">
            <summary>Available to use for quota purposes for server-side applications. Can be any arbitrary string assigned to a user, but should not exceed 40 characters. Overrides userIp if both are provided.</summary>
        </member>
        <member name="P:Google.Apis.Bigquery.v2.JobsResource.GetQueryResultsRequest.JobId">
            <summary>Job ID of the query job</summary>
        </member>
        <member name="P:Google.Apis.Bigquery.v2.JobsResource.GetQueryResultsRequest.MaxResults">
            <summary>Maximum number of results to read</summary>
        </member>
        <member name="P:Google.Apis.Bigquery.v2.JobsResource.GetQueryResultsRequest.ProjectId">
            <summary>Project ID of the query job</summary>
        </member>
        <member name="P:Google.Apis.Bigquery.v2.JobsResource.GetQueryResultsRequest.StartIndex">
            <summary>Zero-based index of the starting row</summary>
        </member>
        <member name="P:Google.Apis.Bigquery.v2.JobsResource.GetQueryResultsRequest.TimeoutMs">
            <summary>How long to wait for the query to complete, in milliseconds, before returning. Default is to return immediately. If the timeout passes before the job completes, the request will fail with a TIMEOUT error</summary>
        </member>
        <member name="P:Google.Apis.Bigquery.v2.JobsResource.InsertRequest.Oauth_token">
            <summary>OAuth 2.0 token for the current user.</summary>
        </member>
        <member name="P:Google.Apis.Bigquery.v2.JobsResource.InsertRequest.PrettyPrint">
            <summary>Returns response with indentations and line breaks.</summary>
        </member>
        <member name="P:Google.Apis.Bigquery.v2.JobsResource.InsertRequest.QuotaUser">
            <summary>Available to use for quota purposes for server-side applications. Can be any arbitrary string assigned to a user, but should not exceed 40 characters. Overrides userIp if both are provided.</summary>
        </member>
        <member name="P:Google.Apis.Bigquery.v2.JobsResource.InsertRequest.ProjectId">
            <summary>Project ID of the project that will be billed for the job</summary>
        </member>
        <member name="P:Google.Apis.Bigquery.v2.JobsResource.InsertRequest.Body">
            <summary>Gets/Sets the Body of this Request.</summary>
        </member>
        <member name="P:Google.Apis.Bigquery.v2.JobsResource.ListRequest.Oauth_token">
            <summary>OAuth 2.0 token for the current user.</summary>
        </member>
        <member name="P:Google.Apis.Bigquery.v2.JobsResource.ListRequest.PrettyPrint">
            <summary>Returns response with indentations and line breaks.</summary>
        </member>
        <member name="P:Google.Apis.Bigquery.v2.JobsResource.ListRequest.QuotaUser">
            <summary>Available to use for quota purposes for server-side applications. Can be any arbitrary string assigned to a user, but should not exceed 40 characters. Overrides userIp if both are provided.</summary>
        </member>
        <member name="P:Google.Apis.Bigquery.v2.JobsResource.ListRequest.AllUsers">
            <summary>Whether to display jobs owned by all users in the project. Default false</summary>
        </member>
        <member name="P:Google.Apis.Bigquery.v2.JobsResource.ListRequest.MaxResults">
            <summary>Maximum number of results to return</summary>
        </member>
        <member name="P:Google.Apis.Bigquery.v2.JobsResource.ListRequest.PageToken">
            <summary>Page token, returned by a previous call, to request the next page of results</summary>
        </member>
        <member name="P:Google.Apis.Bigquery.v2.JobsResource.ListRequest.ProjectId">
            <summary>Project ID of the jobs to list</summary>
        </member>
        <member name="P:Google.Apis.Bigquery.v2.JobsResource.ListRequest.Projection">
            <summary>Restrict information returned to a set of selected fields</summary>
        </member>
        <member name="P:Google.Apis.Bigquery.v2.JobsResource.ListRequest.StateFilter">
            <summary>Filter for job state</summary>
        </member>
        <member name="P:Google.Apis.Bigquery.v2.JobsResource.QueryRequest.Oauth_token">
            <summary>OAuth 2.0 token for the current user.</summary>
        </member>
        <member name="P:Google.Apis.Bigquery.v2.JobsResource.QueryRequest.PrettyPrint">
            <summary>Returns response with indentations and line breaks.</summary>
        </member>
        <member name="P:Google.Apis.Bigquery.v2.JobsResource.QueryRequest.QuotaUser">
            <summary>Available to use for quota purposes for server-side applications. Can be any arbitrary string assigned to a user, but should not exceed 40 characters. Overrides userIp if both are provided.</summary>
        </member>
        <member name="P:Google.Apis.Bigquery.v2.JobsResource.QueryRequest.ProjectId">
            <summary>Project ID of the project billed for the query</summary>
        </member>
        <member name="P:Google.Apis.Bigquery.v2.JobsResource.QueryRequest.Body">
            <summary>Gets/Sets the Body of this Request.</summary>
        </member>
        <member name="M:Google.Apis.Bigquery.v2.ProjectsResource.List">
            <summary>Lists the projects to which you have at least read access.</summary>
        </member>
        <member name="P:Google.Apis.Bigquery.v2.ProjectsResource.ListRequest.Oauth_token">
            <summary>OAuth 2.0 token for the current user.</summary>
        </member>
        <member name="P:Google.Apis.Bigquery.v2.ProjectsResource.ListRequest.PrettyPrint">
            <summary>Returns response with indentations and line breaks.</summary>
        </member>
        <member name="P:Google.Apis.Bigquery.v2.ProjectsResource.ListRequest.QuotaUser">
            <summary>Available to use for quota purposes for server-side applications. Can be any arbitrary string assigned to a user, but should not exceed 40 characters. Overrides userIp if both are provided.</summary>
        </member>
        <member name="P:Google.Apis.Bigquery.v2.ProjectsResource.ListRequest.MaxResults">
            <summary>Maximum number of results to return</summary>
        </member>
        <member name="P:Google.Apis.Bigquery.v2.ProjectsResource.ListRequest.PageToken">
            <summary>Page token, returned by a previous call, to request the next page of results</summary>
        </member>
        <member name="M:Google.Apis.Bigquery.v2.TabledataResource.List(System.String,System.String,System.String)">
            <summary>Retrieves table data from a specified set of rows.</summary>
            <param name="projectId">Required - Project ID of the table to read</param>
            <param name="datasetId">Required - Dataset ID of the table to read</param>
            <param name="tableId">Required - Table ID of the table to read</param>
        </member>
        <member name="P:Google.Apis.Bigquery.v2.TabledataResource.ListRequest.Oauth_token">
            <summary>OAuth 2.0 token for the current user.</summary>
        </member>
        <member name="P:Google.Apis.Bigquery.v2.TabledataResource.ListRequest.PrettyPrint">
            <summary>Returns response with indentations and line breaks.</summary>
        </member>
        <member name="P:Google.Apis.Bigquery.v2.TabledataResource.ListRequest.QuotaUser">
            <summary>Available to use for quota purposes for server-side applications. Can be any arbitrary string assigned to a user, but should not exceed 40 characters. Overrides userIp if both are provided.</summary>
        </member>
        <member name="P:Google.Apis.Bigquery.v2.TabledataResource.ListRequest.DatasetId">
            <summary>Dataset ID of the table to read</summary>
        </member>
        <member name="P:Google.Apis.Bigquery.v2.TabledataResource.ListRequest.MaxResults">
            <summary>Maximum number of results to return</summary>
        </member>
        <member name="P:Google.Apis.Bigquery.v2.TabledataResource.ListRequest.ProjectId">
            <summary>Project ID of the table to read</summary>
        </member>
        <member name="P:Google.Apis.Bigquery.v2.TabledataResource.ListRequest.StartIndex">
            <summary>Zero-based index of the starting row to read</summary>
        </member>
        <member name="P:Google.Apis.Bigquery.v2.TabledataResource.ListRequest.TableId">
            <summary>Table ID of the table to read</summary>
        </member>
        <member name="M:Google.Apis.Bigquery.v2.TablesResource.Delete(System.String,System.String,System.String)">
            <summary>Deletes the table specified by tableId from the dataset. If the table contains data, all the data will be deleted.</summary>
            <param name="projectId">Required - Project ID of the table to delete</param>
            <param name="datasetId">Required - Dataset ID of the table to delete</param>
            <param name="tableId">Required - Table ID of the table to delete</param>
        </member>
        <member name="M:Google.Apis.Bigquery.v2.TablesResource.Get(System.String,System.String,System.String)">
            <summary>Gets the specified table resource by table ID. This method does not return the data in the table, it only returns the table resource, which describes the structure of this table.</summary>
            <param name="projectId">Required - Project ID of the requested table</param>
            <param name="datasetId">Required - Dataset ID of the requested table</param>
            <param name="tableId">Required - Table ID of the requested table</param>
        </member>
        <member name="M:Google.Apis.Bigquery.v2.TablesResource.Insert(Google.Apis.Bigquery.v2.Data.Table,System.String,System.String)">
            <summary>Creates a new, empty table in the dataset.</summary>
            <param name="projectId">Required - Project ID of the new table</param>
            <param name="datasetId">Required - Dataset ID of the new table</param>
        </member>
        <member name="M:Google.Apis.Bigquery.v2.TablesResource.List(System.String,System.String)">
            <summary>Lists all tables in the specified dataset.</summary>
            <param name="projectId">Required - Project ID of the tables to list</param>
            <param name="datasetId">Required - Dataset ID of the tables to list</param>
        </member>
        <member name="M:Google.Apis.Bigquery.v2.TablesResource.Patch(Google.Apis.Bigquery.v2.Data.Table,System.String,System.String,System.String)">
            <summary>Updates information in an existing table, specified by tableId. This method supports patch semantics.</summary>
            <param name="projectId">Required - Project ID of the table to update</param>
            <param name="datasetId">Required - Dataset ID of the table to update</param>
            <param name="tableId">Required - Table ID of the table to update</param>
        </member>
        <member name="M:Google.Apis.Bigquery.v2.TablesResource.Update(Google.Apis.Bigquery.v2.Data.Table,System.String,System.String,System.String)">
            <summary>Updates information in an existing table, specified by tableId.</summary>
            <param name="projectId">Required - Project ID of the table to update</param>
            <param name="datasetId">Required - Dataset ID of the table to update</param>
            <param name="tableId">Required - Table ID of the table to update</param>
        </member>
        <member name="P:Google.Apis.Bigquery.v2.TablesResource.DeleteRequest.Oauth_token">
            <summary>OAuth 2.0 token for the current user.</summary>
        </member>
        <member name="P:Google.Apis.Bigquery.v2.TablesResource.DeleteRequest.PrettyPrint">
            <summary>Returns response with indentations and line breaks.</summary>
        </member>
        <member name="P:Google.Apis.Bigquery.v2.TablesResource.DeleteRequest.QuotaUser">
            <summary>Available to use for quota purposes for server-side applications. Can be any arbitrary string assigned to a user, but should not exceed 40 characters. Overrides userIp if both are provided.</summary>
        </member>
        <member name="P:Google.Apis.Bigquery.v2.TablesResource.DeleteRequest.DatasetId">
            <summary>Dataset ID of the table to delete</summary>
        </member>
        <member name="P:Google.Apis.Bigquery.v2.TablesResource.DeleteRequest.ProjectId">
            <summary>Project ID of the table to delete</summary>
        </member>
        <member name="P:Google.Apis.Bigquery.v2.TablesResource.DeleteRequest.TableId">
            <summary>Table ID of the table to delete</summary>
        </member>
        <member name="P:Google.Apis.Bigquery.v2.TablesResource.GetRequest.Oauth_token">
            <summary>OAuth 2.0 token for the current user.</summary>
        </member>
        <member name="P:Google.Apis.Bigquery.v2.TablesResource.GetRequest.PrettyPrint">
            <summary>Returns response with indentations and line breaks.</summary>
        </member>
        <member name="P:Google.Apis.Bigquery.v2.TablesResource.GetRequest.QuotaUser">
            <summary>Available to use for quota purposes for server-side applications. Can be any arbitrary string assigned to a user, but should not exceed 40 characters. Overrides userIp if both are provided.</summary>
        </member>
        <member name="P:Google.Apis.Bigquery.v2.TablesResource.GetRequest.DatasetId">
            <summary>Dataset ID of the requested table</summary>
        </member>
        <member name="P:Google.Apis.Bigquery.v2.TablesResource.GetRequest.ProjectId">
            <summary>Project ID of the requested table</summary>
        </member>
        <member name="P:Google.Apis.Bigquery.v2.TablesResource.GetRequest.TableId">
            <summary>Table ID of the requested table</summary>
        </member>
        <member name="P:Google.Apis.Bigquery.v2.TablesResource.InsertRequest.Oauth_token">
            <summary>OAuth 2.0 token for the current user.</summary>
        </member>
        <member name="P:Google.Apis.Bigquery.v2.TablesResource.InsertRequest.PrettyPrint">
            <summary>Returns response with indentations and line breaks.</summary>
        </member>
        <member name="P:Google.Apis.Bigquery.v2.TablesResource.InsertRequest.QuotaUser">
            <summary>Available to use for quota purposes for server-side applications. Can be any arbitrary string assigned to a user, but should not exceed 40 characters. Overrides userIp if both are provided.</summary>
        </member>
        <member name="P:Google.Apis.Bigquery.v2.TablesResource.InsertRequest.DatasetId">
            <summary>Dataset ID of the new table</summary>
        </member>
        <member name="P:Google.Apis.Bigquery.v2.TablesResource.InsertRequest.ProjectId">
            <summary>Project ID of the new table</summary>
        </member>
        <member name="P:Google.Apis.Bigquery.v2.TablesResource.InsertRequest.Body">
            <summary>Gets/Sets the Body of this Request.</summary>
        </member>
        <member name="P:Google.Apis.Bigquery.v2.TablesResource.ListRequest.Oauth_token">
            <summary>OAuth 2.0 token for the current user.</summary>
        </member>
        <member name="P:Google.Apis.Bigquery.v2.TablesResource.ListRequest.PrettyPrint">
            <summary>Returns response with indentations and line breaks.</summary>
        </member>
        <member name="P:Google.Apis.Bigquery.v2.TablesResource.ListRequest.QuotaUser">
            <summary>Available to use for quota purposes for server-side applications. Can be any arbitrary string assigned to a user, but should not exceed 40 characters. Overrides userIp if both are provided.</summary>
        </member>
        <member name="P:Google.Apis.Bigquery.v2.TablesResource.ListRequest.DatasetId">
            <summary>Dataset ID of the tables to list</summary>
        </member>
        <member name="P:Google.Apis.Bigquery.v2.TablesResource.ListRequest.MaxResults">
            <summary>Maximum number of results to return</summary>
        </member>
        <member name="P:Google.Apis.Bigquery.v2.TablesResource.ListRequest.PageToken">
            <summary>Page token, returned by a previous call, to request the next page of results</summary>
        </member>
        <member name="P:Google.Apis.Bigquery.v2.TablesResource.ListRequest.ProjectId">
            <summary>Project ID of the tables to list</summary>
        </member>
        <member name="P:Google.Apis.Bigquery.v2.TablesResource.PatchRequest.Oauth_token">
            <summary>OAuth 2.0 token for the current user.</summary>
        </member>
        <member name="P:Google.Apis.Bigquery.v2.TablesResource.PatchRequest.PrettyPrint">
            <summary>Returns response with indentations and line breaks.</summary>
        </member>
        <member name="P:Google.Apis.Bigquery.v2.TablesResource.PatchRequest.QuotaUser">
            <summary>Available to use for quota purposes for server-side applications. Can be any arbitrary string assigned to a user, but should not exceed 40 characters. Overrides userIp if both are provided.</summary>
        </member>
        <member name="P:Google.Apis.Bigquery.v2.TablesResource.PatchRequest.DatasetId">
            <summary>Dataset ID of the table to update</summary>
        </member>
        <member name="P:Google.Apis.Bigquery.v2.TablesResource.PatchRequest.ProjectId">
            <summary>Project ID of the table to update</summary>
        </member>
        <member name="P:Google.Apis.Bigquery.v2.TablesResource.PatchRequest.TableId">
            <summary>Table ID of the table to update</summary>
        </member>
        <member name="P:Google.Apis.Bigquery.v2.TablesResource.PatchRequest.Body">
            <summary>Gets/Sets the Body of this Request.</summary>
        </member>
        <member name="P:Google.Apis.Bigquery.v2.TablesResource.UpdateRequest.Oauth_token">
            <summary>OAuth 2.0 token for the current user.</summary>
        </member>
        <member name="P:Google.Apis.Bigquery.v2.TablesResource.UpdateRequest.PrettyPrint">
            <summary>Returns response with indentations and line breaks.</summary>
        </member>
        <member name="P:Google.Apis.Bigquery.v2.TablesResource.UpdateRequest.QuotaUser">
            <summary>Available to use for quota purposes for server-side applications. Can be any arbitrary string assigned to a user, but should not exceed 40 characters. Overrides userIp if both are provided.</summary>
        </member>
        <member name="P:Google.Apis.Bigquery.v2.TablesResource.UpdateRequest.DatasetId">
            <summary>Dataset ID of the table to update</summary>
        </member>
        <member name="P:Google.Apis.Bigquery.v2.TablesResource.UpdateRequest.ProjectId">
            <summary>Project ID of the table to update</summary>
        </member>
        <member name="P:Google.Apis.Bigquery.v2.TablesResource.UpdateRequest.TableId">
            <summary>Table ID of the table to update</summary>
        </member>
        <member name="P:Google.Apis.Bigquery.v2.TablesResource.UpdateRequest.Body">
            <summary>Gets/Sets the Body of this Request.</summary>
        </member>
    </members>
</doc>
