<?xml version="1.0"?>
<doc>
    <assembly>
        <name>Google.Apis.Tasks.v1</name>
    </assembly>
    <members>
        <member name="P:Google.Apis.Tasks.v1.Data.Task.Completed">
            <summary>Completion date of the task (as a RFC 3339 timestamp). This field is omitted if the task has not
            been completed.</summary>
        </member>
        <member name="P:Google.Apis.Tasks.v1.Data.Task.Deleted">
            <summary>Flag indicating whether the task has been deleted. The default if False.</summary>
        </member>
        <member name="P:Google.Apis.Tasks.v1.Data.Task.Due">
            <summary>Due date of the task (as a RFC 3339 timestamp). Optional.</summary>
        </member>
        <member name="P:Google.Apis.Tasks.v1.Data.Task.ETag">
            <summary>ETag of the resource.</summary>
        </member>
        <member name="P:Google.Apis.Tasks.v1.Data.Task.Hidden">
            <summary>Flag indicating whether the task is hidden. This is the case if the task had been marked completed
            when the task list was last cleared. The default is False. This field is read-only.</summary>
        </member>
        <member name="P:Google.Apis.Tasks.v1.Data.Task.Id">
            <summary>Task identifier.</summary>
        </member>
        <member name="P:Google.Apis.Tasks.v1.Data.Task.Kind">
            <summary>Type of the resource. This is always "tasks#task".</summary>
        </member>
        <member name="P:Google.Apis.Tasks.v1.Data.Task.Links">
            <summary>Collection of links. This collection is read-only.</summary>
        </member>
        <member name="P:Google.Apis.Tasks.v1.Data.Task.Notes">
            <summary>Notes describing the task. Optional.</summary>
        </member>
        <member name="P:Google.Apis.Tasks.v1.Data.Task.Parent">
            <summary>Parent task identifier. This field is omitted if it is a top-level task. This field is read-only.
            Use the "move" method to move the task under a different parent or to the top level.</summary>
        </member>
        <member name="P:Google.Apis.Tasks.v1.Data.Task.Position">
            <summary>String indicating the position of the task among its sibling tasks under the same parent task or at
            the top level. If this string is greater than another task's corresponding position string according to
            lexicographical ordering, the task is positioned after the other task under the same parent task (or at the
            top level). This field is read-only. Use the "move" method to move the task to another position.</summary>
        </member>
        <member name="P:Google.Apis.Tasks.v1.Data.Task.SelfLink">
            <summary>URL pointing to this task. Used to retrieve, update, or delete this task.</summary>
        </member>
        <member name="P:Google.Apis.Tasks.v1.Data.Task.Status">
            <summary>Status of the task. This is either "needsAction" or "completed".</summary>
        </member>
        <member name="P:Google.Apis.Tasks.v1.Data.Task.Title">
            <summary>Title of the task.</summary>
        </member>
        <member name="P:Google.Apis.Tasks.v1.Data.Task.Updated">
            <summary>Last modification time of the task (as a RFC 3339 timestamp).</summary>
        </member>
        <member name="P:Google.Apis.Tasks.v1.Data.Task.LinksData.Description">
            <summary>The description. In HTML speak: Everything between  and .</summary>
        </member>
        <member name="P:Google.Apis.Tasks.v1.Data.Task.LinksData.Link">
            <summary>The URL.</summary>
        </member>
        <member name="P:Google.Apis.Tasks.v1.Data.Task.LinksData.Type">
            <summary>Type of the link, e.g. "email".</summary>
        </member>
        <member name="P:Google.Apis.Tasks.v1.Data.TaskList.ETag">
            <summary>ETag of the resource.</summary>
        </member>
        <member name="P:Google.Apis.Tasks.v1.Data.TaskList.Id">
            <summary>Task list identifier.</summary>
        </member>
        <member name="P:Google.Apis.Tasks.v1.Data.TaskList.Kind">
            <summary>Type of the resource. This is always "tasks#taskList".</summary>
        </member>
        <member name="P:Google.Apis.Tasks.v1.Data.TaskList.SelfLink">
            <summary>URL pointing to this task list. Used to retrieve, update, or delete this task list.</summary>
        </member>
        <member name="P:Google.Apis.Tasks.v1.Data.TaskList.Title">
            <summary>Title of the task list.</summary>
        </member>
        <member name="P:Google.Apis.Tasks.v1.Data.TaskList.Updated">
            <summary>Last modification time of the task list (as a RFC 3339 timestamp).</summary>
        </member>
        <member name="P:Google.Apis.Tasks.v1.Data.TaskLists.ETag">
            <summary>ETag of the resource.</summary>
        </member>
        <member name="P:Google.Apis.Tasks.v1.Data.TaskLists.Items">
            <summary>Collection of task lists.</summary>
        </member>
        <member name="P:Google.Apis.Tasks.v1.Data.TaskLists.Kind">
            <summary>Type of the resource. This is always "tasks#taskLists".</summary>
        </member>
        <member name="P:Google.Apis.Tasks.v1.Data.TaskLists.NextPageToken">
            <summary>Token that can be used to request the next page of this result.</summary>
        </member>
        <member name="P:Google.Apis.Tasks.v1.Data.Tasks.ETag">
            <summary>ETag of the resource.</summary>
        </member>
        <member name="P:Google.Apis.Tasks.v1.Data.Tasks.Items">
            <summary>Collection of tasks.</summary>
        </member>
        <member name="P:Google.Apis.Tasks.v1.Data.Tasks.Kind">
            <summary>Type of the resource. This is always "tasks#tasks".</summary>
        </member>
        <member name="P:Google.Apis.Tasks.v1.Data.Tasks.NextPageToken">
            <summary>Token used to access the next page of this result.</summary>
        </member>
        <member name="T:Google.Apis.Tasks.v1.TasksService">
            <summary>The Tasks Service.</summary>
        </member>
        <member name="F:Google.Apis.Tasks.v1.TasksService.Version">
            <summary>The API version.</summary>
        </member>
        <member name="F:Google.Apis.Tasks.v1.TasksService.DiscoveryVersionUsed">
            <summary>The discovery version used to generate this service.</summary>
        </member>
        <member name="M:Google.Apis.Tasks.v1.TasksService.#ctor">
            <summary>Constructs a new service.</summary>
        </member>
        <member name="M:Google.Apis.Tasks.v1.TasksService.#ctor(Google.Apis.Services.BaseClientService.Initializer)">
            <summary>Constructs a new service.</summary>
            <param name="initializer">The service initializer.</param>
        </member>
        <member name="P:Google.Apis.Tasks.v1.TasksService.Features">
            <summary>Gets the service supported features.</summary>
        </member>
        <member name="P:Google.Apis.Tasks.v1.TasksService.Name">
            <summary>Gets the service name.</summary>
        </member>
        <member name="P:Google.Apis.Tasks.v1.TasksService.BaseUri">
            <summary>Gets the service base URI.</summary>
        </member>
        <member name="P:Google.Apis.Tasks.v1.TasksService.BasePath">
            <summary>Gets the service base path.</summary>
        </member>
        <member name="P:Google.Apis.Tasks.v1.TasksService.Tasklists">
            <summary>Gets the Tasklists resource.</summary>
        </member>
        <member name="P:Google.Apis.Tasks.v1.TasksService.Tasks">
            <summary>Gets the Tasks resource.</summary>
        </member>
        <member name="T:Google.Apis.Tasks.v1.TasksService.Scope">
            <summary>Available OAuth 2.0 scopes for use with the Tasks API.</summary>
        </member>
        <member name="F:Google.Apis.Tasks.v1.TasksService.Scope.Tasks">
            <summary>Manage your tasks</summary>
        </member>
        <member name="F:Google.Apis.Tasks.v1.TasksService.Scope.TasksReadonly">
            <summary>View your tasks</summary>
        </member>
        <member name="T:Google.Apis.Tasks.v1.TasksBaseServiceRequest`1">
            <summary>A base abstract class for Tasks requests.</summary>
        </member>
        <member name="M:Google.Apis.Tasks.v1.TasksBaseServiceRequest`1.#ctor(Google.Apis.Services.IClientService)">
            <summary>Constructs a new TasksBaseServiceRequest instance.</summary>
        </member>
        <member name="M:Google.Apis.Tasks.v1.TasksBaseServiceRequest`1.InitParameters">
            <summary>Initializes Tasks parameter list.</summary>
        </member>
        <member name="P:Google.Apis.Tasks.v1.TasksBaseServiceRequest`1.Alt">
            <summary>Data format for the response.</summary>
            [default: json]
        </member>
        <member name="P:Google.Apis.Tasks.v1.TasksBaseServiceRequest`1.Fields">
            <summary>Selector specifying which fields to include in a partial response.</summary>
        </member>
        <member name="P:Google.Apis.Tasks.v1.TasksBaseServiceRequest`1.Key">
            <summary>API key. Your API key identifies your project and provides you with API access, quota, and reports.
            Required unless you provide an OAuth 2.0 token.</summary>
        </member>
        <member name="P:Google.Apis.Tasks.v1.TasksBaseServiceRequest`1.OauthToken">
            <summary>OAuth 2.0 token for the current user.</summary>
        </member>
        <member name="P:Google.Apis.Tasks.v1.TasksBaseServiceRequest`1.PrettyPrint">
            <summary>Returns response with indentations and line breaks.</summary>
            [default: true]
        </member>
        <member name="P:Google.Apis.Tasks.v1.TasksBaseServiceRequest`1.QuotaUser">
            <summary>Available to use for quota purposes for server-side applications. Can be any arbitrary string
            assigned to a user, but should not exceed 40 characters. Overrides userIp if both are provided.</summary>
        </member>
        <member name="P:Google.Apis.Tasks.v1.TasksBaseServiceRequest`1.UserIp">
            <summary>IP address of the site where the request originates. Use this if you want to enforce per-user
            limits.</summary>
        </member>
        <member name="T:Google.Apis.Tasks.v1.TasksBaseServiceRequest`1.AltEnum">
            <summary>Data format for the response.</summary>
        </member>
        <member name="F:Google.Apis.Tasks.v1.TasksBaseServiceRequest`1.AltEnum.Json">
            <summary>Responses with Content-Type of application/json</summary>
        </member>
        <member name="T:Google.Apis.Tasks.v1.TasklistsResource">
            <summary>The "tasklists" collection of methods.</summary>
        </member>
        <member name="F:Google.Apis.Tasks.v1.TasklistsResource.service">
            <summary> The service whih this resource is belong to.</summary>
        </member>
        <member name="M:Google.Apis.Tasks.v1.TasklistsResource.#ctor(Google.Apis.Services.IClientService)">
            <summary>Constructs a new resource.</summary>
        </member>
        <member name="M:Google.Apis.Tasks.v1.TasklistsResource.Delete(System.String)">
            <summary>Deletes the authenticated user's specified task list.</summary>
            <param name="tasklist">Task list identifier.</param>
        </member>
        <member name="M:Google.Apis.Tasks.v1.TasklistsResource.Get(System.String)">
            <summary>Returns the authenticated user's specified task list.</summary>
            <param name="tasklist">Task list identifier.</param>
        </member>
        <member name="M:Google.Apis.Tasks.v1.TasklistsResource.Insert(Google.Apis.Tasks.v1.Data.TaskList)">
            <summary>Creates a new task list and adds it to the authenticated user's task lists.</summary>
            <param name="body">The body of the request.</param>
        </member>
        <member name="M:Google.Apis.Tasks.v1.TasklistsResource.List">
            <summary>Returns all the authenticated user's task lists.</summary>
        </member>
        <member name="M:Google.Apis.Tasks.v1.TasklistsResource.Patch(Google.Apis.Tasks.v1.Data.TaskList,System.String)">
            <summary>Updates the authenticated user's specified task list. This method supports patch
            semantics.</summary>
            <param name="body">The body of the request.</param>
            <param name="tasklist">Task list identifier.</param>
        </member>
        <member name="M:Google.Apis.Tasks.v1.TasklistsResource.Update(Google.Apis.Tasks.v1.Data.TaskList,System.String)">
            <summary>Updates the authenticated user's specified task list.</summary>
            <param name="body">The body of the request.</param>
            <param name="tasklist">Task list identifier.</param>
        </member>
        <member name="T:Google.Apis.Tasks.v1.TasklistsResource.DeleteRequest">
            <summary>Deletes the authenticated user's specified task list.</summary>
        </member>
        <member name="M:Google.Apis.Tasks.v1.TasklistsResource.DeleteRequest.#ctor(Google.Apis.Services.IClientService,System.String)">
            <summary>Constructs a new Delete request.</summary>
        </member>
        <member name="M:Google.Apis.Tasks.v1.TasklistsResource.DeleteRequest.InitParameters">
            <summary>Initializes Delete parameter list.</summary>
        </member>
        <member name="P:Google.Apis.Tasks.v1.TasklistsResource.DeleteRequest.Tasklist">
            <summary>Task list identifier.</summary>
        </member>
        <member name="P:Google.Apis.Tasks.v1.TasklistsResource.DeleteRequest.MethodName">
            <summary>Gets the method name.</summary>
        </member>
        <member name="P:Google.Apis.Tasks.v1.TasklistsResource.DeleteRequest.HttpMethod">
            <summary>Gets the HTTP method.</summary>
        </member>
        <member name="P:Google.Apis.Tasks.v1.TasklistsResource.DeleteRequest.RestPath">
            <summary>Gets the REST path.</summary>
        </member>
        <member name="T:Google.Apis.Tasks.v1.TasklistsResource.GetRequest">
            <summary>Returns the authenticated user's specified task list.</summary>
        </member>
        <member name="M:Google.Apis.Tasks.v1.TasklistsResource.GetRequest.#ctor(Google.Apis.Services.IClientService,System.String)">
            <summary>Constructs a new Get request.</summary>
        </member>
        <member name="M:Google.Apis.Tasks.v1.TasklistsResource.GetRequest.InitParameters">
            <summary>Initializes Get parameter list.</summary>
        </member>
        <member name="P:Google.Apis.Tasks.v1.TasklistsResource.GetRequest.Tasklist">
            <summary>Task list identifier.</summary>
        </member>
        <member name="P:Google.Apis.Tasks.v1.TasklistsResource.GetRequest.MethodName">
            <summary>Gets the method name.</summary>
        </member>
        <member name="P:Google.Apis.Tasks.v1.TasklistsResource.GetRequest.HttpMethod">
            <summary>Gets the HTTP method.</summary>
        </member>
        <member name="P:Google.Apis.Tasks.v1.TasklistsResource.GetRequest.RestPath">
            <summary>Gets the REST path.</summary>
        </member>
        <member name="T:Google.Apis.Tasks.v1.TasklistsResource.InsertRequest">
            <summary>Creates a new task list and adds it to the authenticated user's task lists.</summary>
        </member>
        <member name="M:Google.Apis.Tasks.v1.TasklistsResource.InsertRequest.#ctor(Google.Apis.Services.IClientService,Google.Apis.Tasks.v1.Data.TaskList)">
            <summary>Constructs a new Insert request.</summary>
        </member>
        <member name="M:Google.Apis.Tasks.v1.TasklistsResource.InsertRequest.GetBody">
            <summary>Returns the body of the request.</summary>
        </member>
        <member name="M:Google.Apis.Tasks.v1.TasklistsResource.InsertRequest.InitParameters">
            <summary>Initializes Insert parameter list.</summary>
        </member>
        <member name="P:Google.Apis.Tasks.v1.TasklistsResource.InsertRequest.Body">
            <summary>Gets or sets the body of this request.</summary>
        </member>
        <member name="P:Google.Apis.Tasks.v1.TasklistsResource.InsertRequest.MethodName">
            <summary>Gets the method name.</summary>
        </member>
        <member name="P:Google.Apis.Tasks.v1.TasklistsResource.InsertRequest.HttpMethod">
            <summary>Gets the HTTP method.</summary>
        </member>
        <member name="P:Google.Apis.Tasks.v1.TasklistsResource.InsertRequest.RestPath">
            <summary>Gets the REST path.</summary>
        </member>
        <member name="T:Google.Apis.Tasks.v1.TasklistsResource.ListRequest">
            <summary>Returns all the authenticated user's task lists.</summary>
        </member>
        <member name="M:Google.Apis.Tasks.v1.TasklistsResource.ListRequest.#ctor(Google.Apis.Services.IClientService)">
            <summary>Constructs a new List request.</summary>
        </member>
        <member name="M:Google.Apis.Tasks.v1.TasklistsResource.ListRequest.InitParameters">
            <summary>Initializes List parameter list.</summary>
        </member>
        <member name="P:Google.Apis.Tasks.v1.TasklistsResource.ListRequest.PageToken">
            <summary>Token specifying the result page to return. Optional.</summary>
        </member>
        <member name="P:Google.Apis.Tasks.v1.TasklistsResource.ListRequest.MaxResults">
            <summary>Maximum number of task lists returned on one page. Optional. The default is 100.</summary>
        </member>
        <member name="P:Google.Apis.Tasks.v1.TasklistsResource.ListRequest.MethodName">
            <summary>Gets the method name.</summary>
        </member>
        <member name="P:Google.Apis.Tasks.v1.TasklistsResource.ListRequest.HttpMethod">
            <summary>Gets the HTTP method.</summary>
        </member>
        <member name="P:Google.Apis.Tasks.v1.TasklistsResource.ListRequest.RestPath">
            <summary>Gets the REST path.</summary>
        </member>
        <member name="T:Google.Apis.Tasks.v1.TasklistsResource.PatchRequest">
            <summary>Updates the authenticated user's specified task list. This method supports patch
            semantics.</summary>
        </member>
        <member name="M:Google.Apis.Tasks.v1.TasklistsResource.PatchRequest.#ctor(Google.Apis.Services.IClientService,Google.Apis.Tasks.v1.Data.TaskList,System.String)">
            <summary>Constructs a new Patch request.</summary>
        </member>
        <member name="M:Google.Apis.Tasks.v1.TasklistsResource.PatchRequest.GetBody">
            <summary>Returns the body of the request.</summary>
        </member>
        <member name="M:Google.Apis.Tasks.v1.TasklistsResource.PatchRequest.InitParameters">
            <summary>Initializes Patch parameter list.</summary>
        </member>
        <member name="P:Google.Apis.Tasks.v1.TasklistsResource.PatchRequest.Tasklist">
            <summary>Task list identifier.</summary>
        </member>
        <member name="P:Google.Apis.Tasks.v1.TasklistsResource.PatchRequest.Body">
            <summary>Gets or sets the body of this request.</summary>
        </member>
        <member name="P:Google.Apis.Tasks.v1.TasklistsResource.PatchRequest.MethodName">
            <summary>Gets the method name.</summary>
        </member>
        <member name="P:Google.Apis.Tasks.v1.TasklistsResource.PatchRequest.HttpMethod">
            <summary>Gets the HTTP method.</summary>
        </member>
        <member name="P:Google.Apis.Tasks.v1.TasklistsResource.PatchRequest.RestPath">
            <summary>Gets the REST path.</summary>
        </member>
        <member name="T:Google.Apis.Tasks.v1.TasklistsResource.UpdateRequest">
            <summary>Updates the authenticated user's specified task list.</summary>
        </member>
        <member name="M:Google.Apis.Tasks.v1.TasklistsResource.UpdateRequest.#ctor(Google.Apis.Services.IClientService,Google.Apis.Tasks.v1.Data.TaskList,System.String)">
            <summary>Constructs a new Update request.</summary>
        </member>
        <member name="M:Google.Apis.Tasks.v1.TasklistsResource.UpdateRequest.GetBody">
            <summary>Returns the body of the request.</summary>
        </member>
        <member name="M:Google.Apis.Tasks.v1.TasklistsResource.UpdateRequest.InitParameters">
            <summary>Initializes Update parameter list.</summary>
        </member>
        <member name="P:Google.Apis.Tasks.v1.TasklistsResource.UpdateRequest.Tasklist">
            <summary>Task list identifier.</summary>
        </member>
        <member name="P:Google.Apis.Tasks.v1.TasklistsResource.UpdateRequest.Body">
            <summary>Gets or sets the body of this request.</summary>
        </member>
        <member name="P:Google.Apis.Tasks.v1.TasklistsResource.UpdateRequest.MethodName">
            <summary>Gets the method name.</summary>
        </member>
        <member name="P:Google.Apis.Tasks.v1.TasklistsResource.UpdateRequest.HttpMethod">
            <summary>Gets the HTTP method.</summary>
        </member>
        <member name="P:Google.Apis.Tasks.v1.TasklistsResource.UpdateRequest.RestPath">
            <summary>Gets the REST path.</summary>
        </member>
        <member name="T:Google.Apis.Tasks.v1.TasksResource">
            <summary>The "tasks" collection of methods.</summary>
        </member>
        <member name="F:Google.Apis.Tasks.v1.TasksResource.service">
            <summary> The service whih this resource is belong to.</summary>
        </member>
        <member name="M:Google.Apis.Tasks.v1.TasksResource.#ctor(Google.Apis.Services.IClientService)">
            <summary>Constructs a new resource.</summary>
        </member>
        <member name="M:Google.Apis.Tasks.v1.TasksResource.Clear(System.String)">
            <summary>Clears all completed tasks from the specified task list. The affected tasks will be marked as
            'hidden' and no longer be returned by default when retrieving all tasks for a task list.</summary>
            <param name="tasklist">Task list identifier.</param>
        </member>
        <member name="M:Google.Apis.Tasks.v1.TasksResource.Delete(System.String,System.String)">
            <summary>Deletes the specified task from the task list.</summary>
            <param name="tasklist">Task list identifier.</param>
            <param name="task">Task identifier.</param>
        </member>
        <member name="M:Google.Apis.Tasks.v1.TasksResource.Get(System.String,System.String)">
            <summary>Returns the specified task.</summary>
            <param name="tasklist">Task list identifier.</param>
            <param name="task">Task identifier.</param>
        </member>
        <member name="M:Google.Apis.Tasks.v1.TasksResource.Insert(Google.Apis.Tasks.v1.Data.Task,System.String)">
            <summary>Creates a new task on the specified task list.</summary>
            <param name="body">The body of the request.</param>
            <param name="tasklist">Task list identifier.</param>
        </member>
        <member name="M:Google.Apis.Tasks.v1.TasksResource.List(System.String)">
            <summary>Returns all tasks in the specified task list.</summary>
            <param name="tasklist">Task list identifier.</param>
        </member>
        <member name="M:Google.Apis.Tasks.v1.TasksResource.Move(System.String,System.String)">
            <summary>Moves the specified task to another position in the task list. This can include putting it as a
            child task under a new parent and/or move it to a different position among its sibling tasks.</summary>
            <param name="tasklist">Task list identifier.</param>
            <param name="task">Task identifier.</param>
        </member>
        <member name="M:Google.Apis.Tasks.v1.TasksResource.Patch(Google.Apis.Tasks.v1.Data.Task,System.String,System.String)">
            <summary>Updates the specified task. This method supports patch semantics.</summary>
            <param name="body">The body of the request.</param>
            <param name="tasklist">Task list identifier.</param>
            <param name="task">Task identifier.</param>
        </member>
        <member name="M:Google.Apis.Tasks.v1.TasksResource.Update(Google.Apis.Tasks.v1.Data.Task,System.String,System.String)">
            <summary>Updates the specified task.</summary>
            <param name="body">The body of the request.</param>
            <param name="tasklist">Task list identifier.</param>
            <param name="task">Task identifier.</param>
        </member>
        <member name="T:Google.Apis.Tasks.v1.TasksResource.ClearRequest">
            <summary>Clears all completed tasks from the specified task list. The affected tasks will be marked as
            'hidden' and no longer be returned by default when retrieving all tasks for a task list.</summary>
        </member>
        <member name="M:Google.Apis.Tasks.v1.TasksResource.ClearRequest.#ctor(Google.Apis.Services.IClientService,System.String)">
            <summary>Constructs a new Clear request.</summary>
        </member>
        <member name="M:Google.Apis.Tasks.v1.TasksResource.ClearRequest.InitParameters">
            <summary>Initializes Clear parameter list.</summary>
        </member>
        <member name="P:Google.Apis.Tasks.v1.TasksResource.ClearRequest.Tasklist">
            <summary>Task list identifier.</summary>
        </member>
        <member name="P:Google.Apis.Tasks.v1.TasksResource.ClearRequest.MethodName">
            <summary>Gets the method name.</summary>
        </member>
        <member name="P:Google.Apis.Tasks.v1.TasksResource.ClearRequest.HttpMethod">
            <summary>Gets the HTTP method.</summary>
        </member>
        <member name="P:Google.Apis.Tasks.v1.TasksResource.ClearRequest.RestPath">
            <summary>Gets the REST path.</summary>
        </member>
        <member name="T:Google.Apis.Tasks.v1.TasksResource.DeleteRequest">
            <summary>Deletes the specified task from the task list.</summary>
        </member>
        <member name="M:Google.Apis.Tasks.v1.TasksResource.DeleteRequest.#ctor(Google.Apis.Services.IClientService,System.String,System.String)">
            <summary>Constructs a new Delete request.</summary>
        </member>
        <member name="M:Google.Apis.Tasks.v1.TasksResource.DeleteRequest.InitParameters">
            <summary>Initializes Delete parameter list.</summary>
        </member>
        <member name="P:Google.Apis.Tasks.v1.TasksResource.DeleteRequest.Tasklist">
            <summary>Task list identifier.</summary>
        </member>
        <member name="P:Google.Apis.Tasks.v1.TasksResource.DeleteRequest.Task">
            <summary>Task identifier.</summary>
        </member>
        <member name="P:Google.Apis.Tasks.v1.TasksResource.DeleteRequest.MethodName">
            <summary>Gets the method name.</summary>
        </member>
        <member name="P:Google.Apis.Tasks.v1.TasksResource.DeleteRequest.HttpMethod">
            <summary>Gets the HTTP method.</summary>
        </member>
        <member name="P:Google.Apis.Tasks.v1.TasksResource.DeleteRequest.RestPath">
            <summary>Gets the REST path.</summary>
        </member>
        <member name="T:Google.Apis.Tasks.v1.TasksResource.GetRequest">
            <summary>Returns the specified task.</summary>
        </member>
        <member name="M:Google.Apis.Tasks.v1.TasksResource.GetRequest.#ctor(Google.Apis.Services.IClientService,System.String,System.String)">
            <summary>Constructs a new Get request.</summary>
        </member>
        <member name="M:Google.Apis.Tasks.v1.TasksResource.GetRequest.InitParameters">
            <summary>Initializes Get parameter list.</summary>
        </member>
        <member name="P:Google.Apis.Tasks.v1.TasksResource.GetRequest.Tasklist">
            <summary>Task list identifier.</summary>
        </member>
        <member name="P:Google.Apis.Tasks.v1.TasksResource.GetRequest.Task">
            <summary>Task identifier.</summary>
        </member>
        <member name="P:Google.Apis.Tasks.v1.TasksResource.GetRequest.MethodName">
            <summary>Gets the method name.</summary>
        </member>
        <member name="P:Google.Apis.Tasks.v1.TasksResource.GetRequest.HttpMethod">
            <summary>Gets the HTTP method.</summary>
        </member>
        <member name="P:Google.Apis.Tasks.v1.TasksResource.GetRequest.RestPath">
            <summary>Gets the REST path.</summary>
        </member>
        <member name="T:Google.Apis.Tasks.v1.TasksResource.InsertRequest">
            <summary>Creates a new task on the specified task list.</summary>
        </member>
        <member name="M:Google.Apis.Tasks.v1.TasksResource.InsertRequest.#ctor(Google.Apis.Services.IClientService,Google.Apis.Tasks.v1.Data.Task,System.String)">
            <summary>Constructs a new Insert request.</summary>
        </member>
        <member name="M:Google.Apis.Tasks.v1.TasksResource.InsertRequest.GetBody">
            <summary>Returns the body of the request.</summary>
        </member>
        <member name="M:Google.Apis.Tasks.v1.TasksResource.InsertRequest.InitParameters">
            <summary>Initializes Insert parameter list.</summary>
        </member>
        <member name="P:Google.Apis.Tasks.v1.TasksResource.InsertRequest.Tasklist">
            <summary>Task list identifier.</summary>
        </member>
        <member name="P:Google.Apis.Tasks.v1.TasksResource.InsertRequest.Parent">
            <summary>Parent task identifier. If the task is created at the top level, this parameter is omitted.
            Optional.</summary>
        </member>
        <member name="P:Google.Apis.Tasks.v1.TasksResource.InsertRequest.Previous">
            <summary>Previous sibling task identifier. If the task is created at the first position among its
            siblings, this parameter is omitted. Optional.</summary>
        </member>
        <member name="P:Google.Apis.Tasks.v1.TasksResource.InsertRequest.Body">
            <summary>Gets or sets the body of this request.</summary>
        </member>
        <member name="P:Google.Apis.Tasks.v1.TasksResource.InsertRequest.MethodName">
            <summary>Gets the method name.</summary>
        </member>
        <member name="P:Google.Apis.Tasks.v1.TasksResource.InsertRequest.HttpMethod">
            <summary>Gets the HTTP method.</summary>
        </member>
        <member name="P:Google.Apis.Tasks.v1.TasksResource.InsertRequest.RestPath">
            <summary>Gets the REST path.</summary>
        </member>
        <member name="T:Google.Apis.Tasks.v1.TasksResource.ListRequest">
            <summary>Returns all tasks in the specified task list.</summary>
        </member>
        <member name="M:Google.Apis.Tasks.v1.TasksResource.ListRequest.#ctor(Google.Apis.Services.IClientService,System.String)">
            <summary>Constructs a new List request.</summary>
        </member>
        <member name="M:Google.Apis.Tasks.v1.TasksResource.ListRequest.InitParameters">
            <summary>Initializes List parameter list.</summary>
        </member>
        <member name="P:Google.Apis.Tasks.v1.TasksResource.ListRequest.Tasklist">
            <summary>Task list identifier.</summary>
        </member>
        <member name="P:Google.Apis.Tasks.v1.TasksResource.ListRequest.DueMax">
            <summary>Upper bound for a task's due date (as a RFC 3339 timestamp) to filter by. Optional. The default
            is not to filter by due date.</summary>
        </member>
        <member name="P:Google.Apis.Tasks.v1.TasksResource.ListRequest.ShowDeleted">
            <summary>Flag indicating whether deleted tasks are returned in the result. Optional. The default is
            False.</summary>
        </member>
        <member name="P:Google.Apis.Tasks.v1.TasksResource.ListRequest.UpdatedMin">
            <summary>Lower bound for a task's last modification time (as a RFC 3339 timestamp) to filter by.
            Optional. The default is not to filter by last modification time.</summary>
        </member>
        <member name="P:Google.Apis.Tasks.v1.TasksResource.ListRequest.CompletedMin">
            <summary>Lower bound for a task's completion date (as a RFC 3339 timestamp) to filter by. Optional. The
            default is not to filter by completion date.</summary>
        </member>
        <member name="P:Google.Apis.Tasks.v1.TasksResource.ListRequest.MaxResults">
            <summary>Maximum number of task lists returned on one page. Optional. The default is 100.</summary>
        </member>
        <member name="P:Google.Apis.Tasks.v1.TasksResource.ListRequest.ShowCompleted">
            <summary>Flag indicating whether completed tasks are returned in the result. Optional. The default is
            True.</summary>
        </member>
        <member name="P:Google.Apis.Tasks.v1.TasksResource.ListRequest.PageToken">
            <summary>Token specifying the result page to return. Optional.</summary>
        </member>
        <member name="P:Google.Apis.Tasks.v1.TasksResource.ListRequest.CompletedMax">
            <summary>Upper bound for a task's completion date (as a RFC 3339 timestamp) to filter by. Optional. The
            default is not to filter by completion date.</summary>
        </member>
        <member name="P:Google.Apis.Tasks.v1.TasksResource.ListRequest.ShowHidden">
            <summary>Flag indicating whether hidden tasks are returned in the result. Optional. The default is
            False.</summary>
        </member>
        <member name="P:Google.Apis.Tasks.v1.TasksResource.ListRequest.DueMin">
            <summary>Lower bound for a task's due date (as a RFC 3339 timestamp) to filter by. Optional. The default
            is not to filter by due date.</summary>
        </member>
        <member name="P:Google.Apis.Tasks.v1.TasksResource.ListRequest.MethodName">
            <summary>Gets the method name.</summary>
        </member>
        <member name="P:Google.Apis.Tasks.v1.TasksResource.ListRequest.HttpMethod">
            <summary>Gets the HTTP method.</summary>
        </member>
        <member name="P:Google.Apis.Tasks.v1.TasksResource.ListRequest.RestPath">
            <summary>Gets the REST path.</summary>
        </member>
        <member name="T:Google.Apis.Tasks.v1.TasksResource.MoveRequest">
            <summary>Moves the specified task to another position in the task list. This can include putting it as a
            child task under a new parent and/or move it to a different position among its sibling tasks.</summary>
        </member>
        <member name="M:Google.Apis.Tasks.v1.TasksResource.MoveRequest.#ctor(Google.Apis.Services.IClientService,System.String,System.String)">
            <summary>Constructs a new Move request.</summary>
        </member>
        <member name="M:Google.Apis.Tasks.v1.TasksResource.MoveRequest.InitParameters">
            <summary>Initializes Move parameter list.</summary>
        </member>
        <member name="P:Google.Apis.Tasks.v1.TasksResource.MoveRequest.Tasklist">
            <summary>Task list identifier.</summary>
        </member>
        <member name="P:Google.Apis.Tasks.v1.TasksResource.MoveRequest.Task">
            <summary>Task identifier.</summary>
        </member>
        <member name="P:Google.Apis.Tasks.v1.TasksResource.MoveRequest.Parent">
            <summary>New parent task identifier. If the task is moved to the top level, this parameter is omitted.
            Optional.</summary>
        </member>
        <member name="P:Google.Apis.Tasks.v1.TasksResource.MoveRequest.Previous">
            <summary>New previous sibling task identifier. If the task is moved to the first position among its
            siblings, this parameter is omitted. Optional.</summary>
        </member>
        <member name="P:Google.Apis.Tasks.v1.TasksResource.MoveRequest.MethodName">
            <summary>Gets the method name.</summary>
        </member>
        <member name="P:Google.Apis.Tasks.v1.TasksResource.MoveRequest.HttpMethod">
            <summary>Gets the HTTP method.</summary>
        </member>
        <member name="P:Google.Apis.Tasks.v1.TasksResource.MoveRequest.RestPath">
            <summary>Gets the REST path.</summary>
        </member>
        <member name="T:Google.Apis.Tasks.v1.TasksResource.PatchRequest">
            <summary>Updates the specified task. This method supports patch semantics.</summary>
        </member>
        <member name="M:Google.Apis.Tasks.v1.TasksResource.PatchRequest.#ctor(Google.Apis.Services.IClientService,Google.Apis.Tasks.v1.Data.Task,System.String,System.String)">
            <summary>Constructs a new Patch request.</summary>
        </member>
        <member name="M:Google.Apis.Tasks.v1.TasksResource.PatchRequest.GetBody">
            <summary>Returns the body of the request.</summary>
        </member>
        <member name="M:Google.Apis.Tasks.v1.TasksResource.PatchRequest.InitParameters">
            <summary>Initializes Patch parameter list.</summary>
        </member>
        <member name="P:Google.Apis.Tasks.v1.TasksResource.PatchRequest.Tasklist">
            <summary>Task list identifier.</summary>
        </member>
        <member name="P:Google.Apis.Tasks.v1.TasksResource.PatchRequest.Task">
            <summary>Task identifier.</summary>
        </member>
        <member name="P:Google.Apis.Tasks.v1.TasksResource.PatchRequest.Body">
            <summary>Gets or sets the body of this request.</summary>
        </member>
        <member name="P:Google.Apis.Tasks.v1.TasksResource.PatchRequest.MethodName">
            <summary>Gets the method name.</summary>
        </member>
        <member name="P:Google.Apis.Tasks.v1.TasksResource.PatchRequest.HttpMethod">
            <summary>Gets the HTTP method.</summary>
        </member>
        <member name="P:Google.Apis.Tasks.v1.TasksResource.PatchRequest.RestPath">
            <summary>Gets the REST path.</summary>
        </member>
        <member name="T:Google.Apis.Tasks.v1.TasksResource.UpdateRequest">
            <summary>Updates the specified task.</summary>
        </member>
        <member name="M:Google.Apis.Tasks.v1.TasksResource.UpdateRequest.#ctor(Google.Apis.Services.IClientService,Google.Apis.Tasks.v1.Data.Task,System.String,System.String)">
            <summary>Constructs a new Update request.</summary>
        </member>
        <member name="M:Google.Apis.Tasks.v1.TasksResource.UpdateRequest.GetBody">
            <summary>Returns the body of the request.</summary>
        </member>
        <member name="M:Google.Apis.Tasks.v1.TasksResource.UpdateRequest.InitParameters">
            <summary>Initializes Update parameter list.</summary>
        </member>
        <member name="P:Google.Apis.Tasks.v1.TasksResource.UpdateRequest.Tasklist">
            <summary>Task list identifier.</summary>
        </member>
        <member name="P:Google.Apis.Tasks.v1.TasksResource.UpdateRequest.Task">
            <summary>Task identifier.</summary>
        </member>
        <member name="P:Google.Apis.Tasks.v1.TasksResource.UpdateRequest.Body">
            <summary>Gets or sets the body of this request.</summary>
        </member>
        <member name="P:Google.Apis.Tasks.v1.TasksResource.UpdateRequest.MethodName">
            <summary>Gets the method name.</summary>
        </member>
        <member name="P:Google.Apis.Tasks.v1.TasksResource.UpdateRequest.HttpMethod">
            <summary>Gets the HTTP method.</summary>
        </member>
        <member name="P:Google.Apis.Tasks.v1.TasksResource.UpdateRequest.RestPath">
            <summary>Gets the REST path.</summary>
        </member>
    </members>
</doc>
