<?xml version="1.0"?>
<doc>
    <assembly>
        <name>Google.Apis.Adexchangebuyer.v1</name>
    </assembly>
    <members>
        <member name="P:Google.Apis.Adexchangebuyer.v1.Data.Account.BidderLocation">
            <summary>Your bidder locations that have distinct URLs.</summary>
        </member>
        <member name="P:Google.Apis.Adexchangebuyer.v1.Data.Account.CookieMatchingNid">
            <summary>The nid parameter value used in cookie match requests. Please contact your technical account manager if you need to change this.</summary>
        </member>
        <member name="P:Google.Apis.Adexchangebuyer.v1.Data.Account.CookieMatchingUrl">
            <summary>The base URL used in cookie match requests.</summary>
        </member>
        <member name="P:Google.Apis.Adexchangebuyer.v1.Data.Account.Id">
            <summary>Account id.</summary>
        </member>
        <member name="P:Google.Apis.Adexchangebuyer.v1.Data.Account.Kind">
            <summary>Resource type.</summary>
        </member>
        <member name="P:Google.Apis.Adexchangebuyer.v1.Data.Account.MaximumTotalQps">
            <summary>The sum of all bidderLocation.maximumQps values cannot exceed this. Please contact your technical account manager if you need to change this.</summary>
        </member>
        <member name="P:Google.Apis.Adexchangebuyer.v1.Data.Account.BidderLocationData.MaximumQps">
            <summary>The maximum queries per second the Ad Exchange will send.</summary>
        </member>
        <member name="P:Google.Apis.Adexchangebuyer.v1.Data.Account.BidderLocationData.Url">
            <summary>The URL to which the Ad Exchange will send bid requests.</summary>
        </member>
        <member name="P:Google.Apis.Adexchangebuyer.v1.Data.AccountsList.Items">
            <summary>A list of accounts.</summary>
        </member>
        <member name="P:Google.Apis.Adexchangebuyer.v1.Data.AccountsList.Kind">
            <summary>Resource type.</summary>
        </member>
        <member name="P:Google.Apis.Adexchangebuyer.v1.Data.Creative.HTMLSnippet">
            <summary>The HTML snippet that displays the ad when inserted in the web page. If set, videoURL should not be set.</summary>
        </member>
        <member name="P:Google.Apis.Adexchangebuyer.v1.Data.Creative.AccountId">
            <summary>Account id.</summary>
        </member>
        <member name="P:Google.Apis.Adexchangebuyer.v1.Data.Creative.AdgroupId">
            <summary>The pretargeting adgroup id that this creative will be associated with.</summary>
        </member>
        <member name="P:Google.Apis.Adexchangebuyer.v1.Data.Creative.AdvertiserId">
            <summary>Detected advertiser id, if any. Read-only. This field should not be set in requests.</summary>
        </member>
        <member name="P:Google.Apis.Adexchangebuyer.v1.Data.Creative.AdvertiserName">
            <summary>The name of the company being advertised in the creative.</summary>
        </member>
        <member name="P:Google.Apis.Adexchangebuyer.v1.Data.Creative.Attribute">
            <summary>All attributes for the ads that may be shown from this snippet.</summary>
        </member>
        <member name="P:Google.Apis.Adexchangebuyer.v1.Data.Creative.BuyerCreativeId">
            <summary>A buyer-specific id identifying the creative in this ad.</summary>
        </member>
        <member name="P:Google.Apis.Adexchangebuyer.v1.Data.Creative.ClickThroughUrl">
            <summary>The set of destination urls for the snippet.</summary>
        </member>
        <member name="P:Google.Apis.Adexchangebuyer.v1.Data.Creative.DisapprovalReasons">
            <summary>The reason for disapproval, if any. Note that not all disapproval reasons may be categorized, so it is possible for the creative to have a status of DISAPPROVED with an empty list for disapproval_reasons. In this case, please reach out to your TAM to help debug the issue. Read-only. This field should not be set in requests.</summary>
        </member>
        <member name="P:Google.Apis.Adexchangebuyer.v1.Data.Creative.Height">
            <summary>Ad height.</summary>
        </member>
        <member name="P:Google.Apis.Adexchangebuyer.v1.Data.Creative.Kind">
            <summary>Resource type.</summary>
        </member>
        <member name="P:Google.Apis.Adexchangebuyer.v1.Data.Creative.ProductCategories">
            <summary>Detected product categories, if any. Read-only. This field should not be set in requests.</summary>
        </member>
        <member name="P:Google.Apis.Adexchangebuyer.v1.Data.Creative.SensitiveCategories">
            <summary>Detected sensitive categories, if any. Read-only. This field should not be set in requests.</summary>
        </member>
        <member name="P:Google.Apis.Adexchangebuyer.v1.Data.Creative.Status">
            <summary>Creative serving status. Read-only. This field should not be set in requests.</summary>
        </member>
        <member name="P:Google.Apis.Adexchangebuyer.v1.Data.Creative.VendorType">
            <summary>All vendor types for the ads that may be shown from this snippet.</summary>
        </member>
        <member name="P:Google.Apis.Adexchangebuyer.v1.Data.Creative.VideoURL">
            <summary>The url to fetch a video ad. If set, HTMLSnippet should not be set.</summary>
        </member>
        <member name="P:Google.Apis.Adexchangebuyer.v1.Data.Creative.Width">
            <summary>Ad width.</summary>
        </member>
        <member name="P:Google.Apis.Adexchangebuyer.v1.Data.DirectDeal.AccountId">
            <summary>The account id of the buyer this deal is for.</summary>
        </member>
        <member name="P:Google.Apis.Adexchangebuyer.v1.Data.DirectDeal.Advertiser">
            <summary>The name of the advertiser this deal is for.</summary>
        </member>
        <member name="P:Google.Apis.Adexchangebuyer.v1.Data.DirectDeal.CurrencyCode">
            <summary>The currency code that applies to the fixed_cpm value. If not set then assumed to be USD.</summary>
        </member>
        <member name="P:Google.Apis.Adexchangebuyer.v1.Data.DirectDeal.EndTime">
            <summary>End time for when this deal stops being active. If not set then this deal is valid until manually disabled by the publisher. In seconds since the epoch.</summary>
        </member>
        <member name="P:Google.Apis.Adexchangebuyer.v1.Data.DirectDeal.FixedCpm">
            <summary>The fixed price for this direct deal. In cpm micros of currency according to currency_code.</summary>
        </member>
        <member name="P:Google.Apis.Adexchangebuyer.v1.Data.DirectDeal.Id">
            <summary>Deal id.</summary>
        </member>
        <member name="P:Google.Apis.Adexchangebuyer.v1.Data.DirectDeal.Kind">
            <summary>Resource type.</summary>
        </member>
        <member name="P:Google.Apis.Adexchangebuyer.v1.Data.DirectDeal.SellerNetwork">
            <summary>The name of the publisher offering this direct deal.</summary>
        </member>
        <member name="P:Google.Apis.Adexchangebuyer.v1.Data.DirectDeal.StartTime">
            <summary>Start time for when this deal becomes active. If not set then this deal is active immediately upon creation. In seconds since the epoch.</summary>
        </member>
        <member name="P:Google.Apis.Adexchangebuyer.v1.Data.DirectDealsList.DirectDeals">
            <summary>A list of direct deals relevant for your account.</summary>
        </member>
        <member name="P:Google.Apis.Adexchangebuyer.v1.Data.DirectDealsList.Kind">
            <summary>Resource type.</summary>
        </member>
        <member name="P:Google.Apis.Adexchangebuyer.v1.AdexchangebuyerService.Key">
            <summary>Sets the API-Key (or DeveloperKey) which this service uses for all requests</summary>
        </member>
        <member name="T:Google.Apis.Adexchangebuyer.v1.AdexchangebuyerService.Scopes">
            <summary>A list of all OAuth2.0 scopes. Each of these scopes relates to a permission or group of permissions that different methods of this API may need.</summary>
        </member>
        <member name="F:Google.Apis.Adexchangebuyer.v1.AdexchangebuyerService.Scopes.AdexchangeBuyer">
            <summary>Manage your Ad Exchange buyer account configuration</summary>
        </member>
        <member name="M:Google.Apis.Adexchangebuyer.v1.AccountsResource.Get(System.Int64)">
            <summary>Gets one account by ID.</summary>
            <param name="id">Required - The account id</param>
        </member>
        <member name="M:Google.Apis.Adexchangebuyer.v1.AccountsResource.List">
            <summary>Retrieves the authenticated user&apos;s list of accounts.</summary>
        </member>
        <member name="M:Google.Apis.Adexchangebuyer.v1.AccountsResource.Patch(Google.Apis.Adexchangebuyer.v1.Data.Account,System.Int64)">
            <summary>Updates an existing account. This method supports patch semantics.</summary>
            <param name="id">Required - The account id</param>
        </member>
        <member name="M:Google.Apis.Adexchangebuyer.v1.AccountsResource.Update(Google.Apis.Adexchangebuyer.v1.Data.Account,System.Int64)">
            <summary>Updates an existing account.</summary>
            <param name="id">Required - The account id</param>
        </member>
        <member name="P:Google.Apis.Adexchangebuyer.v1.AccountsResource.GetRequest.Oauth_token">
            <summary>OAuth 2.0 token for the current user.</summary>
        </member>
        <member name="P:Google.Apis.Adexchangebuyer.v1.AccountsResource.GetRequest.PrettyPrint">
            <summary>Returns response with indentations and line breaks.</summary>
        </member>
        <member name="P:Google.Apis.Adexchangebuyer.v1.AccountsResource.GetRequest.QuotaUser">
            <summary>Available to use for quota purposes for server-side applications. Can be any arbitrary string assigned to a user, but should not exceed 40 characters. Overrides userIp if both are provided.</summary>
        </member>
        <member name="P:Google.Apis.Adexchangebuyer.v1.AccountsResource.GetRequest.Id">
            <summary>The account id</summary>
        </member>
        <member name="P:Google.Apis.Adexchangebuyer.v1.AccountsResource.ListRequest.Oauth_token">
            <summary>OAuth 2.0 token for the current user.</summary>
        </member>
        <member name="P:Google.Apis.Adexchangebuyer.v1.AccountsResource.ListRequest.PrettyPrint">
            <summary>Returns response with indentations and line breaks.</summary>
        </member>
        <member name="P:Google.Apis.Adexchangebuyer.v1.AccountsResource.ListRequest.QuotaUser">
            <summary>Available to use for quota purposes for server-side applications. Can be any arbitrary string assigned to a user, but should not exceed 40 characters. Overrides userIp if both are provided.</summary>
        </member>
        <member name="P:Google.Apis.Adexchangebuyer.v1.AccountsResource.PatchRequest.Oauth_token">
            <summary>OAuth 2.0 token for the current user.</summary>
        </member>
        <member name="P:Google.Apis.Adexchangebuyer.v1.AccountsResource.PatchRequest.PrettyPrint">
            <summary>Returns response with indentations and line breaks.</summary>
        </member>
        <member name="P:Google.Apis.Adexchangebuyer.v1.AccountsResource.PatchRequest.QuotaUser">
            <summary>Available to use for quota purposes for server-side applications. Can be any arbitrary string assigned to a user, but should not exceed 40 characters. Overrides userIp if both are provided.</summary>
        </member>
        <member name="P:Google.Apis.Adexchangebuyer.v1.AccountsResource.PatchRequest.Id">
            <summary>The account id</summary>
        </member>
        <member name="P:Google.Apis.Adexchangebuyer.v1.AccountsResource.PatchRequest.Body">
            <summary>Gets/Sets the Body of this Request.</summary>
        </member>
        <member name="P:Google.Apis.Adexchangebuyer.v1.AccountsResource.UpdateRequest.Oauth_token">
            <summary>OAuth 2.0 token for the current user.</summary>
        </member>
        <member name="P:Google.Apis.Adexchangebuyer.v1.AccountsResource.UpdateRequest.PrettyPrint">
            <summary>Returns response with indentations and line breaks.</summary>
        </member>
        <member name="P:Google.Apis.Adexchangebuyer.v1.AccountsResource.UpdateRequest.QuotaUser">
            <summary>Available to use for quota purposes for server-side applications. Can be any arbitrary string assigned to a user, but should not exceed 40 characters. Overrides userIp if both are provided.</summary>
        </member>
        <member name="P:Google.Apis.Adexchangebuyer.v1.AccountsResource.UpdateRequest.Id">
            <summary>The account id</summary>
        </member>
        <member name="P:Google.Apis.Adexchangebuyer.v1.AccountsResource.UpdateRequest.Body">
            <summary>Gets/Sets the Body of this Request.</summary>
        </member>
        <member name="M:Google.Apis.Adexchangebuyer.v1.CreativesResource.Get(System.Int64,System.String,System.String)">
            <summary>Gets the status for a single creative.</summary>
            <param name="accountId">Required - The id for the account that will serve this creative.</param>
            <param name="buyerCreativeId">Required - The buyer-specific id for this creative.</param>
            <param name="adgroupId">Required - The adgroup this creative belongs to.</param>
        </member>
        <member name="M:Google.Apis.Adexchangebuyer.v1.CreativesResource.Insert(Google.Apis.Adexchangebuyer.v1.Data.Creative)">
            <summary>Submit a new creative.</summary>
        </member>
        <member name="P:Google.Apis.Adexchangebuyer.v1.CreativesResource.GetRequest.Oauth_token">
            <summary>OAuth 2.0 token for the current user.</summary>
        </member>
        <member name="P:Google.Apis.Adexchangebuyer.v1.CreativesResource.GetRequest.PrettyPrint">
            <summary>Returns response with indentations and line breaks.</summary>
        </member>
        <member name="P:Google.Apis.Adexchangebuyer.v1.CreativesResource.GetRequest.QuotaUser">
            <summary>Available to use for quota purposes for server-side applications. Can be any arbitrary string assigned to a user, but should not exceed 40 characters. Overrides userIp if both are provided.</summary>
        </member>
        <member name="P:Google.Apis.Adexchangebuyer.v1.CreativesResource.GetRequest.AccountId">
            <summary>The id for the account that will serve this creative.</summary>
        </member>
        <member name="P:Google.Apis.Adexchangebuyer.v1.CreativesResource.GetRequest.AdgroupId">
            <summary>The adgroup this creative belongs to.</summary>
        </member>
        <member name="P:Google.Apis.Adexchangebuyer.v1.CreativesResource.GetRequest.BuyerCreativeId">
            <summary>The buyer-specific id for this creative.</summary>
        </member>
        <member name="P:Google.Apis.Adexchangebuyer.v1.CreativesResource.InsertRequest.Oauth_token">
            <summary>OAuth 2.0 token for the current user.</summary>
        </member>
        <member name="P:Google.Apis.Adexchangebuyer.v1.CreativesResource.InsertRequest.PrettyPrint">
            <summary>Returns response with indentations and line breaks.</summary>
        </member>
        <member name="P:Google.Apis.Adexchangebuyer.v1.CreativesResource.InsertRequest.QuotaUser">
            <summary>Available to use for quota purposes for server-side applications. Can be any arbitrary string assigned to a user, but should not exceed 40 characters. Overrides userIp if both are provided.</summary>
        </member>
        <member name="P:Google.Apis.Adexchangebuyer.v1.CreativesResource.InsertRequest.Body">
            <summary>Gets/Sets the Body of this Request.</summary>
        </member>
        <member name="M:Google.Apis.Adexchangebuyer.v1.DirectDealsResource.Get(System.String)">
            <summary>Gets one direct deal by ID.</summary>
            <param name="id">Required - The direct deal id</param>
        </member>
        <member name="M:Google.Apis.Adexchangebuyer.v1.DirectDealsResource.List">
            <summary>Retrieves the authenticated user&apos;s list of direct deals.</summary>
        </member>
        <member name="P:Google.Apis.Adexchangebuyer.v1.DirectDealsResource.GetRequest.Oauth_token">
            <summary>OAuth 2.0 token for the current user.</summary>
        </member>
        <member name="P:Google.Apis.Adexchangebuyer.v1.DirectDealsResource.GetRequest.PrettyPrint">
            <summary>Returns response with indentations and line breaks.</summary>
        </member>
        <member name="P:Google.Apis.Adexchangebuyer.v1.DirectDealsResource.GetRequest.QuotaUser">
            <summary>Available to use for quota purposes for server-side applications. Can be any arbitrary string assigned to a user, but should not exceed 40 characters. Overrides userIp if both are provided.</summary>
        </member>
        <member name="P:Google.Apis.Adexchangebuyer.v1.DirectDealsResource.GetRequest.Id">
            <summary>The direct deal id</summary>
        </member>
        <member name="P:Google.Apis.Adexchangebuyer.v1.DirectDealsResource.ListRequest.Oauth_token">
            <summary>OAuth 2.0 token for the current user.</summary>
        </member>
        <member name="P:Google.Apis.Adexchangebuyer.v1.DirectDealsResource.ListRequest.PrettyPrint">
            <summary>Returns response with indentations and line breaks.</summary>
        </member>
        <member name="P:Google.Apis.Adexchangebuyer.v1.DirectDealsResource.ListRequest.QuotaUser">
            <summary>Available to use for quota purposes for server-side applications. Can be any arbitrary string assigned to a user, but should not exceed 40 characters. Overrides userIp if both are provided.</summary>
        </member>
    </members>
</doc>
