<?xml version="1.0"?>
<doc>
    <assembly>
        <name>Google.Apis.Youtube.v3</name>
    </assembly>
    <members>
        <member name="T:Google.Apis.Youtube.v3.Data.Activity">
            <summary>An activity resource contains information about an action that a channel has taken on YouTube.</summary>
        </member>
        <member name="P:Google.Apis.Youtube.v3.Data.Activity.ContentDetails">
            <summary>Details about the content of an activity: the video that was shared, the channel that was subscribed to, etc.</summary>
        </member>
        <member name="P:Google.Apis.Youtube.v3.Data.Activity.ETag">
            <summary>The eTag of the activity.</summary>
        </member>
        <member name="P:Google.Apis.Youtube.v3.Data.Activity.Id">
            <summary>The unique ID of the activity.</summary>
        </member>
        <member name="P:Google.Apis.Youtube.v3.Data.Activity.Kind">
            <summary>The type of this API response.</summary>
        </member>
        <member name="P:Google.Apis.Youtube.v3.Data.Activity.Snippet">
            <summary>Basic details about an activity, including title, description, thumbnails, activity type and group.</summary>
        </member>
        <member name="T:Google.Apis.Youtube.v3.Data.ActivityContentDetails">
            <summary>Details about the content of an activity: the video that was shared, the channel that was subscribed to, etc.</summary>
        </member>
        <member name="P:Google.Apis.Youtube.v3.Data.ActivityContentDetails.Bulletin">
            <summary>Only present if the type is &quot;bulletin&quot;.</summary>
        </member>
        <member name="P:Google.Apis.Youtube.v3.Data.ActivityContentDetails.Comment">
            <summary>Only present if the type is &quot;comment&quot;.</summary>
        </member>
        <member name="P:Google.Apis.Youtube.v3.Data.ActivityContentDetails.Favorite">
            <summary>Only present if the type is &quot;favorite&quot;.</summary>
        </member>
        <member name="P:Google.Apis.Youtube.v3.Data.ActivityContentDetails.Like">
            <summary>Only present if the type is &quot;like&quot;.</summary>
        </member>
        <member name="P:Google.Apis.Youtube.v3.Data.ActivityContentDetails.PlaylistItem">
            <summary>Only present if the type is &quot;playlistItem&quot;.</summary>
        </member>
        <member name="P:Google.Apis.Youtube.v3.Data.ActivityContentDetails.Recommendation">
            <summary>Only set if the type is &quot;recommendation&quot;.</summary>
        </member>
        <member name="P:Google.Apis.Youtube.v3.Data.ActivityContentDetails.Social">
            <summary>Only present if the type is &quot;social&quot;.</summary>
        </member>
        <member name="P:Google.Apis.Youtube.v3.Data.ActivityContentDetails.Subscription">
            <summary>Only present if the type is &quot;subscription&quot;.</summary>
        </member>
        <member name="P:Google.Apis.Youtube.v3.Data.ActivityContentDetails.Upload">
            <summary>Only present if the type is &quot;upload&quot;.</summary>
        </member>
        <member name="T:Google.Apis.Youtube.v3.Data.ActivityContentDetails.BulletinData">
            <summary>Only present if the type is &quot;bulletin&quot;.</summary>
        </member>
        <member name="P:Google.Apis.Youtube.v3.Data.ActivityContentDetails.BulletinData.ResourceId">
            <summary>A resource id is a generic reference that points to another YouTube resource.</summary>
        </member>
        <member name="T:Google.Apis.Youtube.v3.Data.ActivityContentDetails.CommentData">
            <summary>Only present if the type is &quot;comment&quot;.</summary>
        </member>
        <member name="P:Google.Apis.Youtube.v3.Data.ActivityContentDetails.CommentData.ResourceId">
            <summary>A resource id is a generic reference that points to another YouTube resource.</summary>
        </member>
        <member name="T:Google.Apis.Youtube.v3.Data.ActivityContentDetails.FavoriteData">
            <summary>Only present if the type is &quot;favorite&quot;.</summary>
        </member>
        <member name="P:Google.Apis.Youtube.v3.Data.ActivityContentDetails.FavoriteData.ResourceId">
            <summary>A resource id is a generic reference that points to another YouTube resource.</summary>
        </member>
        <member name="T:Google.Apis.Youtube.v3.Data.ActivityContentDetails.LikeData">
            <summary>Only present if the type is &quot;like&quot;.</summary>
        </member>
        <member name="P:Google.Apis.Youtube.v3.Data.ActivityContentDetails.LikeData.ResourceId">
            <summary>A resource id is a generic reference that points to another YouTube resource.</summary>
        </member>
        <member name="T:Google.Apis.Youtube.v3.Data.ActivityContentDetails.PlaylistItemData">
            <summary>Only present if the type is &quot;playlistItem&quot;.</summary>
        </member>
        <member name="P:Google.Apis.Youtube.v3.Data.ActivityContentDetails.PlaylistItemData.PlaylistId">
            <summary>ID of the playlist the resource was added to.</summary>
        </member>
        <member name="P:Google.Apis.Youtube.v3.Data.ActivityContentDetails.PlaylistItemData.ResourceId">
            <summary>A resource id is a generic reference that points to another YouTube resource.</summary>
        </member>
        <member name="T:Google.Apis.Youtube.v3.Data.ActivityContentDetails.RecommendationData">
            <summary>Only set if the type is &quot;recommendation&quot;.</summary>
        </member>
        <member name="P:Google.Apis.Youtube.v3.Data.ActivityContentDetails.RecommendationData.Reason">
            <summary>Reason for which the video was recommended.</summary>
        </member>
        <member name="P:Google.Apis.Youtube.v3.Data.ActivityContentDetails.RecommendationData.ResourceId">
            <summary>A resource id is a generic reference that points to another YouTube resource.</summary>
        </member>
        <member name="P:Google.Apis.Youtube.v3.Data.ActivityContentDetails.RecommendationData.SeedResourceId">
            <summary>A resource id is a generic reference that points to another YouTube resource.</summary>
        </member>
        <member name="T:Google.Apis.Youtube.v3.Data.ActivityContentDetails.SocialData">
            <summary>Only present if the type is &quot;social&quot;.</summary>
        </member>
        <member name="P:Google.Apis.Youtube.v3.Data.ActivityContentDetails.SocialData.Author">
            <summary>Author of the post.</summary>
        </member>
        <member name="P:Google.Apis.Youtube.v3.Data.ActivityContentDetails.SocialData.ImageUrl">
            <summary>Image of the post author.</summary>
        </member>
        <member name="P:Google.Apis.Youtube.v3.Data.ActivityContentDetails.SocialData.ReferenceUrl">
            <summary>Url of the social post.</summary>
        </member>
        <member name="P:Google.Apis.Youtube.v3.Data.ActivityContentDetails.SocialData.ResourceId">
            <summary>A resource id is a generic reference that points to another YouTube resource.</summary>
        </member>
        <member name="P:Google.Apis.Youtube.v3.Data.ActivityContentDetails.SocialData.Type">
            <summary>Type of the social network.</summary>
        </member>
        <member name="T:Google.Apis.Youtube.v3.Data.ActivityContentDetails.SubscriptionData">
            <summary>Only present if the type is &quot;subscription&quot;.</summary>
        </member>
        <member name="P:Google.Apis.Youtube.v3.Data.ActivityContentDetails.SubscriptionData.ResourceId">
            <summary>A resource id is a generic reference that points to another YouTube resource.</summary>
        </member>
        <member name="T:Google.Apis.Youtube.v3.Data.ActivityContentDetails.UploadData">
            <summary>Only present if the type is &quot;upload&quot;.</summary>
        </member>
        <member name="P:Google.Apis.Youtube.v3.Data.ActivityContentDetails.UploadData.VideoId">
            <summary>ID of the uploaded video.</summary>
        </member>
        <member name="T:Google.Apis.Youtube.v3.Data.ActivityListResponse">
            <summary>A paginated list of activities returned as a response to youtube.activities.list calls.</summary>
        </member>
        <member name="P:Google.Apis.Youtube.v3.Data.ActivityListResponse.ETag">
            <summary>The eTag of the response.</summary>
        </member>
        <member name="P:Google.Apis.Youtube.v3.Data.ActivityListResponse.Items">
            <summary>List of activities matching the request criteria.</summary>
        </member>
        <member name="P:Google.Apis.Youtube.v3.Data.ActivityListResponse.Kind">
            <summary>The type of this API response.</summary>
        </member>
        <member name="P:Google.Apis.Youtube.v3.Data.ActivityListResponse.NextPageToken">
            <summary>Token to the next page.</summary>
        </member>
        <member name="P:Google.Apis.Youtube.v3.Data.ActivityListResponse.PageInfo">
            <summary>Paging details for lists of resources, including total number of items available and number of resources returned in a single page.</summary>
        </member>
        <member name="P:Google.Apis.Youtube.v3.Data.ActivityListResponse.PrevPageToken">
            <summary>Token to the previous page.</summary>
        </member>
        <member name="T:Google.Apis.Youtube.v3.Data.ActivitySnippet">
            <summary>Basic details about an activity, including title, description, thumbnails, activity type and group.</summary>
        </member>
        <member name="P:Google.Apis.Youtube.v3.Data.ActivitySnippet.ChannelId">
            <summary>Channel publishing the activity.</summary>
        </member>
        <member name="P:Google.Apis.Youtube.v3.Data.ActivitySnippet.Description">
            <summary>Description of the activity.</summary>
        </member>
        <member name="P:Google.Apis.Youtube.v3.Data.ActivitySnippet.GroupId">
            <summary>Id of the group that this activity is part of.</summary>
        </member>
        <member name="P:Google.Apis.Youtube.v3.Data.ActivitySnippet.PublishedAt">
            <summary>Date and time the activity was published at.</summary>
        </member>
        <member name="P:Google.Apis.Youtube.v3.Data.ActivitySnippet.Thumbnails">
            <summary>Activity thumbnails.</summary>
        </member>
        <member name="P:Google.Apis.Youtube.v3.Data.ActivitySnippet.Title">
            <summary>Title of the activity.</summary>
        </member>
        <member name="P:Google.Apis.Youtube.v3.Data.ActivitySnippet.Type">
            <summary>Type of the activity.</summary>
        </member>
        <member name="T:Google.Apis.Youtube.v3.Data.ActivitySnippet.ThumbnailsData">
            <summary>Activity thumbnails.</summary>
        </member>
        <member name="T:Google.Apis.Youtube.v3.Data.Channel">
            <summary>A channel resource contains information about a single YouTube channel.</summary>
        </member>
        <member name="P:Google.Apis.Youtube.v3.Data.Channel.ContentDetails">
            <summary>Details about the content of a channel.</summary>
        </member>
        <member name="P:Google.Apis.Youtube.v3.Data.Channel.ETag">
            <summary>The eTag of the channel.</summary>
        </member>
        <member name="P:Google.Apis.Youtube.v3.Data.Channel.Id">
            <summary>The unique ID of the channel.</summary>
        </member>
        <member name="P:Google.Apis.Youtube.v3.Data.Channel.Kind">
            <summary>The type of this API resource.</summary>
        </member>
        <member name="P:Google.Apis.Youtube.v3.Data.Channel.Snippet">
            <summary>Basic details about a channel, including title, description and thumbnails.</summary>
        </member>
        <member name="P:Google.Apis.Youtube.v3.Data.Channel.Statistics">
            <summary>Statistics about a channel: number of subscribers, number of videos in the channel, etc.</summary>
        </member>
        <member name="P:Google.Apis.Youtube.v3.Data.Channel.TopicDetails">
            <summary>Freebase topic information related to the channel.</summary>
        </member>
        <member name="T:Google.Apis.Youtube.v3.Data.ChannelContentDetails">
            <summary>Details about the content of a channel.</summary>
        </member>
        <member name="P:Google.Apis.Youtube.v3.Data.ChannelContentDetails.PrivacyStatus">
            <summary>Privacy status of the channel.</summary>
        </member>
        <member name="P:Google.Apis.Youtube.v3.Data.ChannelContentDetails.Uploads">
            <summary>The ID of the playlist containing the uploads of this channel.</summary>
        </member>
        <member name="T:Google.Apis.Youtube.v3.Data.ChannelListResponse">
            <summary>A paginated list of channels returned as the response to a youtube.channels.list call.</summary>
        </member>
        <member name="P:Google.Apis.Youtube.v3.Data.ChannelListResponse.ETag">
            <summary>The eTag of the response.</summary>
        </member>
        <member name="P:Google.Apis.Youtube.v3.Data.ChannelListResponse.Items">
            <summary>List of channels matching the request criteria.</summary>
        </member>
        <member name="P:Google.Apis.Youtube.v3.Data.ChannelListResponse.Kind">
            <summary>The type of this API response.</summary>
        </member>
        <member name="P:Google.Apis.Youtube.v3.Data.ChannelListResponse.NextPageToken">
            <summary>Token to the next page.</summary>
        </member>
        <member name="P:Google.Apis.Youtube.v3.Data.ChannelListResponse.PageInfo">
            <summary>Paging details for lists of resources, including total number of items available and number of resources returned in a single page.</summary>
        </member>
        <member name="P:Google.Apis.Youtube.v3.Data.ChannelListResponse.PrevPageToken">
            <summary>Token to the previous page.</summary>
        </member>
        <member name="T:Google.Apis.Youtube.v3.Data.ChannelSnippet">
            <summary>Basic details about a channel, including title, description and thumbnails.</summary>
        </member>
        <member name="P:Google.Apis.Youtube.v3.Data.ChannelSnippet.ChannelId">
            <summary>Id of the channel.</summary>
        </member>
        <member name="P:Google.Apis.Youtube.v3.Data.ChannelSnippet.Description">
            <summary>Description of the channel.</summary>
        </member>
        <member name="P:Google.Apis.Youtube.v3.Data.ChannelSnippet.PublishedAt">
            <summary>Date and time the channel was published at.</summary>
        </member>
        <member name="P:Google.Apis.Youtube.v3.Data.ChannelSnippet.Thumbnails">
            <summary>Channel thumbnails.</summary>
        </member>
        <member name="P:Google.Apis.Youtube.v3.Data.ChannelSnippet.Title">
            <summary>Title of the channel.</summary>
        </member>
        <member name="T:Google.Apis.Youtube.v3.Data.ChannelSnippet.ThumbnailsData">
            <summary>Channel thumbnails.</summary>
        </member>
        <member name="T:Google.Apis.Youtube.v3.Data.ChannelStatistics">
            <summary>Statistics about a channel: number of subscribers, number of videos in the channel, etc.</summary>
        </member>
        <member name="P:Google.Apis.Youtube.v3.Data.ChannelStatistics.CommentCount">
            <summary>Number of comments for this channel.</summary>
        </member>
        <member name="P:Google.Apis.Youtube.v3.Data.ChannelStatistics.SubscriberCount">
            <summary>Number of subscribers to this channel.</summary>
        </member>
        <member name="P:Google.Apis.Youtube.v3.Data.ChannelStatistics.VideoCount">
            <summary>Number of videos in the channel.</summary>
        </member>
        <member name="P:Google.Apis.Youtube.v3.Data.ChannelStatistics.ViewCount">
            <summary>Number of times the channel has been viewed.</summary>
        </member>
        <member name="T:Google.Apis.Youtube.v3.Data.ChannelTopicDetails">
            <summary>Freebase topic information related to the channel.</summary>
        </member>
        <member name="P:Google.Apis.Youtube.v3.Data.ChannelTopicDetails.TopicIds">
            <summary>List of topic ids for this channel *</summary>
        </member>
        <member name="T:Google.Apis.Youtube.v3.Data.GuideCategory">
            <summary>A guideCategory resource identifies a category that YouTube assigns based on a channel&apos;s content or other indicators, such as the channel&apos;s popularity.</summary>
        </member>
        <member name="P:Google.Apis.Youtube.v3.Data.GuideCategory.ETag">
            <summary>The eTag of the guide category.</summary>
        </member>
        <member name="P:Google.Apis.Youtube.v3.Data.GuideCategory.Id">
            <summary>The unique ID of the guide category.</summary>
        </member>
        <member name="P:Google.Apis.Youtube.v3.Data.GuideCategory.Kind">
            <summary>The type of this API resource.</summary>
        </member>
        <member name="P:Google.Apis.Youtube.v3.Data.GuideCategory.Snippet">
            <summary>Basic details about a guide category.</summary>
        </member>
        <member name="T:Google.Apis.Youtube.v3.Data.GuideCategoryListResponse">
            <summary>A paginated list of guide categories returned as the response to a youtube.guideCategories.list call.</summary>
        </member>
        <member name="P:Google.Apis.Youtube.v3.Data.GuideCategoryListResponse.ETag">
            <summary>The eTag of the response.</summary>
        </member>
        <member name="P:Google.Apis.Youtube.v3.Data.GuideCategoryListResponse.Items">
            <summary>List of categories matching the request criteria.</summary>
        </member>
        <member name="P:Google.Apis.Youtube.v3.Data.GuideCategoryListResponse.Kind">
            <summary>The type of this API response.</summary>
        </member>
        <member name="T:Google.Apis.Youtube.v3.Data.GuideCategorySnippet">
            <summary>Basic details about a guide category.</summary>
        </member>
        <member name="P:Google.Apis.Youtube.v3.Data.GuideCategorySnippet.ChannelId">
            <summary>Channel publishing the guide category.</summary>
        </member>
        <member name="P:Google.Apis.Youtube.v3.Data.GuideCategorySnippet.Title">
            <summary>Title of the guide category.</summary>
        </member>
        <member name="T:Google.Apis.Youtube.v3.Data.PageInfo">
            <summary>Paging details for lists of resources, including total number of items available and number of resources returned in a single page.</summary>
        </member>
        <member name="P:Google.Apis.Youtube.v3.Data.PageInfo.ResultsPerPage">
            <summary>The number of results to display for each page.</summary>
        </member>
        <member name="P:Google.Apis.Youtube.v3.Data.PageInfo.TotalResults">
            <summary>The total number of results.</summary>
        </member>
        <member name="T:Google.Apis.Youtube.v3.Data.Playlist">
            <summary>A playlist resource represents a single YouTube playlist.</summary>
        </member>
        <member name="P:Google.Apis.Youtube.v3.Data.Playlist.ETag">
            <summary>The eTag of the playlist.</summary>
        </member>
        <member name="P:Google.Apis.Youtube.v3.Data.Playlist.Id">
            <summary>The unique id of the playlist.</summary>
        </member>
        <member name="P:Google.Apis.Youtube.v3.Data.Playlist.Kind">
            <summary>The type of this API resource.</summary>
        </member>
        <member name="P:Google.Apis.Youtube.v3.Data.Playlist.Snippet">
            <summary>Basic details about a playlist, including title, description and thumbnails.</summary>
        </member>
        <member name="P:Google.Apis.Youtube.v3.Data.Playlist.Status">
            <summary>The status details of a playlist describes whether the playlist is private.</summary>
        </member>
        <member name="T:Google.Apis.Youtube.v3.Data.PlaylistItem">
            <summary>A playlistItem resource refers to another resource, such as a video, that is included in a playlist.</summary>
        </member>
        <member name="P:Google.Apis.Youtube.v3.Data.PlaylistItem.ContentDetails">
            <summary>Details about the content of a playlist item, such as the video or the video fragment start and end time included in the playlist.</summary>
        </member>
        <member name="P:Google.Apis.Youtube.v3.Data.PlaylistItem.ETag">
            <summary>The eTag of the playlist item.</summary>
        </member>
        <member name="P:Google.Apis.Youtube.v3.Data.PlaylistItem.Id">
            <summary>The unique id of the playlist item.</summary>
        </member>
        <member name="P:Google.Apis.Youtube.v3.Data.PlaylistItem.Kind">
            <summary>The type of this API resource.</summary>
        </member>
        <member name="P:Google.Apis.Youtube.v3.Data.PlaylistItem.Snippet">
            <summary>Basic details about an item included in a playlist, including title, description, thumbnails, playlist the item is part of and position of the item inside the playlist.</summary>
        </member>
        <member name="T:Google.Apis.Youtube.v3.Data.PlaylistItemContentDetails">
            <summary>Details about the content of a playlist item, such as the video or the video fragment start and end time included in the playlist.</summary>
        </member>
        <member name="P:Google.Apis.Youtube.v3.Data.PlaylistItemContentDetails.EndAt">
            <summary>The time video playback ends.</summary>
        </member>
        <member name="P:Google.Apis.Youtube.v3.Data.PlaylistItemContentDetails.Note">
            <summary>The user-generated note for this item.</summary>
        </member>
        <member name="P:Google.Apis.Youtube.v3.Data.PlaylistItemContentDetails.StartAt">
            <summary>The time video playback begins.</summary>
        </member>
        <member name="P:Google.Apis.Youtube.v3.Data.PlaylistItemContentDetails.VideoId">
            <summary>ID of the video.</summary>
        </member>
        <member name="T:Google.Apis.Youtube.v3.Data.PlaylistItemListResponse">
            <summary>A paginated list of playlist items returned as the response to a youtube.playlistItems.list call.</summary>
        </member>
        <member name="P:Google.Apis.Youtube.v3.Data.PlaylistItemListResponse.ETag">
            <summary>The eTag of the response.</summary>
        </member>
        <member name="P:Google.Apis.Youtube.v3.Data.PlaylistItemListResponse.Items">
            <summary>List of playlist items matching the request criteria.</summary>
        </member>
        <member name="P:Google.Apis.Youtube.v3.Data.PlaylistItemListResponse.Kind">
            <summary>The type of this API response.</summary>
        </member>
        <member name="P:Google.Apis.Youtube.v3.Data.PlaylistItemListResponse.NextPageToken">
            <summary>Token to the next page.</summary>
        </member>
        <member name="P:Google.Apis.Youtube.v3.Data.PlaylistItemListResponse.PageInfo">
            <summary>Paging details for lists of resources, including total number of items available and number of resources returned in a single page.</summary>
        </member>
        <member name="P:Google.Apis.Youtube.v3.Data.PlaylistItemListResponse.PrevPageToken">
            <summary>Token to the previous page.</summary>
        </member>
        <member name="T:Google.Apis.Youtube.v3.Data.PlaylistItemSnippet">
            <summary>Basic details about an item included in a playlist, including title, description, thumbnails, playlist the item is part of and position of the item inside the playlist.</summary>
        </member>
        <member name="P:Google.Apis.Youtube.v3.Data.PlaylistItemSnippet.ChannelId">
            <summary>Channel publishing the playlist item.</summary>
        </member>
        <member name="P:Google.Apis.Youtube.v3.Data.PlaylistItemSnippet.Description">
            <summary>Description of the playlist item.</summary>
        </member>
        <member name="P:Google.Apis.Youtube.v3.Data.PlaylistItemSnippet.PlaylistId">
            <summary>The playlist the item is part of.</summary>
        </member>
        <member name="P:Google.Apis.Youtube.v3.Data.PlaylistItemSnippet.Position">
            <summary>The position of the item within the playlist.</summary>
        </member>
        <member name="P:Google.Apis.Youtube.v3.Data.PlaylistItemSnippet.PublishedAt">
            <summary>Date and time the playlist item was published at.</summary>
        </member>
        <member name="P:Google.Apis.Youtube.v3.Data.PlaylistItemSnippet.ResourceId">
            <summary>A resource id is a generic reference that points to another YouTube resource.</summary>
        </member>
        <member name="P:Google.Apis.Youtube.v3.Data.PlaylistItemSnippet.Thumbnails">
            <summary>Playlist item thumbnails.</summary>
        </member>
        <member name="P:Google.Apis.Youtube.v3.Data.PlaylistItemSnippet.Title">
            <summary>Title of the playlist item.</summary>
        </member>
        <member name="T:Google.Apis.Youtube.v3.Data.PlaylistItemSnippet.ThumbnailsData">
            <summary>Playlist item thumbnails.</summary>
        </member>
        <member name="T:Google.Apis.Youtube.v3.Data.PlaylistListResponse">
            <summary>A paginated list of playlists returned as the response to a youtube.playlists.list call.</summary>
        </member>
        <member name="P:Google.Apis.Youtube.v3.Data.PlaylistListResponse.ETag">
            <summary>The eTag of the response.</summary>
        </member>
        <member name="P:Google.Apis.Youtube.v3.Data.PlaylistListResponse.Items">
            <summary>List of playlists matching the request criteria.</summary>
        </member>
        <member name="P:Google.Apis.Youtube.v3.Data.PlaylistListResponse.Kind">
            <summary>The type of this API response.</summary>
        </member>
        <member name="P:Google.Apis.Youtube.v3.Data.PlaylistListResponse.NextPageToken">
            <summary>Token to the next page.</summary>
        </member>
        <member name="P:Google.Apis.Youtube.v3.Data.PlaylistListResponse.PageInfo">
            <summary>Paging details for lists of resources, including total number of items available and number of resources returned in a single page.</summary>
        </member>
        <member name="P:Google.Apis.Youtube.v3.Data.PlaylistListResponse.PrevPageToken">
            <summary>Token to the previous page.</summary>
        </member>
        <member name="T:Google.Apis.Youtube.v3.Data.PlaylistSnippet">
            <summary>Basic details about a playlist, including title, description and thumbnails.</summary>
        </member>
        <member name="P:Google.Apis.Youtube.v3.Data.PlaylistSnippet.ChannelId">
            <summary>Channel publishing the playlist.</summary>
        </member>
        <member name="P:Google.Apis.Youtube.v3.Data.PlaylistSnippet.Description">
            <summary>Description of the playlist.</summary>
        </member>
        <member name="P:Google.Apis.Youtube.v3.Data.PlaylistSnippet.PublishedAt">
            <summary>Date and time the playlist was published at.</summary>
        </member>
        <member name="P:Google.Apis.Youtube.v3.Data.PlaylistSnippet.Thumbnails">
            <summary>Playlist thumbnails.</summary>
        </member>
        <member name="P:Google.Apis.Youtube.v3.Data.PlaylistSnippet.Title">
            <summary>Title of the playlist.</summary>
        </member>
        <member name="T:Google.Apis.Youtube.v3.Data.PlaylistSnippet.ThumbnailsData">
            <summary>Playlist thumbnails.</summary>
        </member>
        <member name="T:Google.Apis.Youtube.v3.Data.PlaylistStatus">
            <summary>The status details of a playlist describes whether the playlist is private.</summary>
        </member>
        <member name="P:Google.Apis.Youtube.v3.Data.PlaylistStatus.PrivacyStatus">
            <summary>Privacy of the playlist.</summary>
        </member>
        <member name="T:Google.Apis.Youtube.v3.Data.ResourceId">
            <summary>A resource id is a generic reference that points to another YouTube resource.</summary>
        </member>
        <member name="P:Google.Apis.Youtube.v3.Data.ResourceId.ChannelId">
            <summary>ID of the referred channel. Present only when type is &quot;CHANNEL&quot;.</summary>
        </member>
        <member name="P:Google.Apis.Youtube.v3.Data.ResourceId.Kind">
            <summary>The kind of the referred resource.</summary>
        </member>
        <member name="P:Google.Apis.Youtube.v3.Data.ResourceId.PlaylistId">
            <summary>ID of the referred playlist. Present only when type is &quot;PLAYLIST&quot;.</summary>
        </member>
        <member name="P:Google.Apis.Youtube.v3.Data.ResourceId.VideoId">
            <summary>ID of the referred video. Present only when type is &quot;VIDEO&quot;.</summary>
        </member>
        <member name="T:Google.Apis.Youtube.v3.Data.SearchListResponse">
            <summary>A paginated list of search results returned as the response to a youtube.search.list call.</summary>
        </member>
        <member name="P:Google.Apis.Youtube.v3.Data.SearchListResponse.ETag">
            <summary>The eTag of the response.</summary>
        </member>
        <member name="P:Google.Apis.Youtube.v3.Data.SearchListResponse.Items">
            <summary>List of results matching the request criteria.</summary>
        </member>
        <member name="P:Google.Apis.Youtube.v3.Data.SearchListResponse.Kind">
            <summary>The type of this API response.</summary>
        </member>
        <member name="P:Google.Apis.Youtube.v3.Data.SearchListResponse.NextPageToken">
            <summary>Token to the next page.</summary>
        </member>
        <member name="P:Google.Apis.Youtube.v3.Data.SearchListResponse.PageInfo">
            <summary>Paging details for lists of resources, including total number of items available and number of resources returned in a single page.</summary>
        </member>
        <member name="P:Google.Apis.Youtube.v3.Data.SearchListResponse.PrevPageToken">
            <summary>Token to the previous page.</summary>
        </member>
        <member name="T:Google.Apis.Youtube.v3.Data.SearchResult">
            <summary>A search result contains information about a YouTube video, channel, or playlist that matches the search parameters specified in an API request.</summary>
        </member>
        <member name="P:Google.Apis.Youtube.v3.Data.SearchResult.ETag">
            <summary>The eTag of the search result.</summary>
        </member>
        <member name="P:Google.Apis.Youtube.v3.Data.SearchResult.Id">
            <summary>A resource id is a generic reference that points to another YouTube resource.</summary>
        </member>
        <member name="P:Google.Apis.Youtube.v3.Data.SearchResult.Kind">
            <summary>The type of this API resource.</summary>
        </member>
        <member name="P:Google.Apis.Youtube.v3.Data.SearchResult.Snippet">
            <summary>Basic details about a search result, including title, description and thumbnails of the item referenced by the search result.</summary>
        </member>
        <member name="T:Google.Apis.Youtube.v3.Data.SearchResultSnippet">
            <summary>Basic details about a search result, including title, description and thumbnails of the item referenced by the search result.</summary>
        </member>
        <member name="P:Google.Apis.Youtube.v3.Data.SearchResultSnippet.ChannelId">
            <summary>Channel publishing the found resource.</summary>
        </member>
        <member name="P:Google.Apis.Youtube.v3.Data.SearchResultSnippet.Description">
            <summary>Description of the found resource.</summary>
        </member>
        <member name="P:Google.Apis.Youtube.v3.Data.SearchResultSnippet.PublishedAt">
            <summary>Date and time the found resource was published at.</summary>
        </member>
        <member name="P:Google.Apis.Youtube.v3.Data.SearchResultSnippet.Thumbnails">
            <summary>Thumbnails for the found resource.</summary>
        </member>
        <member name="P:Google.Apis.Youtube.v3.Data.SearchResultSnippet.Title">
            <summary>Title of the found resource.</summary>
        </member>
        <member name="T:Google.Apis.Youtube.v3.Data.SearchResultSnippet.ThumbnailsData">
            <summary>Thumbnails for the found resource.</summary>
        </member>
        <member name="T:Google.Apis.Youtube.v3.Data.Subscription">
            <summary>A subscription resource contains information about a YouTube user subscription.</summary>
        </member>
        <member name="P:Google.Apis.Youtube.v3.Data.Subscription.ContentDetails">
            <summary>Details about the content to witch a subscription refers.</summary>
        </member>
        <member name="P:Google.Apis.Youtube.v3.Data.Subscription.ETag">
            <summary>The eTag of the subscription.</summary>
        </member>
        <member name="P:Google.Apis.Youtube.v3.Data.Subscription.Id">
            <summary>The unique id of the subscription.</summary>
        </member>
        <member name="P:Google.Apis.Youtube.v3.Data.Subscription.Kind">
            <summary>The type of this API resource.</summary>
        </member>
        <member name="P:Google.Apis.Youtube.v3.Data.Subscription.Snippet">
            <summary>Basic details about a subscription, including title, description and thumbnails of the subscribed item.</summary>
        </member>
        <member name="T:Google.Apis.Youtube.v3.Data.SubscriptionContentDetails">
            <summary>Details about the content to witch a subscription refers.</summary>
        </member>
        <member name="P:Google.Apis.Youtube.v3.Data.SubscriptionContentDetails.NewItemCount">
            <summary>Number of new items in the subscription since its content was last read.</summary>
        </member>
        <member name="P:Google.Apis.Youtube.v3.Data.SubscriptionContentDetails.TotalItemCount">
            <summary>Approximate total number of items the subscription points to.</summary>
        </member>
        <member name="T:Google.Apis.Youtube.v3.Data.SubscriptionListResponse">
            <summary>A paginated list of subscriptions returned as the response to a youtube.subscriptions.list call.</summary>
        </member>
        <member name="P:Google.Apis.Youtube.v3.Data.SubscriptionListResponse.ETag">
            <summary>The eTag of the response.</summary>
        </member>
        <member name="P:Google.Apis.Youtube.v3.Data.SubscriptionListResponse.Items">
            <summary>List of subscriptions matching the request criteria.</summary>
        </member>
        <member name="P:Google.Apis.Youtube.v3.Data.SubscriptionListResponse.Kind">
            <summary>The type of this API response.</summary>
        </member>
        <member name="P:Google.Apis.Youtube.v3.Data.SubscriptionListResponse.NextPageToken">
            <summary>Token to the next page.</summary>
        </member>
        <member name="P:Google.Apis.Youtube.v3.Data.SubscriptionListResponse.PageInfo">
            <summary>Paging details for lists of resources, including total number of items available and number of resources returned in a single page.</summary>
        </member>
        <member name="P:Google.Apis.Youtube.v3.Data.SubscriptionListResponse.PrevPageToken">
            <summary>Token to the previous page.</summary>
        </member>
        <member name="T:Google.Apis.Youtube.v3.Data.SubscriptionSnippet">
            <summary>Basic details about a subscription, including title, description and thumbnails of the subscribed item.</summary>
        </member>
        <member name="P:Google.Apis.Youtube.v3.Data.SubscriptionSnippet.ChannelId">
            <summary>Channel publishing the subscription.</summary>
        </member>
        <member name="P:Google.Apis.Youtube.v3.Data.SubscriptionSnippet.Description">
            <summary>Description of the subscription.</summary>
        </member>
        <member name="P:Google.Apis.Youtube.v3.Data.SubscriptionSnippet.PublishedAt">
            <summary>Date and time the subscription was published at.</summary>
        </member>
        <member name="P:Google.Apis.Youtube.v3.Data.SubscriptionSnippet.ResourceId">
            <summary>A resource id is a generic reference that points to another YouTube resource.</summary>
        </member>
        <member name="P:Google.Apis.Youtube.v3.Data.SubscriptionSnippet.Thumbnails">
            <summary>Subscription thumbnails.</summary>
        </member>
        <member name="P:Google.Apis.Youtube.v3.Data.SubscriptionSnippet.Title">
            <summary>Title of the subscription.</summary>
        </member>
        <member name="T:Google.Apis.Youtube.v3.Data.SubscriptionSnippet.ThumbnailsData">
            <summary>Subscription thumbnails.</summary>
        </member>
        <member name="T:Google.Apis.Youtube.v3.Data.Thumbnail">
            <summary>A thumbnail is an image representing a YouTube resource.</summary>
        </member>
        <member name="P:Google.Apis.Youtube.v3.Data.Thumbnail.Url">
            <summary>The URL for the thumbnail.</summary>
        </member>
        <member name="T:Google.Apis.Youtube.v3.Data.Video">
            <summary>A video resource represents a single YouTube video.</summary>
        </member>
        <member name="P:Google.Apis.Youtube.v3.Data.Video.ContentDetails">
            <summary>Details about the media content of a YouTube video.</summary>
        </member>
        <member name="P:Google.Apis.Youtube.v3.Data.Video.ETag">
            <summary>The eTag of the video.</summary>
        </member>
        <member name="P:Google.Apis.Youtube.v3.Data.Video.Id">
            <summary>The unique id of the video.</summary>
        </member>
        <member name="P:Google.Apis.Youtube.v3.Data.Video.Kind">
            <summary>The type of this API resource.</summary>
        </member>
        <member name="P:Google.Apis.Youtube.v3.Data.Video.Player">
            <summary>Player to be used for a video playback.</summary>
        </member>
        <member name="P:Google.Apis.Youtube.v3.Data.Video.Snippet">
            <summary>Basic details about a video, including title, description, uploader, thumbnails and category.</summary>
        </member>
        <member name="P:Google.Apis.Youtube.v3.Data.Video.Statistics">
            <summary>Statistics about the video, such as the number of times the video was viewed or liked.</summary>
        </member>
        <member name="P:Google.Apis.Youtube.v3.Data.Video.Status">
            <summary>The status of a video details the video&apos;s upload status and privacy status.</summary>
        </member>
        <member name="P:Google.Apis.Youtube.v3.Data.Video.TopicDetails">
            <summary>Freebase topic information related to the video.</summary>
        </member>
        <member name="T:Google.Apis.Youtube.v3.Data.VideoCategory">
            <summary>A videoCategory resource identifies a category that has been or could be associated with uploaded videos.</summary>
        </member>
        <member name="P:Google.Apis.Youtube.v3.Data.VideoCategory.ETag">
            <summary>The eTag of the video.</summary>
        </member>
        <member name="P:Google.Apis.Youtube.v3.Data.VideoCategory.Id">
            <summary>The unique id of the video category.</summary>
        </member>
        <member name="P:Google.Apis.Youtube.v3.Data.VideoCategory.Kind">
            <summary>The type of this API resource.</summary>
        </member>
        <member name="P:Google.Apis.Youtube.v3.Data.VideoCategory.Snippet">
            <summary>Basic details about a video category, such as its localized title.</summary>
        </member>
        <member name="T:Google.Apis.Youtube.v3.Data.VideoCategoryListResponse">
            <summary>A paginated list of video categories returned as the response to a youtube.videoCategory.list call.</summary>
        </member>
        <member name="P:Google.Apis.Youtube.v3.Data.VideoCategoryListResponse.ETag">
            <summary>The eTag of the response.</summary>
        </member>
        <member name="P:Google.Apis.Youtube.v3.Data.VideoCategoryListResponse.Items">
            <summary>List of video categories matching the request criteria.</summary>
        </member>
        <member name="P:Google.Apis.Youtube.v3.Data.VideoCategoryListResponse.Kind">
            <summary>The type of this API response.</summary>
        </member>
        <member name="T:Google.Apis.Youtube.v3.Data.VideoCategorySnippet">
            <summary>Basic details about a video category, such as its localized title.</summary>
        </member>
        <member name="P:Google.Apis.Youtube.v3.Data.VideoCategorySnippet.ChannelId">
            <summary>Channel publishing the video category.</summary>
        </member>
        <member name="P:Google.Apis.Youtube.v3.Data.VideoCategorySnippet.Title">
            <summary>Title of the video category.</summary>
        </member>
        <member name="T:Google.Apis.Youtube.v3.Data.VideoContentDetails">
            <summary>Details about the media content of a YouTube video.</summary>
        </member>
        <member name="P:Google.Apis.Youtube.v3.Data.VideoContentDetails.Duration">
            <summary>Duration of the video.</summary>
        </member>
        <member name="P:Google.Apis.Youtube.v3.Data.VideoContentDetails.RegionRestriction">
            <summary>Region restriction of the video.</summary>
        </member>
        <member name="T:Google.Apis.Youtube.v3.Data.VideoContentDetails.RegionRestrictionData">
            <summary>Region restriction of the video.</summary>
        </member>
        <member name="P:Google.Apis.Youtube.v3.Data.VideoContentDetails.RegionRestrictionData.Allowed">
            <summary>List of allowed region codes.</summary>
        </member>
        <member name="P:Google.Apis.Youtube.v3.Data.VideoContentDetails.RegionRestrictionData.Blocked">
            <summary>List of blocked region codes.</summary>
        </member>
        <member name="T:Google.Apis.Youtube.v3.Data.VideoListResponse">
            <summary>A paginated list of videos returned as the response to a youtube.videos.list call.</summary>
        </member>
        <member name="P:Google.Apis.Youtube.v3.Data.VideoListResponse.ETag">
            <summary>The eTag of the response.</summary>
        </member>
        <member name="P:Google.Apis.Youtube.v3.Data.VideoListResponse.Items">
            <summary>List of videos matching the request criteria.</summary>
        </member>
        <member name="P:Google.Apis.Youtube.v3.Data.VideoListResponse.Kind">
            <summary>The type of this API response.</summary>
        </member>
        <member name="T:Google.Apis.Youtube.v3.Data.VideoPlayer">
            <summary>Player to be used for a video playback.</summary>
        </member>
        <member name="P:Google.Apis.Youtube.v3.Data.VideoPlayer.EmbedHtml">
            <summary>Iframe embed for the video.</summary>
        </member>
        <member name="T:Google.Apis.Youtube.v3.Data.VideoSnippet">
            <summary>Basic details about a video, including title, description, uploader, thumbnails and category.</summary>
        </member>
        <member name="P:Google.Apis.Youtube.v3.Data.VideoSnippet.CategoryId">
            <summary>Video category the video belongs to.</summary>
        </member>
        <member name="P:Google.Apis.Youtube.v3.Data.VideoSnippet.ChannelId">
            <summary>Channel publishing the video.</summary>
        </member>
        <member name="P:Google.Apis.Youtube.v3.Data.VideoSnippet.Description">
            <summary>Description of the video.</summary>
        </member>
        <member name="P:Google.Apis.Youtube.v3.Data.VideoSnippet.PublishedAt">
            <summary>Date and time the video was published at.</summary>
        </member>
        <member name="P:Google.Apis.Youtube.v3.Data.VideoSnippet.Tags">
            <summary>Textual tags associated with the video.</summary>
        </member>
        <member name="P:Google.Apis.Youtube.v3.Data.VideoSnippet.Thumbnails">
            <summary>Video thumbnails.</summary>
        </member>
        <member name="P:Google.Apis.Youtube.v3.Data.VideoSnippet.Title">
            <summary>Title of the video.</summary>
        </member>
        <member name="T:Google.Apis.Youtube.v3.Data.VideoSnippet.ThumbnailsData">
            <summary>Video thumbnails.</summary>
        </member>
        <member name="T:Google.Apis.Youtube.v3.Data.VideoStatistics">
            <summary>Statistics about the video, such as the number of times the video was viewed or liked.</summary>
        </member>
        <member name="P:Google.Apis.Youtube.v3.Data.VideoStatistics.CommentCount">
            <summary>Number of comments for this video.</summary>
        </member>
        <member name="P:Google.Apis.Youtube.v3.Data.VideoStatistics.DislikeCount">
            <summary>Number of times the video was disliked.</summary>
        </member>
        <member name="P:Google.Apis.Youtube.v3.Data.VideoStatistics.FavoriteCount">
            <summary>Number of times the video was added to a user&apos;s favorites list.</summary>
        </member>
        <member name="P:Google.Apis.Youtube.v3.Data.VideoStatistics.LikeCount">
            <summary>Number of times the video was liked.</summary>
        </member>
        <member name="P:Google.Apis.Youtube.v3.Data.VideoStatistics.ViewCount">
            <summary>Number of times the video was viewed.</summary>
        </member>
        <member name="T:Google.Apis.Youtube.v3.Data.VideoStatus">
            <summary>The status of a video details the video&apos;s upload status and privacy status.</summary>
        </member>
        <member name="P:Google.Apis.Youtube.v3.Data.VideoStatus.FailureReason">
            <summary>Present only if the uploadStatus indicates a failed upload.</summary>
        </member>
        <member name="P:Google.Apis.Youtube.v3.Data.VideoStatus.PrivacyStatus">
            <summary>Privacy of the video.</summary>
        </member>
        <member name="P:Google.Apis.Youtube.v3.Data.VideoStatus.RejectionReason">
            <summary>Present only if the uploadStatus indicates a rejected upload.</summary>
        </member>
        <member name="P:Google.Apis.Youtube.v3.Data.VideoStatus.UploadStatus">
            <summary>Status of the video upload.</summary>
        </member>
        <member name="T:Google.Apis.Youtube.v3.Data.VideoTopicDetails">
            <summary>Freebase topic information related to the video.</summary>
        </member>
        <member name="P:Google.Apis.Youtube.v3.Data.VideoTopicDetails.TopicIds">
            <summary>List of topic ids for this video *</summary>
        </member>
        <member name="P:Google.Apis.Youtube.v3.YoutubeService.Key">
            <summary>Sets the API-Key (or DeveloperKey) which this service uses for all requests</summary>
        </member>
        <member name="T:Google.Apis.Youtube.v3.YoutubeService.Scopes">
            <summary>A list of all OAuth2.0 scopes. Each of these scopes relates to a permission or group of permissions that different methods of this API may need.</summary>
        </member>
        <member name="F:Google.Apis.Youtube.v3.YoutubeService.Scopes.Youtube">
            <summary>Manage your YouTube account</summary>
        </member>
        <member name="F:Google.Apis.Youtube.v3.YoutubeService.Scopes.YoutubeReadonly">
            <summary>View your YouTube account</summary>
        </member>
        <member name="F:Google.Apis.Youtube.v3.YoutubeService.Scopes.YoutubeUpload">
            <summary>Manage your YouTube videos</summary>
        </member>
        <member name="F:Google.Apis.Youtube.v3.YoutubeService.Scopes.Youtubepartner">
            <summary>View and manage your assets and associated content on YouTube</summary>
        </member>
        <member name="M:Google.Apis.Youtube.v3.ActivitiesResource.Insert(Google.Apis.Youtube.v3.Data.Activity,System.String)">
            <summary>Post a channel bulletin.</summary>
            <param name="part">Required - One or more parts to return on the current request.</param>
        </member>
        <member name="M:Google.Apis.Youtube.v3.ActivitiesResource.List(System.String)">
            <summary>Browse the YouTube channel activity collection.</summary>
            <param name="part">Required - Activity parts to include in the returned response. Valid values are: id, snippet and contentDetails.</param>
        </member>
        <member name="P:Google.Apis.Youtube.v3.ActivitiesResource.InsertRequest.Oauth_token">
            <summary>OAuth 2.0 token for the current user.</summary>
        </member>
        <member name="P:Google.Apis.Youtube.v3.ActivitiesResource.InsertRequest.PrettyPrint">
            <summary>Returns response with indentations and line breaks.</summary>
        </member>
        <member name="P:Google.Apis.Youtube.v3.ActivitiesResource.InsertRequest.OnBehalfOfContentOwner">
            <summary>The authenticated user acts on behalf of this content owner.</summary>
        </member>
        <member name="P:Google.Apis.Youtube.v3.ActivitiesResource.InsertRequest.Part">
            <summary>One or more parts to return on the current request.</summary>
        </member>
        <member name="P:Google.Apis.Youtube.v3.ActivitiesResource.InsertRequest.Body">
            <summary>Gets/Sets the Body of this Request.</summary>
        </member>
        <member name="P:Google.Apis.Youtube.v3.ActivitiesResource.ListRequest.Oauth_token">
            <summary>OAuth 2.0 token for the current user.</summary>
        </member>
        <member name="P:Google.Apis.Youtube.v3.ActivitiesResource.ListRequest.PrettyPrint">
            <summary>Returns response with indentations and line breaks.</summary>
        </member>
        <member name="P:Google.Apis.Youtube.v3.ActivitiesResource.ListRequest.ChannelId">
            <summary>YouTube ID of the channel.</summary>
        </member>
        <member name="P:Google.Apis.Youtube.v3.ActivitiesResource.ListRequest.Home">
            <summary>Flag indicating to return user's homepage feed.</summary>
        </member>
        <member name="P:Google.Apis.Youtube.v3.ActivitiesResource.ListRequest.MaxResults">
            <summary>Maximum number of results to return</summary>
        </member>
        <member name="P:Google.Apis.Youtube.v3.ActivitiesResource.ListRequest.Mine">
            <summary>Flag indicating to return user's activities.</summary>
        </member>
        <member name="P:Google.Apis.Youtube.v3.ActivitiesResource.ListRequest.OnBehalfOfContentOwner">
            <summary>The authenticated user acts on behalf of this content owner.</summary>
        </member>
        <member name="P:Google.Apis.Youtube.v3.ActivitiesResource.ListRequest.PageToken">
            <summary>Token for the page selection.</summary>
        </member>
        <member name="P:Google.Apis.Youtube.v3.ActivitiesResource.ListRequest.Part">
            <summary>Activity parts to include in the returned response. Valid values are: id, snippet and contentDetails.</summary>
        </member>
        <member name="P:Google.Apis.Youtube.v3.ActivitiesResource.ListRequest.PublishedAfter">
            <summary>Only return activities published after given date (inclusive).</summary>
        </member>
        <member name="P:Google.Apis.Youtube.v3.ActivitiesResource.ListRequest.PublishedBefore">
            <summary>Only return activities published before given date (exclusive).</summary>
        </member>
        <member name="M:Google.Apis.Youtube.v3.ChannelsResource.List(System.String)">
            <summary>Browse the YouTube channel collection. Either the &apos;id&apos; or &apos;mine&apos; parameter must be set.</summary>
            <param name="part">Required - Channel parts to include in the returned response. Valid values are: id, snippet, contentDetails and topicDetails.</param>
        </member>
        <member name="P:Google.Apis.Youtube.v3.ChannelsResource.ListRequest.Oauth_token">
            <summary>OAuth 2.0 token for the current user.</summary>
        </member>
        <member name="P:Google.Apis.Youtube.v3.ChannelsResource.ListRequest.PrettyPrint">
            <summary>Returns response with indentations and line breaks.</summary>
        </member>
        <member name="P:Google.Apis.Youtube.v3.ChannelsResource.ListRequest.CategoryId">
            <summary>Filter to retrieve the channels within the given category ID.</summary>
        </member>
        <member name="P:Google.Apis.Youtube.v3.ChannelsResource.ListRequest.Id">
            <summary>YouTube IDs of the channels to be returned.</summary>
        </member>
        <member name="P:Google.Apis.Youtube.v3.ChannelsResource.ListRequest.MaxResults">
            <summary>Maximum number of results to return</summary>
        </member>
        <member name="P:Google.Apis.Youtube.v3.ChannelsResource.ListRequest.Mine">
            <summary>Filter to only channels owned by authenticated user.</summary>
        </member>
        <member name="P:Google.Apis.Youtube.v3.ChannelsResource.ListRequest.MySubscribers">
            <summary>Filter to channels that subscribed to the channel of the authenticated user.</summary>
        </member>
        <member name="P:Google.Apis.Youtube.v3.ChannelsResource.ListRequest.OnBehalfOfContentOwner">
            <summary>The authenticated user acts on behalf of this content owner.</summary>
        </member>
        <member name="P:Google.Apis.Youtube.v3.ChannelsResource.ListRequest.PageToken">
            <summary>Token for the page selection.</summary>
        </member>
        <member name="P:Google.Apis.Youtube.v3.ChannelsResource.ListRequest.Part">
            <summary>Channel parts to include in the returned response. Valid values are: id, snippet, contentDetails and topicDetails.</summary>
        </member>
        <member name="M:Google.Apis.Youtube.v3.GuideCategoriesResource.List(System.String)">
            <summary>Browse the YouTube guide category collection.</summary>
            <param name="part">Required - Guide category parts to include in the returned response. Valid values are: id and snippet.</param>
        </member>
        <member name="P:Google.Apis.Youtube.v3.GuideCategoriesResource.ListRequest.Oauth_token">
            <summary>OAuth 2.0 token for the current user.</summary>
        </member>
        <member name="P:Google.Apis.Youtube.v3.GuideCategoriesResource.ListRequest.PrettyPrint">
            <summary>Returns response with indentations and line breaks.</summary>
        </member>
        <member name="P:Google.Apis.Youtube.v3.GuideCategoriesResource.ListRequest.Hl">
            <summary>Language for the returned channelCategories.</summary>
        </member>
        <member name="P:Google.Apis.Youtube.v3.GuideCategoriesResource.ListRequest.Id">
            <summary>Comma-separated YouTube IDs of the channelCategories to be returned.</summary>
        </member>
        <member name="P:Google.Apis.Youtube.v3.GuideCategoriesResource.ListRequest.OnBehalfOfContentOwner">
            <summary>The authenticated user acts on behalf of this content owner.</summary>
        </member>
        <member name="P:Google.Apis.Youtube.v3.GuideCategoriesResource.ListRequest.Part">
            <summary>Guide category parts to include in the returned response. Valid values are: id and snippet.</summary>
        </member>
        <member name="P:Google.Apis.Youtube.v3.GuideCategoriesResource.ListRequest.RegionCode">
            <summary>Return the channelCategories in the given region code.</summary>
        </member>
        <member name="M:Google.Apis.Youtube.v3.PlaylistItemsResource.Delete(System.String)">
            <summary>Deletes playlist items by IDs.</summary>
            <param name="id">Required - YouTube IDs of the playlist items to be deleted.</param>
        </member>
        <member name="M:Google.Apis.Youtube.v3.PlaylistItemsResource.Insert(Google.Apis.Youtube.v3.Data.PlaylistItem,System.String)">
            <summary>Insert a resource into a playlist.</summary>
            <param name="part">Required - One or more parts to return on the current request.</param>
        </member>
        <member name="M:Google.Apis.Youtube.v3.PlaylistItemsResource.List(System.String)">
            <summary>Browse the YouTube playlist collection.</summary>
            <param name="part">Required - Playlist item parts to include in the returned response. Valid values are: id, snippet and contentDetails.</param>
        </member>
        <member name="M:Google.Apis.Youtube.v3.PlaylistItemsResource.Update(Google.Apis.Youtube.v3.Data.PlaylistItem,System.String)">
            <summary>Update a playlist item.</summary>
            <param name="part">Required - One or more parts to return on the current request.</param>
        </member>
        <member name="P:Google.Apis.Youtube.v3.PlaylistItemsResource.DeleteRequest.Oauth_token">
            <summary>OAuth 2.0 token for the current user.</summary>
        </member>
        <member name="P:Google.Apis.Youtube.v3.PlaylistItemsResource.DeleteRequest.PrettyPrint">
            <summary>Returns response with indentations and line breaks.</summary>
        </member>
        <member name="P:Google.Apis.Youtube.v3.PlaylistItemsResource.DeleteRequest.Id">
            <summary>YouTube IDs of the playlist items to be deleted.</summary>
        </member>
        <member name="P:Google.Apis.Youtube.v3.PlaylistItemsResource.DeleteRequest.OnBehalfOfContentOwner">
            <summary>The authenticated user acts on behalf of this content owner.</summary>
        </member>
        <member name="P:Google.Apis.Youtube.v3.PlaylistItemsResource.InsertRequest.Oauth_token">
            <summary>OAuth 2.0 token for the current user.</summary>
        </member>
        <member name="P:Google.Apis.Youtube.v3.PlaylistItemsResource.InsertRequest.PrettyPrint">
            <summary>Returns response with indentations and line breaks.</summary>
        </member>
        <member name="P:Google.Apis.Youtube.v3.PlaylistItemsResource.InsertRequest.OnBehalfOfContentOwner">
            <summary>The authenticated user acts on behalf of this content owner.</summary>
        </member>
        <member name="P:Google.Apis.Youtube.v3.PlaylistItemsResource.InsertRequest.Part">
            <summary>One or more parts to return on the current request.</summary>
        </member>
        <member name="P:Google.Apis.Youtube.v3.PlaylistItemsResource.InsertRequest.Body">
            <summary>Gets/Sets the Body of this Request.</summary>
        </member>
        <member name="P:Google.Apis.Youtube.v3.PlaylistItemsResource.ListRequest.Oauth_token">
            <summary>OAuth 2.0 token for the current user.</summary>
        </member>
        <member name="P:Google.Apis.Youtube.v3.PlaylistItemsResource.ListRequest.PrettyPrint">
            <summary>Returns response with indentations and line breaks.</summary>
        </member>
        <member name="P:Google.Apis.Youtube.v3.PlaylistItemsResource.ListRequest.Id">
            <summary>YouTube IDs of the playlist items to be returned.</summary>
        </member>
        <member name="P:Google.Apis.Youtube.v3.PlaylistItemsResource.ListRequest.MaxResults">
            <summary>Maximum number of results to return</summary>
        </member>
        <member name="P:Google.Apis.Youtube.v3.PlaylistItemsResource.ListRequest.OnBehalfOfContentOwner">
            <summary>The authenticated user acts on behalf of this content owner.</summary>
        </member>
        <member name="P:Google.Apis.Youtube.v3.PlaylistItemsResource.ListRequest.PageToken">
            <summary>Token for the page selection.</summary>
        </member>
        <member name="P:Google.Apis.Youtube.v3.PlaylistItemsResource.ListRequest.Part">
            <summary>Playlist item parts to include in the returned response. Valid values are: id, snippet and contentDetails.</summary>
        </member>
        <member name="P:Google.Apis.Youtube.v3.PlaylistItemsResource.ListRequest.PlaylistId">
            <summary>Retrieves playlist items from the given playlist id.</summary>
        </member>
        <member name="P:Google.Apis.Youtube.v3.PlaylistItemsResource.UpdateRequest.Oauth_token">
            <summary>OAuth 2.0 token for the current user.</summary>
        </member>
        <member name="P:Google.Apis.Youtube.v3.PlaylistItemsResource.UpdateRequest.PrettyPrint">
            <summary>Returns response with indentations and line breaks.</summary>
        </member>
        <member name="P:Google.Apis.Youtube.v3.PlaylistItemsResource.UpdateRequest.OnBehalfOfContentOwner">
            <summary>The authenticated user acts on behalf of this content owner.</summary>
        </member>
        <member name="P:Google.Apis.Youtube.v3.PlaylistItemsResource.UpdateRequest.Part">
            <summary>One or more parts to return on the current request.</summary>
        </member>
        <member name="P:Google.Apis.Youtube.v3.PlaylistItemsResource.UpdateRequest.Body">
            <summary>Gets/Sets the Body of this Request.</summary>
        </member>
        <member name="M:Google.Apis.Youtube.v3.PlaylistsResource.Delete(System.String)">
            <summary>Deletes playlists by IDs.</summary>
            <param name="id">Required - YouTube IDs of the playlists to be deleted.</param>
        </member>
        <member name="M:Google.Apis.Youtube.v3.PlaylistsResource.Insert(Google.Apis.Youtube.v3.Data.Playlist,System.String)">
            <summary>Create a playlist.</summary>
            <param name="part">Required - One or more parts to return on the current request.</param>
        </member>
        <member name="M:Google.Apis.Youtube.v3.PlaylistsResource.List(System.String)">
            <summary>Browse the YouTube playlist collection.</summary>
            <param name="part">Required - Playlist parts to include in the returned response. Valid values are: id, snippet and status.</param>
        </member>
        <member name="M:Google.Apis.Youtube.v3.PlaylistsResource.Update(Google.Apis.Youtube.v3.Data.Playlist,System.String)">
            <summary>Update a playlist.</summary>
            <param name="part">Required - One or more parts to return on the current request.</param>
        </member>
        <member name="P:Google.Apis.Youtube.v3.PlaylistsResource.DeleteRequest.Oauth_token">
            <summary>OAuth 2.0 token for the current user.</summary>
        </member>
        <member name="P:Google.Apis.Youtube.v3.PlaylistsResource.DeleteRequest.PrettyPrint">
            <summary>Returns response with indentations and line breaks.</summary>
        </member>
        <member name="P:Google.Apis.Youtube.v3.PlaylistsResource.DeleteRequest.Id">
            <summary>YouTube IDs of the playlists to be deleted.</summary>
        </member>
        <member name="P:Google.Apis.Youtube.v3.PlaylistsResource.DeleteRequest.OnBehalfOfContentOwner">
            <summary>The authenticated user acts on behalf of this content owner.</summary>
        </member>
        <member name="P:Google.Apis.Youtube.v3.PlaylistsResource.InsertRequest.Oauth_token">
            <summary>OAuth 2.0 token for the current user.</summary>
        </member>
        <member name="P:Google.Apis.Youtube.v3.PlaylistsResource.InsertRequest.PrettyPrint">
            <summary>Returns response with indentations and line breaks.</summary>
        </member>
        <member name="P:Google.Apis.Youtube.v3.PlaylistsResource.InsertRequest.OnBehalfOfContentOwner">
            <summary>The authenticated user acts on behalf of this content owner.</summary>
        </member>
        <member name="P:Google.Apis.Youtube.v3.PlaylistsResource.InsertRequest.Part">
            <summary>One or more parts to return on the current request.</summary>
        </member>
        <member name="P:Google.Apis.Youtube.v3.PlaylistsResource.InsertRequest.Body">
            <summary>Gets/Sets the Body of this Request.</summary>
        </member>
        <member name="P:Google.Apis.Youtube.v3.PlaylistsResource.ListRequest.Oauth_token">
            <summary>OAuth 2.0 token for the current user.</summary>
        </member>
        <member name="P:Google.Apis.Youtube.v3.PlaylistsResource.ListRequest.PrettyPrint">
            <summary>Returns response with indentations and line breaks.</summary>
        </member>
        <member name="P:Google.Apis.Youtube.v3.PlaylistsResource.ListRequest.Id">
            <summary>Comma-separated YouTube IDs of the playlists to be returned.</summary>
        </member>
        <member name="P:Google.Apis.Youtube.v3.PlaylistsResource.ListRequest.MaxResults">
            <summary>Maximum number of results to return</summary>
        </member>
        <member name="P:Google.Apis.Youtube.v3.PlaylistsResource.ListRequest.Mine">
            <summary>Flag indicating only return the playlists of the authenticated user.</summary>
        </member>
        <member name="P:Google.Apis.Youtube.v3.PlaylistsResource.ListRequest.OnBehalfOfContentOwner">
            <summary>The authenticated user acts on behalf of this content owner.</summary>
        </member>
        <member name="P:Google.Apis.Youtube.v3.PlaylistsResource.ListRequest.PageToken">
            <summary>Token for the page selection.</summary>
        </member>
        <member name="P:Google.Apis.Youtube.v3.PlaylistsResource.ListRequest.Part">
            <summary>Playlist parts to include in the returned response. Valid values are: id, snippet and status.</summary>
        </member>
        <member name="P:Google.Apis.Youtube.v3.PlaylistsResource.UpdateRequest.Oauth_token">
            <summary>OAuth 2.0 token for the current user.</summary>
        </member>
        <member name="P:Google.Apis.Youtube.v3.PlaylistsResource.UpdateRequest.PrettyPrint">
            <summary>Returns response with indentations and line breaks.</summary>
        </member>
        <member name="P:Google.Apis.Youtube.v3.PlaylistsResource.UpdateRequest.OnBehalfOfContentOwner">
            <summary>The authenticated user acts on behalf of this content owner.</summary>
        </member>
        <member name="P:Google.Apis.Youtube.v3.PlaylistsResource.UpdateRequest.Part">
            <summary>One or more parts to return on the current request.</summary>
        </member>
        <member name="P:Google.Apis.Youtube.v3.PlaylistsResource.UpdateRequest.Body">
            <summary>Gets/Sets the Body of this Request.</summary>
        </member>
        <member name="M:Google.Apis.Youtube.v3.SearchResource.List(System.String)">
            <summary>Universal search for youtube.</summary>
            <param name="part">Required - Search result parts to include in the returned response. Valid values are: id and snippet.</param>
        </member>
        <member name="T:Google.Apis.Youtube.v3.SearchResource.Order">
            <summary>Sort order.</summary>
        </member>
        <member name="F:Google.Apis.Youtube.v3.SearchResource.Order.Date">
            <summary>Sort according to the date.</summary>
        </member>
        <member name="F:Google.Apis.Youtube.v3.SearchResource.Order.Rating">
            <summary>Sort according to the rating.</summary>
        </member>
        <member name="F:Google.Apis.Youtube.v3.SearchResource.Order.Relevance">
            <summary>Sort according to the relevance.</summary>
        </member>
        <member name="F:Google.Apis.Youtube.v3.SearchResource.Order.View_count">
            <summary>Sort according to the view count.</summary>
        </member>
        <member name="T:Google.Apis.Youtube.v3.SearchResource.Published">
            <summary>Only search for resources uploaded at a specific pediod</summary>
        </member>
        <member name="F:Google.Apis.Youtube.v3.SearchResource.Published.Any">
            <summary>No filter on the release date</summary>
        </member>
        <member name="F:Google.Apis.Youtube.v3.SearchResource.Published.ThisWeek">
            <summary>Videos uploaded this month</summary>
        </member>
        <member name="F:Google.Apis.Youtube.v3.SearchResource.Published.Today">
            <summary>Videos uploaded today</summary>
        </member>
        <member name="T:Google.Apis.Youtube.v3.SearchResource.VideoCaption">
            <summary>Add a filter on the the presence of captions on the videos.</summary>
        </member>
        <member name="F:Google.Apis.Youtube.v3.SearchResource.VideoCaption.Any">
            <summary>No filter on the captions.</summary>
        </member>
        <member name="F:Google.Apis.Youtube.v3.SearchResource.VideoCaption.ClosedCaption">
            <summary>Videos with closed captions.</summary>
        </member>
        <member name="F:Google.Apis.Youtube.v3.SearchResource.VideoCaption.None">
            <summary>Videos without captions.</summary>
        </member>
        <member name="T:Google.Apis.Youtube.v3.SearchResource.VideoDefinition">
            <summary>Add a filter for the definition of the videos.</summary>
        </member>
        <member name="F:Google.Apis.Youtube.v3.SearchResource.VideoDefinition.Any">
            <summary>No filter on the definition.</summary>
        </member>
        <member name="F:Google.Apis.Youtube.v3.SearchResource.VideoDefinition.High">
            <summary>Videos in high definition.</summary>
        </member>
        <member name="F:Google.Apis.Youtube.v3.SearchResource.VideoDefinition.Standard">
            <summary>Videos in standard definition.</summary>
        </member>
        <member name="T:Google.Apis.Youtube.v3.SearchResource.VideoDimension">
            <summary>Add a filter for the number of dimensions in the videos.</summary>
        </member>
        <member name="F:Google.Apis.Youtube.v3.SearchResource.VideoDimension.D">
            <summary>Videos in two dimensions.</summary>
        </member>
        <member name="F:Google.Apis.Youtube.v3.SearchResource.VideoDimension.DValue">
            <summary>Videos in three dimensions.</summary>
        </member>
        <member name="F:Google.Apis.Youtube.v3.SearchResource.VideoDimension.Any">
            <summary>No filter on the dimension.</summary>
        </member>
        <member name="T:Google.Apis.Youtube.v3.SearchResource.VideoDuration">
            <summary>Add a filter on the duration of the videos.</summary>
        </member>
        <member name="F:Google.Apis.Youtube.v3.SearchResource.VideoDuration.Any">
            <summary>No filter on the duration.</summary>
        </member>
        <member name="F:Google.Apis.Youtube.v3.SearchResource.VideoDuration.Long">
            <summary>Videos with a duration longer than 20 minutes.</summary>
        </member>
        <member name="F:Google.Apis.Youtube.v3.SearchResource.VideoDuration.Medium">
            <summary>Videos with a duration between 4 and 20 minutes.</summary>
        </member>
        <member name="F:Google.Apis.Youtube.v3.SearchResource.VideoDuration.Short">
            <summary>Videos with a duration under 4 minutes.</summary>
        </member>
        <member name="T:Google.Apis.Youtube.v3.SearchResource.VideoLicense">
            <summary>Add a filter on the licensing of the videos.</summary>
        </member>
        <member name="F:Google.Apis.Youtube.v3.SearchResource.VideoLicense.Any">
            <summary>No filter on the license.</summary>
        </member>
        <member name="F:Google.Apis.Youtube.v3.SearchResource.VideoLicense.CreativeCommon">
            <summary>Videos under the Creative Common license.</summary>
        </member>
        <member name="F:Google.Apis.Youtube.v3.SearchResource.VideoLicense.Youtube">
            <summary>Videos under the YouTube license.</summary>
        </member>
        <member name="P:Google.Apis.Youtube.v3.SearchResource.ListRequest.Oauth_token">
            <summary>OAuth 2.0 token for the current user.</summary>
        </member>
        <member name="P:Google.Apis.Youtube.v3.SearchResource.ListRequest.PrettyPrint">
            <summary>Returns response with indentations and line breaks.</summary>
        </member>
        <member name="P:Google.Apis.Youtube.v3.SearchResource.ListRequest.MaxResults">
            <summary>Maximum number of search results to return per page.</summary>
        </member>
        <member name="P:Google.Apis.Youtube.v3.SearchResource.ListRequest.OnBehalfOfContentOwner">
            <summary>The authenticated user acts on behalf of this content owner.</summary>
        </member>
        <member name="P:Google.Apis.Youtube.v3.SearchResource.ListRequest.Order">
            <summary>Sort order.</summary>
        </member>
        <member name="P:Google.Apis.Youtube.v3.SearchResource.ListRequest.PageToken">
            <summary>Token for the page selection.</summary>
        </member>
        <member name="P:Google.Apis.Youtube.v3.SearchResource.ListRequest.Part">
            <summary>Search result parts to include in the returned response. Valid values are: id and snippet.</summary>
        </member>
        <member name="P:Google.Apis.Youtube.v3.SearchResource.ListRequest.Published">
            <summary>Only search for resources uploaded at a specific pediod</summary>
        </member>
        <member name="P:Google.Apis.Youtube.v3.SearchResource.ListRequest.Q">
            <summary>Query to search in Youtube.</summary>
        </member>
        <member name="P:Google.Apis.Youtube.v3.SearchResource.ListRequest.RelatedToVideo">
            <summary>Search for resources related to this video. Need to be used with type set to 'video'</summary>
        </member>
        <member name="P:Google.Apis.Youtube.v3.SearchResource.ListRequest.TopicId">
            <summary>Only search for resources with the specified topic</summary>
        </member>
        <member name="P:Google.Apis.Youtube.v3.SearchResource.ListRequest.Type">
            <summary>Type of resource to search.</summary>
        </member>
        <member name="P:Google.Apis.Youtube.v3.SearchResource.ListRequest.VideoCaption">
            <summary>Add a filter on the the presence of captions on the videos.</summary>
        </member>
        <member name="P:Google.Apis.Youtube.v3.SearchResource.ListRequest.VideoDefinition">
            <summary>Add a filter for the definition of the videos.</summary>
        </member>
        <member name="P:Google.Apis.Youtube.v3.SearchResource.ListRequest.VideoDimension">
            <summary>Add a filter for the number of dimensions in the videos.</summary>
        </member>
        <member name="P:Google.Apis.Youtube.v3.SearchResource.ListRequest.VideoDuration">
            <summary>Add a filter on the duration of the videos.</summary>
        </member>
        <member name="P:Google.Apis.Youtube.v3.SearchResource.ListRequest.VideoLicense">
            <summary>Add a filter on the licensing of the videos.</summary>
        </member>
        <member name="M:Google.Apis.Youtube.v3.SubscriptionsResource.Delete(System.String)">
            <summary>Deletes subscriptions by IDs.</summary>
            <param name="id">Required - YouTube IDs of the subscription to be deleted.</param>
        </member>
        <member name="M:Google.Apis.Youtube.v3.SubscriptionsResource.Insert(Google.Apis.Youtube.v3.Data.Subscription,System.String)">
            <summary>Insert a subscription.</summary>
            <param name="part">Required - One or more parts to return on the current request.</param>
        </member>
        <member name="M:Google.Apis.Youtube.v3.SubscriptionsResource.List(System.String)">
            <summary>Browses the subscriptions collection.</summary>
            <param name="part">Required - Subscription parts to include in the returned response. Valid values are: id, snippet and contentDetails.</param>
        </member>
        <member name="T:Google.Apis.Youtube.v3.SubscriptionsResource.Order">
            <summary>Sort order.</summary>
        </member>
        <member name="F:Google.Apis.Youtube.v3.SubscriptionsResource.Order.Alphabetical">
            <summary>Sort alphabetically</summary>
        </member>
        <member name="F:Google.Apis.Youtube.v3.SubscriptionsResource.Order.Relevance">
            <summary>Sort by relevance.</summary>
        </member>
        <member name="F:Google.Apis.Youtube.v3.SubscriptionsResource.Order.Unread">
            <summary>Sort by order of activity.</summary>
        </member>
        <member name="P:Google.Apis.Youtube.v3.SubscriptionsResource.DeleteRequest.Oauth_token">
            <summary>OAuth 2.0 token for the current user.</summary>
        </member>
        <member name="P:Google.Apis.Youtube.v3.SubscriptionsResource.DeleteRequest.PrettyPrint">
            <summary>Returns response with indentations and line breaks.</summary>
        </member>
        <member name="P:Google.Apis.Youtube.v3.SubscriptionsResource.DeleteRequest.Id">
            <summary>YouTube IDs of the subscription to be deleted.</summary>
        </member>
        <member name="P:Google.Apis.Youtube.v3.SubscriptionsResource.DeleteRequest.OnBehalfOfContentOwner">
            <summary>The authenticated user acts on behalf of this content owner.</summary>
        </member>
        <member name="P:Google.Apis.Youtube.v3.SubscriptionsResource.InsertRequest.Oauth_token">
            <summary>OAuth 2.0 token for the current user.</summary>
        </member>
        <member name="P:Google.Apis.Youtube.v3.SubscriptionsResource.InsertRequest.PrettyPrint">
            <summary>Returns response with indentations and line breaks.</summary>
        </member>
        <member name="P:Google.Apis.Youtube.v3.SubscriptionsResource.InsertRequest.OnBehalfOfContentOwner">
            <summary>The authenticated user acts on behalf of this content owner.</summary>
        </member>
        <member name="P:Google.Apis.Youtube.v3.SubscriptionsResource.InsertRequest.Part">
            <summary>One or more parts to return on the current request.</summary>
        </member>
        <member name="P:Google.Apis.Youtube.v3.SubscriptionsResource.InsertRequest.Body">
            <summary>Gets/Sets the Body of this Request.</summary>
        </member>
        <member name="P:Google.Apis.Youtube.v3.SubscriptionsResource.ListRequest.Oauth_token">
            <summary>OAuth 2.0 token for the current user.</summary>
        </member>
        <member name="P:Google.Apis.Youtube.v3.SubscriptionsResource.ListRequest.PrettyPrint">
            <summary>Returns response with indentations and line breaks.</summary>
        </member>
        <member name="P:Google.Apis.Youtube.v3.SubscriptionsResource.ListRequest.ChannelId">
            <summary>Only return subscriptions to given channelId.</summary>
        </member>
        <member name="P:Google.Apis.Youtube.v3.SubscriptionsResource.ListRequest.ForChannelId">
            <summary>Comma separated list of channel IDs to return subscriptions for.</summary>
        </member>
        <member name="P:Google.Apis.Youtube.v3.SubscriptionsResource.ListRequest.Id">
            <summary>YouTube IDs of the subscriptions to be returned.</summary>
        </member>
        <member name="P:Google.Apis.Youtube.v3.SubscriptionsResource.ListRequest.MaxResults">
            <summary>Maximum number of search results to return per page.</summary>
        </member>
        <member name="P:Google.Apis.Youtube.v3.SubscriptionsResource.ListRequest.Mine">
            <summary>Flag indicating only return the subscriptions of the authenticated user.</summary>
        </member>
        <member name="P:Google.Apis.Youtube.v3.SubscriptionsResource.ListRequest.OnBehalfOfContentOwner">
            <summary>The authenticated user acts on behalf of this content owner.</summary>
        </member>
        <member name="P:Google.Apis.Youtube.v3.SubscriptionsResource.ListRequest.Order">
            <summary>Sort order.</summary>
        </member>
        <member name="P:Google.Apis.Youtube.v3.SubscriptionsResource.ListRequest.PageToken">
            <summary>Token for the page selection.</summary>
        </member>
        <member name="P:Google.Apis.Youtube.v3.SubscriptionsResource.ListRequest.Part">
            <summary>Subscription parts to include in the returned response. Valid values are: id, snippet and contentDetails.</summary>
        </member>
        <member name="M:Google.Apis.Youtube.v3.VideoCategoriesResource.List(System.String)">
            <summary>Browse list of video categories.</summary>
            <param name="part">Required - Video category parts to include in the returned response. Valid values are: id and snippet.</param>
        </member>
        <member name="P:Google.Apis.Youtube.v3.VideoCategoriesResource.ListRequest.Oauth_token">
            <summary>OAuth 2.0 token for the current user.</summary>
        </member>
        <member name="P:Google.Apis.Youtube.v3.VideoCategoriesResource.ListRequest.PrettyPrint">
            <summary>Returns response with indentations and line breaks.</summary>
        </member>
        <member name="P:Google.Apis.Youtube.v3.VideoCategoriesResource.ListRequest.Hl">
            <summary>Language used for the title of the categories.</summary>
        </member>
        <member name="P:Google.Apis.Youtube.v3.VideoCategoriesResource.ListRequest.Id">
            <summary>IDs of the categories to be returned.</summary>
        </member>
        <member name="P:Google.Apis.Youtube.v3.VideoCategoriesResource.ListRequest.OnBehalfOfContentOwner">
            <summary>The authenticated user acts on behalf of this content owner.</summary>
        </member>
        <member name="P:Google.Apis.Youtube.v3.VideoCategoriesResource.ListRequest.Part">
            <summary>Video category parts to include in the returned response. Valid values are: id and snippet.</summary>
        </member>
        <member name="P:Google.Apis.Youtube.v3.VideoCategoriesResource.ListRequest.RegionCode">
            <summary>Return all the categories in this region.</summary>
        </member>
        <member name="M:Google.Apis.Youtube.v3.VideosResource.Delete(System.String)">
            <summary>Delete a YouTube video.</summary>
            <param name="id">Required - YouTube ID of the video to be deleted.</param>
        </member>
        <member name="M:Google.Apis.Youtube.v3.VideosResource.Insert(Google.Apis.Youtube.v3.Data.Video,System.String)">
            <summary>Upload a video to YouTube.</summary>
            <param name="part">Required - One or more parts to return on the current request.</param>
        </member>
        <member name="M:Google.Apis.Youtube.v3.VideosResource.Insert(Google.Apis.Youtube.v3.Data.Video,System.String,System.IO.Stream,System.String)">
            <summary>Upload a video to YouTube.</summary>
            <param name="part">Required - One or more parts to return on the current request.</param>
        </member>
        <member name="M:Google.Apis.Youtube.v3.VideosResource.List(System.String,System.String)">
            <summary>Browse the YouTube video collection.</summary>
            <param name="id">Required - YouTube IDs of the videos to be returned.</param>
            <param name="part">Required - Video parts to include in the returned response. Valid values are: id, snippet, contentDetails, player, statistics, status and topicDetails.</param>
        </member>
        <member name="M:Google.Apis.Youtube.v3.VideosResource.Update(Google.Apis.Youtube.v3.Data.Video,System.String)">
            <summary>Update a video.</summary>
            <param name="part">Required - One or more parts to return on the current request.</param>
        </member>
        <member name="P:Google.Apis.Youtube.v3.VideosResource.DeleteRequest.Oauth_token">
            <summary>OAuth 2.0 token for the current user.</summary>
        </member>
        <member name="P:Google.Apis.Youtube.v3.VideosResource.DeleteRequest.PrettyPrint">
            <summary>Returns response with indentations and line breaks.</summary>
        </member>
        <member name="P:Google.Apis.Youtube.v3.VideosResource.DeleteRequest.Id">
            <summary>YouTube ID of the video to be deleted.</summary>
        </member>
        <member name="P:Google.Apis.Youtube.v3.VideosResource.DeleteRequest.OnBehalfOfContentOwner">
            <summary>The authenticated user acts on behalf of this content owner.</summary>
        </member>
        <member name="P:Google.Apis.Youtube.v3.VideosResource.InsertRequest.Oauth_token">
            <summary>OAuth 2.0 token for the current user.</summary>
        </member>
        <member name="P:Google.Apis.Youtube.v3.VideosResource.InsertRequest.PrettyPrint">
            <summary>Returns response with indentations and line breaks.</summary>
        </member>
        <member name="P:Google.Apis.Youtube.v3.VideosResource.InsertRequest.OnBehalfOfContentOwner">
            <summary>The authenticated user acts on behalf of this content owner.</summary>
        </member>
        <member name="P:Google.Apis.Youtube.v3.VideosResource.InsertRequest.Part">
            <summary>One or more parts to return on the current request.</summary>
        </member>
        <member name="P:Google.Apis.Youtube.v3.VideosResource.InsertRequest.Body">
            <summary>Gets/Sets the Body of this Request.</summary>
        </member>
        <member name="P:Google.Apis.Youtube.v3.VideosResource.InsertMediaUpload.Oauth_token">
            <summary>OAuth 2.0 token for the current user.</summary>
        </member>
        <member name="P:Google.Apis.Youtube.v3.VideosResource.InsertMediaUpload.PrettyPrint">
            <summary>Returns response with indentations and line breaks.</summary>
        </member>
        <member name="P:Google.Apis.Youtube.v3.VideosResource.InsertMediaUpload.OnBehalfOfContentOwner">
            <summary>The authenticated user acts on behalf of this content owner.</summary>
        </member>
        <member name="P:Google.Apis.Youtube.v3.VideosResource.InsertMediaUpload.Part">
            <summary>One or more parts to return on the current request.</summary>
        </member>
        <member name="P:Google.Apis.Youtube.v3.VideosResource.ListRequest.Oauth_token">
            <summary>OAuth 2.0 token for the current user.</summary>
        </member>
        <member name="P:Google.Apis.Youtube.v3.VideosResource.ListRequest.PrettyPrint">
            <summary>Returns response with indentations and line breaks.</summary>
        </member>
        <member name="P:Google.Apis.Youtube.v3.VideosResource.ListRequest.Id">
            <summary>YouTube IDs of the videos to be returned.</summary>
        </member>
        <member name="P:Google.Apis.Youtube.v3.VideosResource.ListRequest.OnBehalfOfContentOwner">
            <summary>The authenticated user acts on behalf of this content owner.</summary>
        </member>
        <member name="P:Google.Apis.Youtube.v3.VideosResource.ListRequest.Part">
            <summary>Video parts to include in the returned response. Valid values are: id, snippet, contentDetails, player, statistics, status and topicDetails.</summary>
        </member>
        <member name="P:Google.Apis.Youtube.v3.VideosResource.UpdateRequest.Oauth_token">
            <summary>OAuth 2.0 token for the current user.</summary>
        </member>
        <member name="P:Google.Apis.Youtube.v3.VideosResource.UpdateRequest.PrettyPrint">
            <summary>Returns response with indentations and line breaks.</summary>
        </member>
        <member name="P:Google.Apis.Youtube.v3.VideosResource.UpdateRequest.OnBehalfOfContentOwner">
            <summary>The authenticated user acts on behalf of this content owner.</summary>
        </member>
        <member name="P:Google.Apis.Youtube.v3.VideosResource.UpdateRequest.Part">
            <summary>One or more parts to return on the current request.</summary>
        </member>
        <member name="P:Google.Apis.Youtube.v3.VideosResource.UpdateRequest.Body">
            <summary>Gets/Sets the Body of this Request.</summary>
        </member>
    </members>
</doc>
