<?xml version="1.0"?>
<doc>
    <assembly>
        <name>Google.Apis.Books.v1</name>
    </assembly>
    <members>
        <member name="P:Google.Apis.Books.v1.Data.Bookshelf.Access">
            <summary>Whether this bookshelf is PUBLIC or PRIVATE.</summary>
        </member>
        <member name="P:Google.Apis.Books.v1.Data.Bookshelf.Created">
            <summary>Created time for this bookshelf (formatted UTC timestamp with millisecond resolution).</summary>
        </member>
        <member name="P:Google.Apis.Books.v1.Data.Bookshelf.Description">
            <summary>Description of this bookshelf.</summary>
        </member>
        <member name="P:Google.Apis.Books.v1.Data.Bookshelf.Id">
            <summary>Id of this bookshelf, only unique by user.</summary>
        </member>
        <member name="P:Google.Apis.Books.v1.Data.Bookshelf.Kind">
            <summary>Resource type for bookshelf metadata.</summary>
        </member>
        <member name="P:Google.Apis.Books.v1.Data.Bookshelf.SelfLink">
            <summary>URL to this resource.</summary>
        </member>
        <member name="P:Google.Apis.Books.v1.Data.Bookshelf.Title">
            <summary>Title of this bookshelf.</summary>
        </member>
        <member name="P:Google.Apis.Books.v1.Data.Bookshelf.Updated">
            <summary>Last modified time of this bookshelf (formatted UTC timestamp with millisecond resolution).</summary>
        </member>
        <member name="P:Google.Apis.Books.v1.Data.Bookshelf.VolumeCount">
            <summary>Number of volumes in this bookshelf.</summary>
        </member>
        <member name="P:Google.Apis.Books.v1.Data.Bookshelf.VolumesLastUpdated">
            <summary>Last time a volume was added or removed from this bookshelf (formatted UTC timestamp with millisecond resolution).</summary>
        </member>
        <member name="P:Google.Apis.Books.v1.Data.Bookshelves.Items">
            <summary>A list of bookshelves.</summary>
        </member>
        <member name="P:Google.Apis.Books.v1.Data.Bookshelves.Kind">
            <summary>Resource type.</summary>
        </member>
        <member name="P:Google.Apis.Books.v1.Data.DownloadAccessRestriction.DeviceAllowed">
            <summary>If restricted, whether access is granted for this (user, device, volume).</summary>
        </member>
        <member name="P:Google.Apis.Books.v1.Data.DownloadAccessRestriction.DownloadsAcquired">
            <summary>If restricted, the number of content download licenses already acquired (including the requesting client, if licensed).</summary>
        </member>
        <member name="P:Google.Apis.Books.v1.Data.DownloadAccessRestriction.JustAcquired">
            <summary>If deviceAllowed, whether access was just acquired with this request.</summary>
        </member>
        <member name="P:Google.Apis.Books.v1.Data.DownloadAccessRestriction.Kind">
            <summary>Resource type.</summary>
        </member>
        <member name="P:Google.Apis.Books.v1.Data.DownloadAccessRestriction.MaxDownloadDevices">
            <summary>If restricted, the maximum number of content download licenses for this volume.</summary>
        </member>
        <member name="P:Google.Apis.Books.v1.Data.DownloadAccessRestriction.Message">
            <summary>Error/warning message.</summary>
        </member>
        <member name="P:Google.Apis.Books.v1.Data.DownloadAccessRestriction.Nonce">
            <summary>Client nonce for verification. Download access and client-validation only.</summary>
        </member>
        <member name="P:Google.Apis.Books.v1.Data.DownloadAccessRestriction.ReasonCode">
            <summary>Error/warning reason code. Additional codes may be added in the future. 0 OK 100 ACCESS_DENIED_PUBLISHER_LIMIT 101 ACCESS_DENIED_LIMIT 200 WARNING_USED_LAST_ACCESS</summary>
        </member>
        <member name="P:Google.Apis.Books.v1.Data.DownloadAccessRestriction.Restricted">
            <summary>Whether this volume has any download access restrictions.</summary>
        </member>
        <member name="P:Google.Apis.Books.v1.Data.DownloadAccessRestriction.Signature">
            <summary>Response signature.</summary>
        </member>
        <member name="P:Google.Apis.Books.v1.Data.DownloadAccessRestriction.Source">
            <summary>Client app identifier for verification. Download access and client-validation only.</summary>
        </member>
        <member name="P:Google.Apis.Books.v1.Data.DownloadAccessRestriction.VolumeId">
            <summary>Identifies the volume for which this entry applies.</summary>
        </member>
        <member name="P:Google.Apis.Books.v1.Data.ReadingPosition.EpubCfiPosition">
            <summary>Position in an EPUB as a CFI.</summary>
        </member>
        <member name="P:Google.Apis.Books.v1.Data.ReadingPosition.GbImagePosition">
            <summary>Position in a volume for image-based content.</summary>
        </member>
        <member name="P:Google.Apis.Books.v1.Data.ReadingPosition.GbTextPosition">
            <summary>Position in a volume for text-based content.</summary>
        </member>
        <member name="P:Google.Apis.Books.v1.Data.ReadingPosition.Kind">
            <summary>Resource type for a reading position.</summary>
        </member>
        <member name="P:Google.Apis.Books.v1.Data.ReadingPosition.PdfPosition">
            <summary>Position in a PDF file.</summary>
        </member>
        <member name="P:Google.Apis.Books.v1.Data.ReadingPosition.Updated">
            <summary>Timestamp when this reading position was last updated (formatted UTC timestamp with millisecond resolution).</summary>
        </member>
        <member name="P:Google.Apis.Books.v1.Data.ReadingPosition.VolumeId">
            <summary>Volume id associated with this reading position.</summary>
        </member>
        <member name="P:Google.Apis.Books.v1.Data.Review.Author">
            <summary>Author of this review.</summary>
        </member>
        <member name="P:Google.Apis.Books.v1.Data.Review.Content">
            <summary>Review text.</summary>
        </member>
        <member name="P:Google.Apis.Books.v1.Data.Review.Date">
            <summary>Date of this review.</summary>
        </member>
        <member name="P:Google.Apis.Books.v1.Data.Review.FullTextUrl">
            <summary>URL for the full review text, for reviews gathered from the web.</summary>
        </member>
        <member name="P:Google.Apis.Books.v1.Data.Review.Kind">
            <summary>Resource type for a review.</summary>
        </member>
        <member name="P:Google.Apis.Books.v1.Data.Review.Rating">
            <summary>Star rating for this review. Possible values are ONE, TWO, THREE, FOUR, FIVE or NOT_RATED.</summary>
        </member>
        <member name="P:Google.Apis.Books.v1.Data.Review.Source">
            <summary>Information regarding the source of this review, when the review is not from a Google Books user.</summary>
        </member>
        <member name="P:Google.Apis.Books.v1.Data.Review.Title">
            <summary>Title for this review.</summary>
        </member>
        <member name="P:Google.Apis.Books.v1.Data.Review.Type">
            <summary>Source type for this review. Possible values are EDITORIAL, WEB_USER or GOOGLE_USER.</summary>
        </member>
        <member name="P:Google.Apis.Books.v1.Data.Review.VolumeId">
            <summary>Volume that this review is for.</summary>
        </member>
        <member name="T:Google.Apis.Books.v1.Data.Review.AuthorData">
            <summary>Author of this review.</summary>
        </member>
        <member name="P:Google.Apis.Books.v1.Data.Review.AuthorData.DisplayName">
            <summary>Name of this person.</summary>
        </member>
        <member name="T:Google.Apis.Books.v1.Data.Review.SourceData">
            <summary>Information regarding the source of this review, when the review is not from a Google Books user.</summary>
        </member>
        <member name="P:Google.Apis.Books.v1.Data.Review.SourceData.Description">
            <summary>Name of the source.</summary>
        </member>
        <member name="P:Google.Apis.Books.v1.Data.Review.SourceData.ExtraDescription">
            <summary>Extra text about the source of the review.</summary>
        </member>
        <member name="P:Google.Apis.Books.v1.Data.Review.SourceData.Url">
            <summary>URL of the source of the review.</summary>
        </member>
        <member name="P:Google.Apis.Books.v1.Data.Volume.AccessInfo">
            <summary>Any information about a volume related to reading or obtaining that volume text. This information can depend on country (books may be public domain in one country but not in another, e.g.).</summary>
        </member>
        <member name="P:Google.Apis.Books.v1.Data.Volume.ETag">
            <summary>Opaque identifier for a specific version of a volume resource. (In LITE projection)</summary>
        </member>
        <member name="P:Google.Apis.Books.v1.Data.Volume.Id">
            <summary>Unique identifier for a volume. (In LITE projection.)</summary>
        </member>
        <member name="P:Google.Apis.Books.v1.Data.Volume.Kind">
            <summary>Resource type for a volume. (In LITE projection.)</summary>
        </member>
        <member name="P:Google.Apis.Books.v1.Data.Volume.SaleInfo">
            <summary>Any information about a volume related to the eBookstore and/or purchaseability. This information can depend on the country where the request originates from (i.e. books may not be for sale in certain countries).</summary>
        </member>
        <member name="P:Google.Apis.Books.v1.Data.Volume.SelfLink">
            <summary>URL to this resource. (In LITE projection.)</summary>
        </member>
        <member name="P:Google.Apis.Books.v1.Data.Volume.UserInfo">
            <summary>User specific information related to this volume. (e.g. page this user last read or whether they purchased this book)</summary>
        </member>
        <member name="P:Google.Apis.Books.v1.Data.Volume.VolumeInfo">
            <summary>General volume information.</summary>
        </member>
        <member name="T:Google.Apis.Books.v1.Data.Volume.AccessInfoData">
            <summary>Any information about a volume related to reading or obtaining that volume text. This information can depend on country (books may be public domain in one country but not in another, e.g.).</summary>
        </member>
        <member name="P:Google.Apis.Books.v1.Data.Volume.AccessInfoData.AccessViewStatus">
            <summary>Combines the access and viewability of this volume into a single status field for this user. Values can be FULL_PURCHASED, FULL_PUBLIC_DOMAIN, SAMPLE or NONE. (In LITE projection.)</summary>
        </member>
        <member name="P:Google.Apis.Books.v1.Data.Volume.AccessInfoData.Country">
            <summary>The two-letter ISO_3166-1 country code for which this access information is valid. (In LITE projection.)</summary>
        </member>
        <member name="P:Google.Apis.Books.v1.Data.Volume.AccessInfoData.Embeddable">
            <summary>Whether this volume can be embedded in a viewport using the Embedded Viewer API.</summary>
        </member>
        <member name="P:Google.Apis.Books.v1.Data.Volume.AccessInfoData.Epub">
            <summary>Information about epub content. (In LITE projection.)</summary>
        </member>
        <member name="P:Google.Apis.Books.v1.Data.Volume.AccessInfoData.Pdf">
            <summary>Information about pdf content. (In LITE projection.)</summary>
        </member>
        <member name="P:Google.Apis.Books.v1.Data.Volume.AccessInfoData.PublicDomain">
            <summary>Whether or not this book is public domain in the country listed above.</summary>
        </member>
        <member name="P:Google.Apis.Books.v1.Data.Volume.AccessInfoData.TextToSpeechPermission">
            <summary>Whether text-to-speech is permitted for this volume. Values can be ALLOWED, ALLOWED_FOR_ACCESSIBILITY, or NOT_ALLOWED.</summary>
        </member>
        <member name="P:Google.Apis.Books.v1.Data.Volume.AccessInfoData.Viewability">
            <summary>The read access of a volume. Possible values are PARTIAL, ALL_PAGES, NO_PAGES or UNKNOWN. This value depends on the country listed above. A value of PARTIAL means that the publisher has allowed some portion of the volume to be viewed publicly, without purchase. This can apply to eBooks as well as non-eBooks. Public domain books will always have a value of ALL_PAGES.</summary>
        </member>
        <member name="T:Google.Apis.Books.v1.Data.Volume.AccessInfoData.EpubData">
            <summary>Information about epub content. (In LITE projection.)</summary>
        </member>
        <member name="P:Google.Apis.Books.v1.Data.Volume.AccessInfoData.EpubData.AcsTokenLink">
            <summary>URL to retrieve ACS token for epub download. (In LITE projection.)</summary>
        </member>
        <member name="P:Google.Apis.Books.v1.Data.Volume.AccessInfoData.EpubData.DownloadLink">
            <summary>URL to download epub. (In LITE projection.)</summary>
        </member>
        <member name="T:Google.Apis.Books.v1.Data.Volume.AccessInfoData.PdfData">
            <summary>Information about pdf content. (In LITE projection.)</summary>
        </member>
        <member name="P:Google.Apis.Books.v1.Data.Volume.AccessInfoData.PdfData.AcsTokenLink">
            <summary>URL to retrieve ACS token for pdf download. (In LITE projection.)</summary>
        </member>
        <member name="P:Google.Apis.Books.v1.Data.Volume.AccessInfoData.PdfData.DownloadLink">
            <summary>URL to download pdf. (In LITE projection.)</summary>
        </member>
        <member name="T:Google.Apis.Books.v1.Data.Volume.SaleInfoData">
            <summary>Any information about a volume related to the eBookstore and/or purchaseability. This information can depend on the country where the request originates from (i.e. books may not be for sale in certain countries).</summary>
        </member>
        <member name="P:Google.Apis.Books.v1.Data.Volume.SaleInfoData.BuyLink">
            <summary>URL to purchase this volume on the Google Books site. (In LITE projection)</summary>
        </member>
        <member name="P:Google.Apis.Books.v1.Data.Volume.SaleInfoData.Country">
            <summary>The two-letter ISO_3166-1 country code for which this sale information is valid. (In LITE projection.)</summary>
        </member>
        <member name="P:Google.Apis.Books.v1.Data.Volume.SaleInfoData.IsEbook">
            <summary>Whether or not this volume is an eBook (can be added to the My eBooks shelf).</summary>
        </member>
        <member name="P:Google.Apis.Books.v1.Data.Volume.SaleInfoData.ListPrice">
            <summary>Suggested retail price. (In LITE projection.)</summary>
        </member>
        <member name="P:Google.Apis.Books.v1.Data.Volume.SaleInfoData.RetailPrice">
            <summary>The actual selling price of the book. This is the same as the suggested retail or list price unless there are offers or discounts on this volume. (In LITE projection.)</summary>
        </member>
        <member name="P:Google.Apis.Books.v1.Data.Volume.SaleInfoData.Saleability">
            <summary>Whether or not this book is available for sale or offered for free in the Google eBookstore for the country listed above. Possible values are FOR_SALE, FREE or NOT_FOR_SALE.</summary>
        </member>
        <member name="T:Google.Apis.Books.v1.Data.Volume.SaleInfoData.ListPriceData">
            <summary>Suggested retail price. (In LITE projection.)</summary>
        </member>
        <member name="P:Google.Apis.Books.v1.Data.Volume.SaleInfoData.ListPriceData.Amount">
            <summary>Amount in the currency listed below. (In LITE projection.)</summary>
        </member>
        <member name="P:Google.Apis.Books.v1.Data.Volume.SaleInfoData.ListPriceData.CurrencyCode">
            <summary>An ISO 4217, three-letter currency code. (In LITE projection.)</summary>
        </member>
        <member name="T:Google.Apis.Books.v1.Data.Volume.SaleInfoData.RetailPriceData">
            <summary>The actual selling price of the book. This is the same as the suggested retail or list price unless there are offers or discounts on this volume. (In LITE projection.)</summary>
        </member>
        <member name="P:Google.Apis.Books.v1.Data.Volume.SaleInfoData.RetailPriceData.Amount">
            <summary>Amount in the currency listed below. (In LITE projection.)</summary>
        </member>
        <member name="P:Google.Apis.Books.v1.Data.Volume.SaleInfoData.RetailPriceData.CurrencyCode">
            <summary>An ISO 4217, three-letter currency code. (In LITE projection.)</summary>
        </member>
        <member name="T:Google.Apis.Books.v1.Data.Volume.UserInfoData">
            <summary>User specific information related to this volume. (e.g. page this user last read or whether they purchased this book)</summary>
        </member>
        <member name="P:Google.Apis.Books.v1.Data.Volume.UserInfoData.IsPurchased">
            <summary>Whether or not this volume was purchased by the authenticated user making the request. (In LITE projection.)</summary>
        </member>
        <member name="P:Google.Apis.Books.v1.Data.Volume.UserInfoData.Updated">
            <summary>Timestamp when this volume was last modified by a user action, such as a reading position update, volume purchase or writing a review. (RFC 3339 UTC date-time format).</summary>
        </member>
        <member name="T:Google.Apis.Books.v1.Data.Volume.VolumeInfoData">
            <summary>General volume information.</summary>
        </member>
        <member name="P:Google.Apis.Books.v1.Data.Volume.VolumeInfoData.Authors">
            <summary>The names of the authors and/or editors for this volume. (In LITE projection)</summary>
        </member>
        <member name="P:Google.Apis.Books.v1.Data.Volume.VolumeInfoData.AverageRating">
            <summary>The mean review rating for this volume. (min = 1.0, max = 5.0)</summary>
        </member>
        <member name="P:Google.Apis.Books.v1.Data.Volume.VolumeInfoData.Categories">
            <summary>A list of subject categories, such as &quot;Fiction&quot;, &quot;Suspense&quot;, etc.</summary>
        </member>
        <member name="P:Google.Apis.Books.v1.Data.Volume.VolumeInfoData.ContentVersion">
            <summary>An identifier for the version of the volume content (text &amp; images). (In LITE projection)</summary>
        </member>
        <member name="P:Google.Apis.Books.v1.Data.Volume.VolumeInfoData.Description">
            <summary>A synopsis of the volume. The text of the description is formatted in HTML and includes simple formatting elements, such as b, i, and br tags. (In LITE projection.)</summary>
        </member>
        <member name="P:Google.Apis.Books.v1.Data.Volume.VolumeInfoData.Dimensions">
            <summary>Physical dimensions of this volume.</summary>
        </member>
        <member name="P:Google.Apis.Books.v1.Data.Volume.VolumeInfoData.ImageLinks">
            <summary>A list of image links for all the sizes that are available. (In LITE projection.)</summary>
        </member>
        <member name="P:Google.Apis.Books.v1.Data.Volume.VolumeInfoData.IndustryIdentifiers">
            <summary>Industry standard identifiers for this volume.</summary>
        </member>
        <member name="P:Google.Apis.Books.v1.Data.Volume.VolumeInfoData.InfoLink">
            <summary>URL to view information about this volume on the Google Books site. (In LITE projection)</summary>
        </member>
        <member name="P:Google.Apis.Books.v1.Data.Volume.VolumeInfoData.Language">
            <summary>Best language for this volume (based on content). It is the two-letter ISO 639-1 code such as &apos;fr&apos;, &apos;en&apos;, etc.</summary>
        </member>
        <member name="P:Google.Apis.Books.v1.Data.Volume.VolumeInfoData.MainCategory">
            <summary>The main category to which this volume belongs. It will be the category from the categories list returned below that has the highest weight.</summary>
        </member>
        <member name="P:Google.Apis.Books.v1.Data.Volume.VolumeInfoData.PageCount">
            <summary>Total number of pages.</summary>
        </member>
        <member name="P:Google.Apis.Books.v1.Data.Volume.VolumeInfoData.PreviewLink">
            <summary>URL to preview this volume on the Google Books site.</summary>
        </member>
        <member name="P:Google.Apis.Books.v1.Data.Volume.VolumeInfoData.PrintType">
            <summary>Type of publication of this volume. Possible values are BOOK or MAGAZINE.</summary>
        </member>
        <member name="P:Google.Apis.Books.v1.Data.Volume.VolumeInfoData.PublishedDate">
            <summary>Date of publication. (In LITE projection.)</summary>
        </member>
        <member name="P:Google.Apis.Books.v1.Data.Volume.VolumeInfoData.Publisher">
            <summary>Publisher of this volume. (In LITE projection.)</summary>
        </member>
        <member name="P:Google.Apis.Books.v1.Data.Volume.VolumeInfoData.RatingsCount">
            <summary>The number of review ratings for this volume.</summary>
        </member>
        <member name="P:Google.Apis.Books.v1.Data.Volume.VolumeInfoData.Subtitle">
            <summary>Volume subtitle. (In LITE projection.)</summary>
        </member>
        <member name="P:Google.Apis.Books.v1.Data.Volume.VolumeInfoData.Title">
            <summary>Volume title. (In LITE projection.)</summary>
        </member>
        <member name="T:Google.Apis.Books.v1.Data.Volume.VolumeInfoData.DimensionsData">
            <summary>Physical dimensions of this volume.</summary>
        </member>
        <member name="P:Google.Apis.Books.v1.Data.Volume.VolumeInfoData.DimensionsData.Height">
            <summary>Height or length of this volume (in cm).</summary>
        </member>
        <member name="P:Google.Apis.Books.v1.Data.Volume.VolumeInfoData.DimensionsData.Thickness">
            <summary>Thickness of this volume (in cm).</summary>
        </member>
        <member name="P:Google.Apis.Books.v1.Data.Volume.VolumeInfoData.DimensionsData.Width">
            <summary>Width of this volume (in cm).</summary>
        </member>
        <member name="T:Google.Apis.Books.v1.Data.Volume.VolumeInfoData.ImageLinksData">
            <summary>A list of image links for all the sizes that are available. (In LITE projection.)</summary>
        </member>
        <member name="P:Google.Apis.Books.v1.Data.Volume.VolumeInfoData.ImageLinksData.ExtraLarge">
            <summary>Image link for extra large size (width of ~1280 pixels). (In LITE projection)</summary>
        </member>
        <member name="P:Google.Apis.Books.v1.Data.Volume.VolumeInfoData.ImageLinksData.Large">
            <summary>Image link for large size (width of ~800 pixels). (In LITE projection)</summary>
        </member>
        <member name="P:Google.Apis.Books.v1.Data.Volume.VolumeInfoData.ImageLinksData.Medium">
            <summary>Image link for medium size (width of ~575 pixels). (In LITE projection)</summary>
        </member>
        <member name="P:Google.Apis.Books.v1.Data.Volume.VolumeInfoData.ImageLinksData.Small">
            <summary>Image link for small size (width of ~300 pixels). (In LITE projection)</summary>
        </member>
        <member name="P:Google.Apis.Books.v1.Data.Volume.VolumeInfoData.ImageLinksData.SmallThumbnail">
            <summary>Image link for small thumbnail size (width of ~80 pixels). (In LITE projection)</summary>
        </member>
        <member name="P:Google.Apis.Books.v1.Data.Volume.VolumeInfoData.ImageLinksData.Thumbnail">
            <summary>Image link for thumbnail size (width of ~128 pixels). (In LITE projection)</summary>
        </member>
        <member name="P:Google.Apis.Books.v1.Data.Volume.VolumeInfoData.IndustryIdentifiersData.Identifier">
            <summary>Industry specific volume identifier.</summary>
        </member>
        <member name="P:Google.Apis.Books.v1.Data.Volume.VolumeInfoData.IndustryIdentifiersData.Type">
            <summary>Identifier type. Possible values are ISBN_10, ISBN_13, ISSN and OTHER.</summary>
        </member>
        <member name="P:Google.Apis.Books.v1.Data.Volumes.Items">
            <summary>A list of volumes.</summary>
        </member>
        <member name="P:Google.Apis.Books.v1.Data.Volumes.Kind">
            <summary>Resource type.</summary>
        </member>
        <member name="P:Google.Apis.Books.v1.Data.Volumes.TotalItems">
            <summary>Total number of volumes found. This might be greater than the number of volumes returned in this response if results have been paginated.</summary>
        </member>
        <member name="P:Google.Apis.Books.v1.BooksService.Key">
            <summary>Sets the API-Key (or DeveloperKey) which this service uses for all requests</summary>
        </member>
        <member name="T:Google.Apis.Books.v1.BooksService.Scopes">
            <summary>A list of all OAuth2.0 scopes. Each of these scopes relates to a permission or group of permissions that different methods of this API may need.</summary>
        </member>
        <member name="F:Google.Apis.Books.v1.BooksService.Scopes.Books">
            <summary>Manage your books</summary>
        </member>
        <member name="M:Google.Apis.Books.v1.BookshelvesResource.Get(System.String,System.String)">
            <summary>Retrieves a specific bookshelf for the specified user.</summary>
            <param name="userId">Required - Id of user for whom to retrieve bookshelves.</param>
            <param name="shelf">Required - Id of bookshelf to retrieve.</param>
        </member>
        <member name="M:Google.Apis.Books.v1.BookshelvesResource.List(System.String)">
            <summary>Retrieves a list of public bookshelves for the specified user.</summary>
            <param name="userId">Required - Id of user for whom to retrieve bookshelves.</param>
        </member>
        <member name="M:Google.Apis.Books.v1.BookshelvesResource.VolumesResource.List(System.String,System.String)">
            <summary>Retrieves volumes in a specific bookshelf for the specified user.</summary>
            <param name="userId">Required - Id of user for whom to retrieve bookshelf volumes.</param>
            <param name="shelf">Required - Id of bookshelf to retrieve volumes.</param>
        </member>
        <member name="P:Google.Apis.Books.v1.BookshelvesResource.VolumesResource.ListRequest.Country">
            <summary>ISO-3166-1 code to override the IP-based location.</summary>
        </member>
        <member name="P:Google.Apis.Books.v1.BookshelvesResource.VolumesResource.ListRequest.Shelf">
            <summary>Id of bookshelf to retrieve volumes.</summary>
        </member>
        <member name="P:Google.Apis.Books.v1.BookshelvesResource.VolumesResource.ListRequest.Source">
            <summary>String to identify the originator of this request.</summary>
        </member>
        <member name="P:Google.Apis.Books.v1.BookshelvesResource.VolumesResource.ListRequest.UserId">
            <summary>Id of user for whom to retrieve bookshelf volumes.</summary>
        </member>
        <member name="P:Google.Apis.Books.v1.BookshelvesResource.GetRequest.Country">
            <summary>ISO-3166-1 code to override the IP-based location.</summary>
        </member>
        <member name="P:Google.Apis.Books.v1.BookshelvesResource.GetRequest.Shelf">
            <summary>Id of bookshelf to retrieve.</summary>
        </member>
        <member name="P:Google.Apis.Books.v1.BookshelvesResource.GetRequest.Source">
            <summary>String to identify the originator of this request.</summary>
        </member>
        <member name="P:Google.Apis.Books.v1.BookshelvesResource.GetRequest.UserId">
            <summary>Id of user for whom to retrieve bookshelves.</summary>
        </member>
        <member name="P:Google.Apis.Books.v1.BookshelvesResource.ListRequest.Country">
            <summary>ISO-3166-1 code to override the IP-based location.</summary>
        </member>
        <member name="P:Google.Apis.Books.v1.BookshelvesResource.ListRequest.Source">
            <summary>String to identify the originator of this request.</summary>
        </member>
        <member name="P:Google.Apis.Books.v1.BookshelvesResource.ListRequest.UserId">
            <summary>Id of user for whom to retrieve bookshelves.</summary>
        </member>
        <member name="M:Google.Apis.Books.v1.MylibraryResource.BookshelvesResource.AddVolume(System.String,System.String)">
            <summary>Adds a volume to a bookshelf.</summary>
            <param name="shelf">Required - Id of bookshelf to which to add a volume.</param>
            <param name="volumeId">Required - Id of volume to add.</param>
        </member>
        <member name="M:Google.Apis.Books.v1.MylibraryResource.BookshelvesResource.ClearVolumes(System.String)">
            <summary>Clears all volumes from a bookshelf.</summary>
            <param name="shelf">Required - Id of bookshelf from which to remove a volume.</param>
        </member>
        <member name="M:Google.Apis.Books.v1.MylibraryResource.BookshelvesResource.Get(System.String)">
            <summary>Retrieves a specific bookshelf belonging to the authenticated user.</summary>
            <param name="shelf">Required - Id of bookshelf to retrieve.</param>
        </member>
        <member name="M:Google.Apis.Books.v1.MylibraryResource.BookshelvesResource.List">
            <summary>Retrieves a list of bookshelves belonging to the authenticated user.</summary>
        </member>
        <member name="M:Google.Apis.Books.v1.MylibraryResource.BookshelvesResource.RemoveVolume(System.String,System.String)">
            <summary>Removes a volume from a bookshelf.</summary>
            <param name="shelf">Required - Id of bookshelf from which to remove a volume.</param>
            <param name="volumeId">Required - Id of volume to remove.</param>
        </member>
        <member name="M:Google.Apis.Books.v1.MylibraryResource.BookshelvesResource.VolumesResource.List">
            <summary>Gets volume information for volumes on a bookshelf.</summary>
        </member>
        <member name="T:Google.Apis.Books.v1.MylibraryResource.BookshelvesResource.VolumesResource.Projection">
            <summary>Restrict information returned to a set of selected fields.</summary>
        </member>
        <member name="F:Google.Apis.Books.v1.MylibraryResource.BookshelvesResource.VolumesResource.Projection.Full">
            <summary>Includes all volume data.</summary>
        </member>
        <member name="F:Google.Apis.Books.v1.MylibraryResource.BookshelvesResource.VolumesResource.Projection.Lite">
            <summary>Includes a subset of fields in volumeInfo and accessInfo.</summary>
        </member>
        <member name="P:Google.Apis.Books.v1.MylibraryResource.BookshelvesResource.VolumesResource.ListRequest.Country">
            <summary>ISO-3166-1 code to override the IP-based location.</summary>
        </member>
        <member name="P:Google.Apis.Books.v1.MylibraryResource.BookshelvesResource.VolumesResource.ListRequest.MaxResults">
            <summary>Maximum number of results to return</summary>
        </member>
        <member name="P:Google.Apis.Books.v1.MylibraryResource.BookshelvesResource.VolumesResource.ListRequest.Projection">
            <summary>Restrict information returned to a set of selected fields.</summary>
        </member>
        <member name="P:Google.Apis.Books.v1.MylibraryResource.BookshelvesResource.VolumesResource.ListRequest.Q">
            <summary>Full-text search query string in this bookshelf.</summary>
        </member>
        <member name="P:Google.Apis.Books.v1.MylibraryResource.BookshelvesResource.VolumesResource.ListRequest.Shelf">
            <summary>The bookshelf id or name retrieve volumes for.</summary>
        </member>
        <member name="P:Google.Apis.Books.v1.MylibraryResource.BookshelvesResource.VolumesResource.ListRequest.Source">
            <summary>String to identify the originator of this request.</summary>
        </member>
        <member name="P:Google.Apis.Books.v1.MylibraryResource.BookshelvesResource.VolumesResource.ListRequest.StartIndex">
            <summary>Index of the first element to return (starts at 0)</summary>
        </member>
        <member name="P:Google.Apis.Books.v1.MylibraryResource.BookshelvesResource.AddVolumeRequest.Country">
            <summary>ISO-3166-1 code to override the IP-based location.</summary>
        </member>
        <member name="P:Google.Apis.Books.v1.MylibraryResource.BookshelvesResource.AddVolumeRequest.Shelf">
            <summary>Id of bookshelf to which to add a volume.</summary>
        </member>
        <member name="P:Google.Apis.Books.v1.MylibraryResource.BookshelvesResource.AddVolumeRequest.Source">
            <summary>String to identify the originator of this request.</summary>
        </member>
        <member name="P:Google.Apis.Books.v1.MylibraryResource.BookshelvesResource.AddVolumeRequest.VolumeId">
            <summary>Id of volume to add.</summary>
        </member>
        <member name="P:Google.Apis.Books.v1.MylibraryResource.BookshelvesResource.ClearVolumesRequest.Country">
            <summary>ISO-3166-1 code to override the IP-based location.</summary>
        </member>
        <member name="P:Google.Apis.Books.v1.MylibraryResource.BookshelvesResource.ClearVolumesRequest.Shelf">
            <summary>Id of bookshelf from which to remove a volume.</summary>
        </member>
        <member name="P:Google.Apis.Books.v1.MylibraryResource.BookshelvesResource.ClearVolumesRequest.Source">
            <summary>String to identify the originator of this request.</summary>
        </member>
        <member name="P:Google.Apis.Books.v1.MylibraryResource.BookshelvesResource.GetRequest.Country">
            <summary>ISO-3166-1 code to override the IP-based location.</summary>
        </member>
        <member name="P:Google.Apis.Books.v1.MylibraryResource.BookshelvesResource.GetRequest.Shelf">
            <summary>Id of bookshelf to retrieve.</summary>
        </member>
        <member name="P:Google.Apis.Books.v1.MylibraryResource.BookshelvesResource.GetRequest.Source">
            <summary>String to identify the originator of this request.</summary>
        </member>
        <member name="P:Google.Apis.Books.v1.MylibraryResource.BookshelvesResource.ListRequest.Country">
            <summary>ISO-3166-1 code to override the IP-based location.</summary>
        </member>
        <member name="P:Google.Apis.Books.v1.MylibraryResource.BookshelvesResource.ListRequest.Source">
            <summary>String to identify the originator of this request.</summary>
        </member>
        <member name="P:Google.Apis.Books.v1.MylibraryResource.BookshelvesResource.RemoveVolumeRequest.Country">
            <summary>ISO-3166-1 code to override the IP-based location.</summary>
        </member>
        <member name="P:Google.Apis.Books.v1.MylibraryResource.BookshelvesResource.RemoveVolumeRequest.Shelf">
            <summary>Id of bookshelf from which to remove a volume.</summary>
        </member>
        <member name="P:Google.Apis.Books.v1.MylibraryResource.BookshelvesResource.RemoveVolumeRequest.Source">
            <summary>String to identify the originator of this request.</summary>
        </member>
        <member name="P:Google.Apis.Books.v1.MylibraryResource.BookshelvesResource.RemoveVolumeRequest.VolumeId">
            <summary>Id of volume to remove.</summary>
        </member>
        <member name="M:Google.Apis.Books.v1.VolumesResource.Get(System.String)">
            <summary>Gets volume information for a single volume.</summary>
            <param name="volumeId">Required - Id of volume to retrieve.</param>
        </member>
        <member name="M:Google.Apis.Books.v1.VolumesResource.List(System.String)">
            <summary>Performs a book search.</summary>
            <param name="q">Required - Full-text search query string.</param>
        </member>
        <member name="T:Google.Apis.Books.v1.VolumesResource.Projection">
            <summary>Restrict information returned to a set of selected fields.</summary>
        </member>
        <member name="F:Google.Apis.Books.v1.VolumesResource.Projection.Full">
            <summary>Includes all volume data.</summary>
        </member>
        <member name="F:Google.Apis.Books.v1.VolumesResource.Projection.Lite">
            <summary>Includes a subset of fields in volumeInfo and accessInfo.</summary>
        </member>
        <member name="T:Google.Apis.Books.v1.VolumesResource.Download">
            <summary>Restrict to volumes by download availability.</summary>
        </member>
        <member name="F:Google.Apis.Books.v1.VolumesResource.Download.Epub">
            <summary>All volumes with epub.</summary>
        </member>
        <member name="T:Google.Apis.Books.v1.VolumesResource.Filter">
            <summary>Filter search results.</summary>
        </member>
        <member name="F:Google.Apis.Books.v1.VolumesResource.Filter.Ebooks">
            <summary>All Google eBooks.</summary>
        </member>
        <member name="F:Google.Apis.Books.v1.VolumesResource.Filter.FreeEbooks">
            <summary>Google eBook with full volume text viewability.</summary>
        </member>
        <member name="F:Google.Apis.Books.v1.VolumesResource.Filter.Full">
            <summary>Public can view entire volume text.</summary>
        </member>
        <member name="F:Google.Apis.Books.v1.VolumesResource.Filter.PaidEbooks">
            <summary>Google eBook with a price.</summary>
        </member>
        <member name="F:Google.Apis.Books.v1.VolumesResource.Filter.Partial">
            <summary>Public able to see parts of text.</summary>
        </member>
        <member name="T:Google.Apis.Books.v1.VolumesResource.LibraryRestrict">
            <summary>Restrict search to this user&apos;s library.</summary>
        </member>
        <member name="F:Google.Apis.Books.v1.VolumesResource.LibraryRestrict.MyLibrary">
            <summary>Restrict to the user&apos;s library, any shelf.</summary>
        </member>
        <member name="F:Google.Apis.Books.v1.VolumesResource.LibraryRestrict.NoRestrict">
            <summary>Do not restrict based on user&apos;s library.</summary>
        </member>
        <member name="T:Google.Apis.Books.v1.VolumesResource.OrderBy">
            <summary>Sort search results.</summary>
        </member>
        <member name="F:Google.Apis.Books.v1.VolumesResource.OrderBy.Newest">
            <summary>Most recently published.</summary>
        </member>
        <member name="F:Google.Apis.Books.v1.VolumesResource.OrderBy.Relevance">
            <summary>Relevance to search terms.</summary>
        </member>
        <member name="T:Google.Apis.Books.v1.VolumesResource.PrintType">
            <summary>Restrict to books or magazines.</summary>
        </member>
        <member name="F:Google.Apis.Books.v1.VolumesResource.PrintType.All">
            <summary>All volume content types.</summary>
        </member>
        <member name="F:Google.Apis.Books.v1.VolumesResource.PrintType.Books">
            <summary>Just books.</summary>
        </member>
        <member name="F:Google.Apis.Books.v1.VolumesResource.PrintType.Magazines">
            <summary>Just magazines.</summary>
        </member>
        <member name="P:Google.Apis.Books.v1.VolumesResource.GetRequest.Country">
            <summary>ISO-3166-1 code to override the IP-based location.</summary>
        </member>
        <member name="P:Google.Apis.Books.v1.VolumesResource.GetRequest.Partner">
            <summary>Identifier of partner for whom to brand results.</summary>
        </member>
        <member name="P:Google.Apis.Books.v1.VolumesResource.GetRequest.Projection">
            <summary>Restrict information returned to a set of selected fields.</summary>
        </member>
        <member name="P:Google.Apis.Books.v1.VolumesResource.GetRequest.Source">
            <summary>String to identify the originator of this request.</summary>
        </member>
        <member name="P:Google.Apis.Books.v1.VolumesResource.GetRequest.VolumeId">
            <summary>Id of volume to retrieve.</summary>
        </member>
        <member name="P:Google.Apis.Books.v1.VolumesResource.ListRequest.Country">
            <summary>ISO-3166-1 code to override the IP-based location.</summary>
        </member>
        <member name="P:Google.Apis.Books.v1.VolumesResource.ListRequest.Download">
            <summary>Restrict to volumes by download availability.</summary>
        </member>
        <member name="P:Google.Apis.Books.v1.VolumesResource.ListRequest.Filter">
            <summary>Filter search results.</summary>
        </member>
        <member name="P:Google.Apis.Books.v1.VolumesResource.ListRequest.LangRestrict">
            <summary>Restrict results to books with this language code.</summary>
        </member>
        <member name="P:Google.Apis.Books.v1.VolumesResource.ListRequest.LibraryRestrict">
            <summary>Restrict search to this user's library.</summary>
        </member>
        <member name="P:Google.Apis.Books.v1.VolumesResource.ListRequest.MaxResults">
            <summary>Maximum number of results to return.</summary>
        </member>
        <member name="P:Google.Apis.Books.v1.VolumesResource.ListRequest.OrderBy">
            <summary>Sort search results.</summary>
        </member>
        <member name="P:Google.Apis.Books.v1.VolumesResource.ListRequest.Partner">
            <summary>Identifier of partner for whom to restrict and brand results.</summary>
        </member>
        <member name="P:Google.Apis.Books.v1.VolumesResource.ListRequest.PrintType">
            <summary>Restrict to books or magazines.</summary>
        </member>
        <member name="P:Google.Apis.Books.v1.VolumesResource.ListRequest.Projection">
            <summary>Restrict information returned to a set of selected fields.</summary>
        </member>
        <member name="P:Google.Apis.Books.v1.VolumesResource.ListRequest.Q">
            <summary>Full-text search query string.</summary>
        </member>
        <member name="P:Google.Apis.Books.v1.VolumesResource.ListRequest.Source">
            <summary>String to identify the originator of this request.</summary>
        </member>
        <member name="P:Google.Apis.Books.v1.VolumesResource.ListRequest.StartIndex">
            <summary>Index of the first result to return (starts at 0)</summary>
        </member>
    </members>
</doc>
