<?xml version="1.0"?>
<doc>
    <assembly>
        <name>Google.Apis.Audit.v1</name>
    </assembly>
    <members>
        <member name="P:Google.Apis.Audit.v1.Data.Activities.Items">
            <summary>Each record in read response.</summary>
        </member>
        <member name="P:Google.Apis.Audit.v1.Data.Activities.Kind">
            <summary>Kind of list response this is.</summary>
        </member>
        <member name="P:Google.Apis.Audit.v1.Data.Activities.Next">
            <summary>Next page URL.</summary>
        </member>
        <member name="P:Google.Apis.Audit.v1.Data.Activity.Actor">
            <summary>User doing the action.</summary>
        </member>
        <member name="P:Google.Apis.Audit.v1.Data.Activity.Events">
            <summary>Activity events.</summary>
        </member>
        <member name="P:Google.Apis.Audit.v1.Data.Activity.Id">
            <summary>Unique identifier for each activity record.</summary>
        </member>
        <member name="P:Google.Apis.Audit.v1.Data.Activity.IpAddress">
            <summary>IP Address of the user doing the action.</summary>
        </member>
        <member name="P:Google.Apis.Audit.v1.Data.Activity.Kind">
            <summary>Kind of resource this is.</summary>
        </member>
        <member name="P:Google.Apis.Audit.v1.Data.Activity.OwnerDomain">
            <summary>Domain of source customer.</summary>
        </member>
        <member name="T:Google.Apis.Audit.v1.Data.Activity.ActorData">
            <summary>User doing the action.</summary>
        </member>
        <member name="P:Google.Apis.Audit.v1.Data.Activity.ActorData.ApplicationId">
            <summary>ID of application which interacted on behalf of the user.</summary>
        </member>
        <member name="P:Google.Apis.Audit.v1.Data.Activity.ActorData.CallerType">
            <summary>User or OAuth 2LO request.</summary>
        </member>
        <member name="P:Google.Apis.Audit.v1.Data.Activity.ActorData.Email">
            <summary>Email address of the user.</summary>
        </member>
        <member name="P:Google.Apis.Audit.v1.Data.Activity.ActorData.Key">
            <summary>For OAuth 2LO API requests, consumer_key of the requestor.</summary>
        </member>
        <member name="P:Google.Apis.Audit.v1.Data.Activity.EventsData.EventType">
            <summary>Type of event.</summary>
        </member>
        <member name="P:Google.Apis.Audit.v1.Data.Activity.EventsData.Name">
            <summary>Name of event.</summary>
        </member>
        <member name="P:Google.Apis.Audit.v1.Data.Activity.EventsData.Parameters">
            <summary>Event parameters.</summary>
        </member>
        <member name="P:Google.Apis.Audit.v1.Data.Activity.EventsData.ParametersData.Name">
            <summary>Name of the parameter.</summary>
        </member>
        <member name="P:Google.Apis.Audit.v1.Data.Activity.EventsData.ParametersData.Value">
            <summary>Value of the parameter.</summary>
        </member>
        <member name="T:Google.Apis.Audit.v1.Data.Activity.IdData">
            <summary>Unique identifier for each activity record.</summary>
        </member>
        <member name="P:Google.Apis.Audit.v1.Data.Activity.IdData.ApplicationId">
            <summary>Application ID of the source application.</summary>
        </member>
        <member name="P:Google.Apis.Audit.v1.Data.Activity.IdData.CustomerId">
            <summary>Obfuscated customer ID of the source customer.</summary>
        </member>
        <member name="P:Google.Apis.Audit.v1.Data.Activity.IdData.Time">
            <summary>Time of occurrence of the activity.</summary>
        </member>
        <member name="P:Google.Apis.Audit.v1.Data.Activity.IdData.UniqQualifier">
            <summary>Unique qualifier if multiple events have the same time.</summary>
        </member>
        <member name="P:Google.Apis.Audit.v1.AuditService.Key">
            <summary>Sets the API-Key (or DeveloperKey) which this service uses for all requests</summary>
        </member>
        <member name="M:Google.Apis.Audit.v1.ActivitiesResource.List(System.String,System.String)">
            <summary>Retrieves a list of activities for a specific customer and application.</summary>
            <param name="customerId">Required - Must match pattern C.+ - Represents the customer who is the owner of target object on which action was performed.</param>
            <param name="applicationId">Required - Application ID of the application on which the event was performed.</param>
        </member>
        <member name="T:Google.Apis.Audit.v1.ActivitiesResource.Caller">
            <summary>Type of the caller.</summary>
        </member>
        <member name="F:Google.Apis.Audit.v1.ActivitiesResource.Caller.Application_owner">
            <summary>Caller is an application owner.</summary>
        </member>
        <member name="F:Google.Apis.Audit.v1.ActivitiesResource.Caller.Customer">
            <summary>Caller is a customer.</summary>
        </member>
        <member name="P:Google.Apis.Audit.v1.ActivitiesResource.ListRequest.Oauth_token">
            <summary>OAuth 2.0 token for the current user.</summary>
        </member>
        <member name="P:Google.Apis.Audit.v1.ActivitiesResource.ListRequest.PrettyPrint">
            <summary>Returns response with indentations and line breaks.</summary>
        </member>
        <member name="P:Google.Apis.Audit.v1.ActivitiesResource.ListRequest.QuotaUser">
            <summary>Available to use for quota purposes for server-side applications. Can be any arbitrary string assigned to a user, but should not exceed 40 characters. Overrides userIp if both are provided.</summary>
        </member>
        <member name="P:Google.Apis.Audit.v1.ActivitiesResource.ListRequest.ActorApplicationId">
            <summary>Application ID of the application which interacted on behalf of the user while performing the event.</summary>
        </member>
        <member name="P:Google.Apis.Audit.v1.ActivitiesResource.ListRequest.ActorEmail">
            <summary>Email address of the user who performed the action.</summary>
        </member>
        <member name="P:Google.Apis.Audit.v1.ActivitiesResource.ListRequest.ActorIpAddress">
            <summary>IP Address of host where the event was performed. Supports both IPv4 and IPv6 addresses.</summary>
        </member>
        <member name="P:Google.Apis.Audit.v1.ActivitiesResource.ListRequest.ApplicationId">
            <summary>Application ID of the application on which the event was performed.</summary>
        </member>
        <member name="P:Google.Apis.Audit.v1.ActivitiesResource.ListRequest.Caller">
            <summary>Type of the caller.</summary>
        </member>
        <member name="P:Google.Apis.Audit.v1.ActivitiesResource.ListRequest.ContinuationToken">
            <summary>Next page URL.</summary>
        </member>
        <member name="P:Google.Apis.Audit.v1.ActivitiesResource.ListRequest.CustomerId">
            <summary>Represents the customer who is the owner of target object on which action was performed.</summary>
        </member>
        <member name="P:Google.Apis.Audit.v1.ActivitiesResource.ListRequest.EndTime">
            <summary>Return events which occured at or before this time.</summary>
        </member>
        <member name="P:Google.Apis.Audit.v1.ActivitiesResource.ListRequest.EventName">
            <summary>Name of the event being queried.</summary>
        </member>
        <member name="P:Google.Apis.Audit.v1.ActivitiesResource.ListRequest.MaxResults">
            <summary>Number of activity records to be shown in each page.</summary>
        </member>
        <member name="P:Google.Apis.Audit.v1.ActivitiesResource.ListRequest.Parameters">
            <summary>Event parameters in the form [parameter1 name]:[parameter1 value],[parameter2 name]:[parameter2 value],...</summary>
        </member>
        <member name="P:Google.Apis.Audit.v1.ActivitiesResource.ListRequest.StartTime">
            <summary>Return events which occured at or after this time.</summary>
        </member>
    </members>
</doc>
