<?xml version="1.0"?>
<doc>
    <assembly>
        <name>Google.Apis.Shopping.v1</name>
    </assembly>
    <members>
        <member name="P:Google.Apis.Shopping.v1.Data.Product.Categories">
            <summary>List of categories for product.</summary>
        </member>
        <member name="P:Google.Apis.Shopping.v1.Data.Product.Id">
            <summary>Id of product.</summary>
        </member>
        <member name="P:Google.Apis.Shopping.v1.Data.Product.Kind">
            <summary>The kind of item, always shopping#product.</summary>
        </member>
        <member name="P:Google.Apis.Shopping.v1.Data.Product.Recommendations">
            <summary>Recommendations for product.</summary>
        </member>
        <member name="P:Google.Apis.Shopping.v1.Data.Product.RequestId">
            <summary>Unique identifier for this request.</summary>
        </member>
        <member name="P:Google.Apis.Shopping.v1.Data.Product.SelfLink">
            <summary>Self link of product when generated for a lookup request. Self link of product when generated for a search request.</summary>
        </member>
        <member name="P:Google.Apis.Shopping.v1.Data.Products.Categories">
            <summary>List of categories.</summary>
        </member>
        <member name="P:Google.Apis.Shopping.v1.Data.Products.CategoryRecommendations">
            <summary>Recommendations for category.</summary>
        </member>
        <member name="P:Google.Apis.Shopping.v1.Data.Products.CurrentItemCount">
            <summary>Current item count.</summary>
        </member>
        <member name="P:Google.Apis.Shopping.v1.Data.Products.ETag">
            <summary>Etag of feed.</summary>
        </member>
        <member name="P:Google.Apis.Shopping.v1.Data.Products.Facets">
            <summary>List of facets.</summary>
        </member>
        <member name="P:Google.Apis.Shopping.v1.Data.Products.Id">
            <summary>Id of feed.</summary>
        </member>
        <member name="P:Google.Apis.Shopping.v1.Data.Products.Items">
            <summary>List of returned products.</summary>
        </member>
        <member name="P:Google.Apis.Shopping.v1.Data.Products.ItemsPerPage">
            <summary>Number of items per page of results.</summary>
        </member>
        <member name="P:Google.Apis.Shopping.v1.Data.Products.Kind">
            <summary>The fixed string &quot;shopping#products&quot;. The kind of feed returned.</summary>
        </member>
        <member name="P:Google.Apis.Shopping.v1.Data.Products.NextLink">
            <summary>Next link of feed.</summary>
        </member>
        <member name="P:Google.Apis.Shopping.v1.Data.Products.PreviousLink">
            <summary>Previous link of feed.</summary>
        </member>
        <member name="P:Google.Apis.Shopping.v1.Data.Products.Promotions">
            <summary>List of promotions.</summary>
        </member>
        <member name="P:Google.Apis.Shopping.v1.Data.Products.Redirects">
            <summary>Redirects.</summary>
        </member>
        <member name="P:Google.Apis.Shopping.v1.Data.Products.RelatedQueries">
            <summary>Related queries.</summary>
        </member>
        <member name="P:Google.Apis.Shopping.v1.Data.Products.RequestId">
            <summary>Unique identifier for this request.</summary>
        </member>
        <member name="P:Google.Apis.Shopping.v1.Data.Products.SelfLink">
            <summary>Self link of feed.</summary>
        </member>
        <member name="P:Google.Apis.Shopping.v1.Data.Products.Spelling">
            <summary>Spelling.</summary>
        </member>
        <member name="P:Google.Apis.Shopping.v1.Data.Products.StartIndex">
            <summary>1-based index of the first item in the search results.</summary>
        </member>
        <member name="P:Google.Apis.Shopping.v1.Data.Products.Stores">
            <summary>List of returned stores.</summary>
        </member>
        <member name="P:Google.Apis.Shopping.v1.Data.Products.TotalItems">
            <summary>Total number of search results.</summary>
        </member>
        <member name="P:Google.Apis.Shopping.v1.Data.Products.FacetsData.Buckets">
            <summary>List of Buckets within facet.</summary>
        </member>
        <member name="P:Google.Apis.Shopping.v1.Data.Products.FacetsData.Count">
            <summary>Number of products matching the query that have a value for the facet&apos;s property or attribute.</summary>
        </member>
        <member name="P:Google.Apis.Shopping.v1.Data.Products.FacetsData.DisplayName">
            <summary>Display name of facet.</summary>
        </member>
        <member name="P:Google.Apis.Shopping.v1.Data.Products.FacetsData.Name">
            <summary>Name of the facet&apos;s attribute (omitted for property facets).</summary>
        </member>
        <member name="P:Google.Apis.Shopping.v1.Data.Products.FacetsData.Property">
            <summary>Property of facet (omitted for attribute facets).</summary>
        </member>
        <member name="P:Google.Apis.Shopping.v1.Data.Products.FacetsData.Type">
            <summary>Type of facet&apos;s attribute (omitted for property facets, one of: text, bool, int, float).</summary>
        </member>
        <member name="P:Google.Apis.Shopping.v1.Data.Products.FacetsData.Unit">
            <summary>Unit of the facet&apos;s property or attribute (omitted if the facet&apos;s property or attribute has no unit).</summary>
        </member>
        <member name="P:Google.Apis.Shopping.v1.Data.Products.FacetsData.BucketsData.Count">
            <summary>Number of products matching the query that have a value for the facet&apos;s property or attribute that matches the bucket.</summary>
        </member>
        <member name="P:Google.Apis.Shopping.v1.Data.Products.FacetsData.BucketsData.Max">
            <summary>Upper bound of the bucket (omitted for value buckets or if the range has no upper bound).</summary>
        </member>
        <member name="P:Google.Apis.Shopping.v1.Data.Products.FacetsData.BucketsData.MaxExclusive">
            <summary>Whether the upper bound of the bucket is exclusive (omitted for value buckets or if the range has no upper bound).</summary>
        </member>
        <member name="P:Google.Apis.Shopping.v1.Data.Products.FacetsData.BucketsData.Min">
            <summary>Lower bound of the bucket (omitted for value buckets or if the range has no lower bound).</summary>
        </member>
        <member name="P:Google.Apis.Shopping.v1.Data.Products.FacetsData.BucketsData.MinExclusive">
            <summary>Whether the lower bound of the bucket is exclusive (omitted for value buckets or if the range has no lower bound).</summary>
        </member>
        <member name="P:Google.Apis.Shopping.v1.Data.Products.FacetsData.BucketsData.Value">
            <summary>Value of the bucket (omitted for range buckets).</summary>
        </member>
        <member name="P:Google.Apis.Shopping.v1.Data.Products.PromotionsData.CustomFields">
            <summary>List of custom fields of promotion.</summary>
        </member>
        <member name="P:Google.Apis.Shopping.v1.Data.Products.PromotionsData.CustomHtml">
            <summary>Custom HTML of promotion (omitted if type is not custom).</summary>
        </member>
        <member name="P:Google.Apis.Shopping.v1.Data.Products.PromotionsData.Description">
            <summary>Description of promotion (omitted if type is not standard).</summary>
        </member>
        <member name="P:Google.Apis.Shopping.v1.Data.Products.PromotionsData.DestLink">
            <summary>Link to promotion (omitted if type is not standard).</summary>
        </member>
        <member name="P:Google.Apis.Shopping.v1.Data.Products.PromotionsData.ImageLink">
            <summary>Link to promotion image (omitted if type is not standard).</summary>
        </member>
        <member name="P:Google.Apis.Shopping.v1.Data.Products.PromotionsData.Name">
            <summary>Name of promotion (omitted if type is not standard).</summary>
        </member>
        <member name="P:Google.Apis.Shopping.v1.Data.Products.PromotionsData.Type">
            <summary>Type of promotion (one of: standard, product, custom).</summary>
        </member>
        <member name="P:Google.Apis.Shopping.v1.Data.Products.PromotionsData.CustomFieldsData.Name">
            <summary>Name of field.</summary>
        </member>
        <member name="P:Google.Apis.Shopping.v1.Data.Products.PromotionsData.CustomFieldsData.Value">
            <summary>Value of field.</summary>
        </member>
        <member name="T:Google.Apis.Shopping.v1.Data.Products.SpellingData">
            <summary>Spelling.</summary>
        </member>
        <member name="P:Google.Apis.Shopping.v1.Data.Products.SpellingData.Suggestion">
            <summary>Suggestion for spelling.</summary>
        </member>
        <member name="P:Google.Apis.Shopping.v1.Data.Products.StoresData.Address">
            <summary>Address of store.</summary>
        </member>
        <member name="P:Google.Apis.Shopping.v1.Data.Products.StoresData.Location">
            <summary>Location of store.</summary>
        </member>
        <member name="P:Google.Apis.Shopping.v1.Data.Products.StoresData.Name">
            <summary>Name of merchant.</summary>
        </member>
        <member name="P:Google.Apis.Shopping.v1.Data.Products.StoresData.StoreCode">
            <summary>Merchant-supplied store code.</summary>
        </member>
        <member name="P:Google.Apis.Shopping.v1.Data.Products.StoresData.StoreId">
            <summary>Id of store.</summary>
        </member>
        <member name="P:Google.Apis.Shopping.v1.Data.Products.StoresData.StoreName">
            <summary>Name of store.</summary>
        </member>
        <member name="P:Google.Apis.Shopping.v1.Data.Products.StoresData.Telephone">
            <summary>Telephone number of store.</summary>
        </member>
        <member name="P:Google.Apis.Shopping.v1.Data.ShoppingModelCategoryJsonV1.Id">
            <summary>Id of category.</summary>
        </member>
        <member name="P:Google.Apis.Shopping.v1.Data.ShoppingModelCategoryJsonV1.Parents">
            <summary>Ids of the parents of the category.</summary>
        </member>
        <member name="P:Google.Apis.Shopping.v1.Data.ShoppingModelCategoryJsonV1.ShortName">
            <summary>Short name of category.</summary>
        </member>
        <member name="P:Google.Apis.Shopping.v1.Data.ShoppingModelCategoryJsonV1.Url">
            <summary>URL of category.</summary>
        </member>
        <member name="P:Google.Apis.Shopping.v1.Data.ShoppingModelDebugJsonV1.BackendTimes">
            <summary>Google internal</summary>
        </member>
        <member name="P:Google.Apis.Shopping.v1.Data.ShoppingModelDebugJsonV1.ElapsedMillis">
            <summary>Google internal.</summary>
        </member>
        <member name="P:Google.Apis.Shopping.v1.Data.ShoppingModelDebugJsonV1.FacetsRequest">
            <summary>Google internal.</summary>
        </member>
        <member name="P:Google.Apis.Shopping.v1.Data.ShoppingModelDebugJsonV1.FacetsResponse">
            <summary>Google internal.</summary>
        </member>
        <member name="P:Google.Apis.Shopping.v1.Data.ShoppingModelDebugJsonV1.RdcResponse">
            <summary>Google internal.</summary>
        </member>
        <member name="P:Google.Apis.Shopping.v1.Data.ShoppingModelDebugJsonV1.RecommendedItemsRequest">
            <summary>Google internal.</summary>
        </member>
        <member name="P:Google.Apis.Shopping.v1.Data.ShoppingModelDebugJsonV1.RecommendedItemsResponse">
            <summary>Google internal.</summary>
        </member>
        <member name="P:Google.Apis.Shopping.v1.Data.ShoppingModelDebugJsonV1.SearchRequest">
            <summary>Google internal.</summary>
        </member>
        <member name="P:Google.Apis.Shopping.v1.Data.ShoppingModelDebugJsonV1.SearchResponse">
            <summary>Google internal.</summary>
        </member>
        <member name="P:Google.Apis.Shopping.v1.Data.ShoppingModelDebugJsonV1.BackendTimesData.ElapsedMillis">
            <summary>Google internal</summary>
        </member>
        <member name="P:Google.Apis.Shopping.v1.Data.ShoppingModelDebugJsonV1.BackendTimesData.HostName">
            <summary>Google internal</summary>
        </member>
        <member name="P:Google.Apis.Shopping.v1.Data.ShoppingModelDebugJsonV1.BackendTimesData.Name">
            <summary>Google internal</summary>
        </member>
        <member name="P:Google.Apis.Shopping.v1.Data.ShoppingModelDebugJsonV1.BackendTimesData.ServerMillis">
            <summary>Google internal</summary>
        </member>
        <member name="P:Google.Apis.Shopping.v1.Data.ShoppingModelProductJsonV1.Attributes">
            <summary>Attributes of product (available only with a cx source).</summary>
        </member>
        <member name="P:Google.Apis.Shopping.v1.Data.ShoppingModelProductJsonV1.Author">
            <summary>Author of product.</summary>
        </member>
        <member name="P:Google.Apis.Shopping.v1.Data.ShoppingModelProductJsonV1.Brand">
            <summary>Brand of product.</summary>
        </member>
        <member name="P:Google.Apis.Shopping.v1.Data.ShoppingModelProductJsonV1.Categories">
            <summary>Categories of product according to the selected taxonomy, omitted if no taxonomy is selected.</summary>
        </member>
        <member name="P:Google.Apis.Shopping.v1.Data.ShoppingModelProductJsonV1.Condition">
            <summary>Condition of product (one of: new, refurbished, used).</summary>
        </member>
        <member name="P:Google.Apis.Shopping.v1.Data.ShoppingModelProductJsonV1.Country">
            <summary>ISO 3166 code of target country of product.</summary>
        </member>
        <member name="P:Google.Apis.Shopping.v1.Data.ShoppingModelProductJsonV1.CreationTime">
            <summary>RFC 3339 formatted creation time and date of product.</summary>
        </member>
        <member name="P:Google.Apis.Shopping.v1.Data.ShoppingModelProductJsonV1.Description">
            <summary>Description of product.</summary>
        </member>
        <member name="P:Google.Apis.Shopping.v1.Data.ShoppingModelProductJsonV1.GoogleId">
            <summary>Google id of product.</summary>
        </member>
        <member name="P:Google.Apis.Shopping.v1.Data.ShoppingModelProductJsonV1.Gtin">
            <summary>The first GTIN of the product. Deprecated in favor of &quot;gtins&quot;.</summary>
        </member>
        <member name="P:Google.Apis.Shopping.v1.Data.ShoppingModelProductJsonV1.Gtins">
            <summary>List of all the product&apos;s GTINs (in GTIN-14 format).</summary>
        </member>
        <member name="P:Google.Apis.Shopping.v1.Data.ShoppingModelProductJsonV1.Images">
            <summary>Images of product.</summary>
        </member>
        <member name="P:Google.Apis.Shopping.v1.Data.ShoppingModelProductJsonV1.Internal1">
            <summary>Google Internal.</summary>
        </member>
        <member name="P:Google.Apis.Shopping.v1.Data.ShoppingModelProductJsonV1.Internal10">
            <summary>Google Internal.</summary>
        </member>
        <member name="P:Google.Apis.Shopping.v1.Data.ShoppingModelProductJsonV1.Internal12">
            <summary>Google Internal.</summary>
        </member>
        <member name="P:Google.Apis.Shopping.v1.Data.ShoppingModelProductJsonV1.Internal13">
            <summary>Google Internal.</summary>
        </member>
        <member name="P:Google.Apis.Shopping.v1.Data.ShoppingModelProductJsonV1.Internal14">
            <summary>Google Internal.</summary>
        </member>
        <member name="P:Google.Apis.Shopping.v1.Data.ShoppingModelProductJsonV1.Internal15">
            <summary>Google Internal.</summary>
        </member>
        <member name="P:Google.Apis.Shopping.v1.Data.ShoppingModelProductJsonV1.Internal3">
            <summary>Google Internal.</summary>
        </member>
        <member name="P:Google.Apis.Shopping.v1.Data.ShoppingModelProductJsonV1.Internal4">
            <summary>Google Internal.</summary>
        </member>
        <member name="P:Google.Apis.Shopping.v1.Data.ShoppingModelProductJsonV1.Internal6">
            <summary>Google Internal.</summary>
        </member>
        <member name="P:Google.Apis.Shopping.v1.Data.ShoppingModelProductJsonV1.Internal7">
            <summary>Google Internal.</summary>
        </member>
        <member name="P:Google.Apis.Shopping.v1.Data.ShoppingModelProductJsonV1.Internal8">
            <summary>Google Internal.</summary>
        </member>
        <member name="P:Google.Apis.Shopping.v1.Data.ShoppingModelProductJsonV1.Inventories">
            <summary>Inventories of product.</summary>
        </member>
        <member name="P:Google.Apis.Shopping.v1.Data.ShoppingModelProductJsonV1.Language">
            <summary>BCP 47 language tag of language of product.</summary>
        </member>
        <member name="P:Google.Apis.Shopping.v1.Data.ShoppingModelProductJsonV1.Link">
            <summary>Link to product.</summary>
        </member>
        <member name="P:Google.Apis.Shopping.v1.Data.ShoppingModelProductJsonV1.ModificationTime">
            <summary>RFC 3339 formatted modification time and date of product.</summary>
        </member>
        <member name="P:Google.Apis.Shopping.v1.Data.ShoppingModelProductJsonV1.Mpns">
            <summary>List of all the product&apos;s MPNs.</summary>
        </member>
        <member name="P:Google.Apis.Shopping.v1.Data.ShoppingModelProductJsonV1.PlusOne">
            <summary>Code to add to the page to render the +1 content.</summary>
        </member>
        <member name="P:Google.Apis.Shopping.v1.Data.ShoppingModelProductJsonV1.ProvidedId">
            <summary>Merchant-provided id of product (available only with a cx source).</summary>
        </member>
        <member name="P:Google.Apis.Shopping.v1.Data.ShoppingModelProductJsonV1.QueryMatched">
            <summary>Whether this product matched the user query. Only set for the variant offers (if any) attached to a product offer.</summary>
        </member>
        <member name="P:Google.Apis.Shopping.v1.Data.ShoppingModelProductJsonV1.Score">
            <summary>Google Internal</summary>
        </member>
        <member name="P:Google.Apis.Shopping.v1.Data.ShoppingModelProductJsonV1.Title">
            <summary>Title of product.</summary>
        </member>
        <member name="P:Google.Apis.Shopping.v1.Data.ShoppingModelProductJsonV1.TotalMatchingVariants">
            <summary>The number of variant offers returned that matched the query.</summary>
        </member>
        <member name="P:Google.Apis.Shopping.v1.Data.ShoppingModelProductJsonV1.Variants">
            <summary>A list of variant offers associated with this product.</summary>
        </member>
        <member name="P:Google.Apis.Shopping.v1.Data.ShoppingModelProductJsonV1.AttributesData.DisplayName">
            <summary>Display Name of prodct attribute.</summary>
        </member>
        <member name="P:Google.Apis.Shopping.v1.Data.ShoppingModelProductJsonV1.AttributesData.Name">
            <summary>Name of product attribute.</summary>
        </member>
        <member name="P:Google.Apis.Shopping.v1.Data.ShoppingModelProductJsonV1.AttributesData.Type">
            <summary>Type of product attribute (one of: text, bool, int, float, dateRange, url).</summary>
        </member>
        <member name="P:Google.Apis.Shopping.v1.Data.ShoppingModelProductJsonV1.AttributesData.Unit">
            <summary>Unit of product attribute.</summary>
        </member>
        <member name="P:Google.Apis.Shopping.v1.Data.ShoppingModelProductJsonV1.AttributesData.Value">
            <summary>Value of product attribute.</summary>
        </member>
        <member name="T:Google.Apis.Shopping.v1.Data.ShoppingModelProductJsonV1.AuthorData">
            <summary>Author of product.</summary>
        </member>
        <member name="P:Google.Apis.Shopping.v1.Data.ShoppingModelProductJsonV1.AuthorData.AccountId">
            <summary>Account id of product author.</summary>
        </member>
        <member name="P:Google.Apis.Shopping.v1.Data.ShoppingModelProductJsonV1.AuthorData.Name">
            <summary>Name of product author.</summary>
        </member>
        <member name="P:Google.Apis.Shopping.v1.Data.ShoppingModelProductJsonV1.ImagesData.Link">
            <summary>Link to product image.</summary>
        </member>
        <member name="P:Google.Apis.Shopping.v1.Data.ShoppingModelProductJsonV1.ImagesData.Thumbnails">
            <summary>Thumbnails of product image.</summary>
        </member>
        <member name="P:Google.Apis.Shopping.v1.Data.ShoppingModelProductJsonV1.ImagesData.ThumbnailsData.Content">
            <summary>Content of thumbnail (only available for the first thumbnail of the top results if SAYT is enabled).</summary>
        </member>
        <member name="P:Google.Apis.Shopping.v1.Data.ShoppingModelProductJsonV1.ImagesData.ThumbnailsData.Height">
            <summary>Height of thumbnail (omitted if not specified in the request).</summary>
        </member>
        <member name="P:Google.Apis.Shopping.v1.Data.ShoppingModelProductJsonV1.ImagesData.ThumbnailsData.Link">
            <summary>Link to thumbnail.</summary>
        </member>
        <member name="P:Google.Apis.Shopping.v1.Data.ShoppingModelProductJsonV1.ImagesData.ThumbnailsData.Width">
            <summary>Width of thumbnail (omitted if not specified in the request).</summary>
        </member>
        <member name="P:Google.Apis.Shopping.v1.Data.ShoppingModelProductJsonV1.Internal4Data.Confidence">
            <summary>Google Internal.</summary>
        </member>
        <member name="P:Google.Apis.Shopping.v1.Data.ShoppingModelProductJsonV1.Internal4Data.Node">
            <summary>Google Internal.</summary>
        </member>
        <member name="P:Google.Apis.Shopping.v1.Data.ShoppingModelProductJsonV1.InventoriesData.Availability">
            <summary>Availability of product inventory.</summary>
        </member>
        <member name="P:Google.Apis.Shopping.v1.Data.ShoppingModelProductJsonV1.InventoriesData.Channel">
            <summary>Channel of product inventory (one of: online, local).</summary>
        </member>
        <member name="P:Google.Apis.Shopping.v1.Data.ShoppingModelProductJsonV1.InventoriesData.Currency">
            <summary>Currency of product inventory (an ISO 4217 alphabetic code).</summary>
        </member>
        <member name="P:Google.Apis.Shopping.v1.Data.ShoppingModelProductJsonV1.InventoriesData.Distance">
            <summary>Distance of product inventory.</summary>
        </member>
        <member name="P:Google.Apis.Shopping.v1.Data.ShoppingModelProductJsonV1.InventoriesData.DistanceUnit">
            <summary>Distance unit of product inventory.</summary>
        </member>
        <member name="P:Google.Apis.Shopping.v1.Data.ShoppingModelProductJsonV1.InventoriesData.InstallmentMonths">
            <summary>Number of months for installment price.</summary>
        </member>
        <member name="P:Google.Apis.Shopping.v1.Data.ShoppingModelProductJsonV1.InventoriesData.InstallmentPrice">
            <summary>Installment price of product inventory.</summary>
        </member>
        <member name="P:Google.Apis.Shopping.v1.Data.ShoppingModelProductJsonV1.InventoriesData.OriginalPrice">
            <summary>Original price of product inventory. Only returned for products that are on sale.</summary>
        </member>
        <member name="P:Google.Apis.Shopping.v1.Data.ShoppingModelProductJsonV1.InventoriesData.Price">
            <summary>Price of product inventory.</summary>
        </member>
        <member name="P:Google.Apis.Shopping.v1.Data.ShoppingModelProductJsonV1.InventoriesData.SaleEndDate">
            <summary>Sale end date.</summary>
        </member>
        <member name="P:Google.Apis.Shopping.v1.Data.ShoppingModelProductJsonV1.InventoriesData.SalePrice">
            <summary>Sale price of product inventory.</summary>
        </member>
        <member name="P:Google.Apis.Shopping.v1.Data.ShoppingModelProductJsonV1.InventoriesData.SaleStartDate">
            <summary>Sale start date.</summary>
        </member>
        <member name="P:Google.Apis.Shopping.v1.Data.ShoppingModelProductJsonV1.InventoriesData.Shipping">
            <summary>Shipping cost of product inventory.</summary>
        </member>
        <member name="P:Google.Apis.Shopping.v1.Data.ShoppingModelProductJsonV1.InventoriesData.StoreId">
            <summary>Store ID of product inventory.</summary>
        </member>
        <member name="P:Google.Apis.Shopping.v1.Data.ShoppingModelProductJsonV1.InventoriesData.Tax">
            <summary>Tax of product inventory.</summary>
        </member>
        <member name="P:Google.Apis.Shopping.v1.Data.ShoppingModelRecommendationsJsonV1.RecommendationList">
            <summary>List of recommendations.</summary>
        </member>
        <member name="P:Google.Apis.Shopping.v1.Data.ShoppingModelRecommendationsJsonV1.Type">
            <summary>Type of recommendation list (for offer-based recommendations, one of: all, purchaseToPurchase, visitToVisit, visitToPurchase, relatedItems; for category-based recommendations, one of: all, categoryMostVisited, categoryBestSeller).</summary>
        </member>
        <member name="P:Google.Apis.Shopping.v1.ShoppingService.Key">
            <summary>Sets the API-Key (or DeveloperKey) which this service uses for all requests</summary>
        </member>
        <member name="T:Google.Apis.Shopping.v1.ShoppingService.Scopes">
            <summary>A list of all OAuth2.0 scopes. Each of these scopes relates to a permission or group of permissions that different methods of this API may need.</summary>
        </member>
        <member name="F:Google.Apis.Shopping.v1.ShoppingService.Scopes.Shoppingapi">
            <summary>View your product data</summary>
        </member>
        <member name="M:Google.Apis.Shopping.v1.ProductsResource.Get(System.String,System.Int64,System.String,System.String)">
            <summary>Returns a single product</summary>
            <param name="source">Required - Query source</param>
            <param name="accountId">Required - Merchant center account id</param>
            <param name="productIdType">Required - Type of productId</param>
            <param name="productId">Required - Id of product</param>
        </member>
        <member name="M:Google.Apis.Shopping.v1.ProductsResource.List(System.String)">
            <summary>Returns a list of products and content modules</summary>
            <param name="source">Required - Query source</param>
        </member>
        <member name="P:Google.Apis.Shopping.v1.ProductsResource.GetRequest.Oauth_token">
            <summary>OAuth 2.0 token for the current user.</summary>
        </member>
        <member name="P:Google.Apis.Shopping.v1.ProductsResource.GetRequest.PrettyPrint">
            <summary>Returns response with indentations and line breaks.</summary>
        </member>
        <member name="P:Google.Apis.Shopping.v1.ProductsResource.GetRequest.AccountId">
            <summary>Merchant center account id</summary>
        </member>
        <member name="P:Google.Apis.Shopping.v1.ProductsResource.GetRequest.AttributeFilter">
            <summary>Comma separated list of attributes to return</summary>
        </member>
        <member name="P:Google.Apis.Shopping.v1.ProductsResource.GetRequest.CategoriesEnabled">
            <summary>Whether to return category information</summary>
        </member>
        <member name="P:Google.Apis.Shopping.v1.ProductsResource.GetRequest.CategoriesInclude">
            <summary>Category specification</summary>
        </member>
        <member name="P:Google.Apis.Shopping.v1.ProductsResource.GetRequest.CategoriesUseGcsConfig">
            <summary>This parameter is currently ignored</summary>
        </member>
        <member name="P:Google.Apis.Shopping.v1.ProductsResource.GetRequest.Location">
            <summary>Location used to determine tax and shipping</summary>
        </member>
        <member name="P:Google.Apis.Shopping.v1.ProductsResource.GetRequest.PlusOneEnabled">
            <summary>Whether to return +1 button code</summary>
        </member>
        <member name="P:Google.Apis.Shopping.v1.ProductsResource.GetRequest.PlusOneStyles">
            <summary>+1 button rendering styles</summary>
        </member>
        <member name="P:Google.Apis.Shopping.v1.ProductsResource.GetRequest.PlusOneUseGcsConfig">
            <summary>Whether to use +1 button styles configured in the GCS account</summary>
        </member>
        <member name="P:Google.Apis.Shopping.v1.ProductsResource.GetRequest.ProductId">
            <summary>Id of product</summary>
        </member>
        <member name="P:Google.Apis.Shopping.v1.ProductsResource.GetRequest.ProductIdType">
            <summary>Type of productId</summary>
        </member>
        <member name="P:Google.Apis.Shopping.v1.ProductsResource.GetRequest.RecommendationsEnabled">
            <summary>Whether to return recommendation information</summary>
        </member>
        <member name="P:Google.Apis.Shopping.v1.ProductsResource.GetRequest.RecommendationsInclude">
            <summary>Recommendation specification</summary>
        </member>
        <member name="P:Google.Apis.Shopping.v1.ProductsResource.GetRequest.RecommendationsUseGcsConfig">
            <summary>This parameter is currently ignored</summary>
        </member>
        <member name="P:Google.Apis.Shopping.v1.ProductsResource.GetRequest.Source">
            <summary>Query source</summary>
        </member>
        <member name="P:Google.Apis.Shopping.v1.ProductsResource.GetRequest.Taxonomy">
            <summary>Merchant taxonomy</summary>
        </member>
        <member name="P:Google.Apis.Shopping.v1.ProductsResource.GetRequest.Thumbnails">
            <summary>Thumbnail specification</summary>
        </member>
        <member name="P:Google.Apis.Shopping.v1.ProductsResource.ListRequest.Oauth_token">
            <summary>OAuth 2.0 token for the current user.</summary>
        </member>
        <member name="P:Google.Apis.Shopping.v1.ProductsResource.ListRequest.PrettyPrint">
            <summary>Returns response with indentations and line breaks.</summary>
        </member>
        <member name="P:Google.Apis.Shopping.v1.ProductsResource.ListRequest.AttributeFilter">
            <summary>Comma separated list of attributes to return</summary>
        </member>
        <member name="P:Google.Apis.Shopping.v1.ProductsResource.ListRequest.Availability">
            <summary>Comma separated list of availabilities (outOfStock, limited, inStock, backOrder, preOrder, onDisplayToOrder) to return</summary>
        </member>
        <member name="P:Google.Apis.Shopping.v1.ProductsResource.ListRequest.BoostBy">
            <summary>Boosting specification</summary>
        </member>
        <member name="P:Google.Apis.Shopping.v1.ProductsResource.ListRequest.CategoriesEnabled">
            <summary>Whether to return category information</summary>
        </member>
        <member name="P:Google.Apis.Shopping.v1.ProductsResource.ListRequest.CategoriesInclude">
            <summary>Category specification</summary>
        </member>
        <member name="P:Google.Apis.Shopping.v1.ProductsResource.ListRequest.CategoriesUseGcsConfig">
            <summary>This parameter is currently ignored</summary>
        </member>
        <member name="P:Google.Apis.Shopping.v1.ProductsResource.ListRequest.CategoryRecommendationsCategory">
            <summary>Category for which to retrieve recommendations</summary>
        </member>
        <member name="P:Google.Apis.Shopping.v1.ProductsResource.ListRequest.CategoryRecommendationsEnabled">
            <summary>Whether to return category recommendation information</summary>
        </member>
        <member name="P:Google.Apis.Shopping.v1.ProductsResource.ListRequest.CategoryRecommendationsInclude">
            <summary>Category recommendation specification</summary>
        </member>
        <member name="P:Google.Apis.Shopping.v1.ProductsResource.ListRequest.CategoryRecommendationsUseGcsConfig">
            <summary>This parameter is currently ignored</summary>
        </member>
        <member name="P:Google.Apis.Shopping.v1.ProductsResource.ListRequest.Channels">
            <summary>Channels specification</summary>
        </member>
        <member name="P:Google.Apis.Shopping.v1.ProductsResource.ListRequest.ClickTracking">
            <summary>Whether to add a click tracking parameter to offer URLs</summary>
        </member>
        <member name="P:Google.Apis.Shopping.v1.ProductsResource.ListRequest.Country">
            <summary>Country restriction (ISO 3166)</summary>
        </member>
        <member name="P:Google.Apis.Shopping.v1.ProductsResource.ListRequest.CrowdBy">
            <summary>Crowding specification</summary>
        </member>
        <member name="P:Google.Apis.Shopping.v1.ProductsResource.ListRequest.Currency">
            <summary>Currency restriction (ISO 4217)</summary>
        </member>
        <member name="P:Google.Apis.Shopping.v1.ProductsResource.ListRequest.FacetsDiscover">
            <summary>Facets to discover</summary>
        </member>
        <member name="P:Google.Apis.Shopping.v1.ProductsResource.ListRequest.FacetsEnabled">
            <summary>Whether to return facet information</summary>
        </member>
        <member name="P:Google.Apis.Shopping.v1.ProductsResource.ListRequest.FacetsInclude">
            <summary>Facets to include (applies when useGcsConfig == false)</summary>
        </member>
        <member name="P:Google.Apis.Shopping.v1.ProductsResource.ListRequest.FacetsIncludeEmptyBuckets">
            <summary>Return empty facet buckets.</summary>
        </member>
        <member name="P:Google.Apis.Shopping.v1.ProductsResource.ListRequest.FacetsUseGcsConfig">
            <summary>Whether to return facet information as configured in the GCS account</summary>
        </member>
        <member name="P:Google.Apis.Shopping.v1.ProductsResource.ListRequest.Language">
            <summary>Language restriction (BCP 47)</summary>
        </member>
        <member name="P:Google.Apis.Shopping.v1.ProductsResource.ListRequest.Location">
            <summary>Location used to determine tax and shipping</summary>
        </member>
        <member name="P:Google.Apis.Shopping.v1.ProductsResource.ListRequest.MaxResults">
            <summary>Maximum number of results to return</summary>
        </member>
        <member name="P:Google.Apis.Shopping.v1.ProductsResource.ListRequest.MaxVariants">
            <summary>Maximum number of variant results to return per result</summary>
        </member>
        <member name="P:Google.Apis.Shopping.v1.ProductsResource.ListRequest.PlusOneEnabled">
            <summary>Whether to return +1 button code</summary>
        </member>
        <member name="P:Google.Apis.Shopping.v1.ProductsResource.ListRequest.PlusOneStyles">
            <summary>+1 button rendering styles</summary>
        </member>
        <member name="P:Google.Apis.Shopping.v1.ProductsResource.ListRequest.PlusOneUseGcsConfig">
            <summary>Whether to use +1 button styles configured in the GCS account</summary>
        </member>
        <member name="P:Google.Apis.Shopping.v1.ProductsResource.ListRequest.PromotionsEnabled">
            <summary>Whether to return promotion information</summary>
        </member>
        <member name="P:Google.Apis.Shopping.v1.ProductsResource.ListRequest.PromotionsUseGcsConfig">
            <summary>Whether to return promotion information as configured in the GCS account</summary>
        </member>
        <member name="P:Google.Apis.Shopping.v1.ProductsResource.ListRequest.Q">
            <summary>Search query</summary>
        </member>
        <member name="P:Google.Apis.Shopping.v1.ProductsResource.ListRequest.RankBy">
            <summary>Ranking specification</summary>
        </member>
        <member name="P:Google.Apis.Shopping.v1.ProductsResource.ListRequest.RedirectsEnabled">
            <summary>Whether to return redirect information</summary>
        </member>
        <member name="P:Google.Apis.Shopping.v1.ProductsResource.ListRequest.RedirectsUseGcsConfig">
            <summary>Whether to return redirect information as configured in the GCS account</summary>
        </member>
        <member name="P:Google.Apis.Shopping.v1.ProductsResource.ListRequest.RelatedQueriesEnabled">
            <summary>Whether to return related queries</summary>
        </member>
        <member name="P:Google.Apis.Shopping.v1.ProductsResource.ListRequest.RelatedQueriesUseGcsConfig">
            <summary>This parameter is currently ignored</summary>
        </member>
        <member name="P:Google.Apis.Shopping.v1.ProductsResource.ListRequest.RestrictBy">
            <summary>Restriction specification</summary>
        </member>
        <member name="P:Google.Apis.Shopping.v1.ProductsResource.ListRequest.Safe">
            <summary>Whether safe search is enabled. Default: true</summary>
        </member>
        <member name="P:Google.Apis.Shopping.v1.ProductsResource.ListRequest.Source">
            <summary>Query source</summary>
        </member>
        <member name="P:Google.Apis.Shopping.v1.ProductsResource.ListRequest.SpellingEnabled">
            <summary>Whether to return spelling suggestions</summary>
        </member>
        <member name="P:Google.Apis.Shopping.v1.ProductsResource.ListRequest.SpellingUseGcsConfig">
            <summary>This parameter is currently ignored</summary>
        </member>
        <member name="P:Google.Apis.Shopping.v1.ProductsResource.ListRequest.StartIndex">
            <summary>Index (1-based) of first product to return</summary>
        </member>
        <member name="P:Google.Apis.Shopping.v1.ProductsResource.ListRequest.Taxonomy">
            <summary>Taxonomy name</summary>
        </member>
        <member name="P:Google.Apis.Shopping.v1.ProductsResource.ListRequest.Thumbnails">
            <summary>Image thumbnails specification</summary>
        </member>
        <member name="P:Google.Apis.Shopping.v1.ProductsResource.ListRequest.UseCase">
            <summary>One of CommerceSearchUseCase, ShoppingApiUseCase</summary>
        </member>
    </members>
</doc>
