<?xml version="1.0"?>
<doc>
    <assembly>
        <name>Google.Apis.Urlshortener.v1</name>
    </assembly>
    <members>
        <member name="P:Google.Apis.Urlshortener.v1.Data.AnalyticsSnapshot.Browsers">
            <summary>Top browsers, e.g. &quot;Chrome&quot;; sorted by (descending) click counts. Only present if this data is available.</summary>
        </member>
        <member name="P:Google.Apis.Urlshortener.v1.Data.AnalyticsSnapshot.Countries">
            <summary>Top countries (expressed as country codes), e.g. &quot;US&quot; or &quot;DE&quot;; sorted by (descending) click counts. Only present if this data is available.</summary>
        </member>
        <member name="P:Google.Apis.Urlshortener.v1.Data.AnalyticsSnapshot.LongUrlClicks">
            <summary>Number of clicks on all goo.gl short URLs pointing to this long URL.</summary>
        </member>
        <member name="P:Google.Apis.Urlshortener.v1.Data.AnalyticsSnapshot.Platforms">
            <summary>Top platforms or OSes, e.g. &quot;Windows&quot;; sorted by (descending) click counts. Only present if this data is available.</summary>
        </member>
        <member name="P:Google.Apis.Urlshortener.v1.Data.AnalyticsSnapshot.Referrers">
            <summary>Top referring hosts, e.g. &quot;www.google.com&quot;; sorted by (descending) click counts. Only present if this data is available.</summary>
        </member>
        <member name="P:Google.Apis.Urlshortener.v1.Data.AnalyticsSnapshot.ShortUrlClicks">
            <summary>Number of clicks on this short URL.</summary>
        </member>
        <member name="P:Google.Apis.Urlshortener.v1.Data.StringCount.Count">
            <summary>Number of clicks for this top entry, e.g. for this particular country or browser.</summary>
        </member>
        <member name="P:Google.Apis.Urlshortener.v1.Data.StringCount.Id">
            <summary>Label assigned to this top entry, e.g. &quot;US&quot; or &quot;Chrome&quot;.</summary>
        </member>
        <member name="P:Google.Apis.Urlshortener.v1.Data.Url.Created">
            <summary>Time the short URL was created; ISO 8601 representation using the yyyy-MM-dd&apos;T&apos;HH:mm:ss.SSSZZ format, e.g. &quot;2010-10-14T19:01:24.944+00:00&quot;.</summary>
        </member>
        <member name="P:Google.Apis.Urlshortener.v1.Data.Url.Id">
            <summary>Short URL, e.g. &quot;http://goo.gl/l6MS&quot;.</summary>
        </member>
        <member name="P:Google.Apis.Urlshortener.v1.Data.Url.Kind">
            <summary>The fixed string &quot;urlshortener#url&quot;.</summary>
        </member>
        <member name="P:Google.Apis.Urlshortener.v1.Data.Url.LongUrl">
            <summary>Long URL, e.g. &quot;http://www.google.com/&quot;. Might not be present if the status is &quot;REMOVED&quot;.</summary>
        </member>
        <member name="P:Google.Apis.Urlshortener.v1.Data.Url.Status">
            <summary>Status of the target URL. Possible values: &quot;OK&quot;, &quot;MALWARE&quot;, &quot;PHISHING&quot;, or &quot;REMOVED&quot;. A URL might be marked &quot;REMOVED&quot; if it was flagged as spam, for example.</summary>
        </member>
        <member name="P:Google.Apis.Urlshortener.v1.Data.UrlHistory.Items">
            <summary>A list of URL resources.</summary>
        </member>
        <member name="P:Google.Apis.Urlshortener.v1.Data.UrlHistory.ItemsPerPage">
            <summary>Number of items returned with each full &quot;page&quot; of results. Note that the last page could have fewer items than the &quot;itemsPerPage&quot; value.</summary>
        </member>
        <member name="P:Google.Apis.Urlshortener.v1.Data.UrlHistory.Kind">
            <summary>The fixed string &quot;urlshortener#urlHistory&quot;.</summary>
        </member>
        <member name="P:Google.Apis.Urlshortener.v1.Data.UrlHistory.NextPageToken">
            <summary>A token to provide to get the next page of results.</summary>
        </member>
        <member name="P:Google.Apis.Urlshortener.v1.Data.UrlHistory.TotalItems">
            <summary>Total number of short URLs associated with this user (may be approximate).</summary>
        </member>
        <member name="P:Google.Apis.Urlshortener.v1.UrlshortenerService.Key">
            <summary>Sets the API-Key (or DeveloperKey) which this service uses for all requests</summary>
        </member>
        <member name="T:Google.Apis.Urlshortener.v1.UrlshortenerService.Scopes">
            <summary>A list of all OAuth2.0 scopes. Each of these scopes relates to a permission or group of permissions that different methods of this API may need.</summary>
        </member>
        <member name="F:Google.Apis.Urlshortener.v1.UrlshortenerService.Scopes.Urlshortener">
            <summary>Manage your goo.gl short URLs</summary>
        </member>
        <member name="M:Google.Apis.Urlshortener.v1.UrlResource.Get(System.String)">
            <summary>Expands a short URL or gets creation time and analytics.</summary>
            <param name="shortUrl">Required - The short URL, including the protocol.</param>
        </member>
        <member name="M:Google.Apis.Urlshortener.v1.UrlResource.Insert(Google.Apis.Urlshortener.v1.Data.Url)">
            <summary>Creates a new short URL.</summary>
        </member>
        <member name="M:Google.Apis.Urlshortener.v1.UrlResource.List">
            <summary>Retrieves a list of URLs shortened by a user.</summary>
        </member>
        <member name="T:Google.Apis.Urlshortener.v1.UrlResource.Projection">
            <summary>Additional information to return.</summary>
        </member>
        <member name="F:Google.Apis.Urlshortener.v1.UrlResource.Projection.ANALYTICS_CLICKS">
            <summary>Returns only click counts.</summary>
        </member>
        <member name="F:Google.Apis.Urlshortener.v1.UrlResource.Projection.ANALYTICS_TOP_STRINGS">
            <summary>Returns only top string counts.</summary>
        </member>
        <member name="F:Google.Apis.Urlshortener.v1.UrlResource.Projection.FULL">
            <summary>Returns the creation timestamp and all available analytics.</summary>
        </member>
        <member name="T:Google.Apis.Urlshortener.v1.UrlResource.ProjectionEnum">
            <summary>Additional information to return.</summary>
        </member>
        <member name="F:Google.Apis.Urlshortener.v1.UrlResource.ProjectionEnum.ANALYTICS_CLICKS">
            <summary>Returns short URL click counts.</summary>
        </member>
        <member name="F:Google.Apis.Urlshortener.v1.UrlResource.ProjectionEnum.FULL">
            <summary>Returns short URL click counts.</summary>
        </member>
        <member name="P:Google.Apis.Urlshortener.v1.UrlResource.GetRequest.Oauth_token">
            <summary>OAuth 2.0 token for the current user.</summary>
        </member>
        <member name="P:Google.Apis.Urlshortener.v1.UrlResource.GetRequest.PrettyPrint">
            <summary>Returns response with indentations and line breaks.</summary>
        </member>
        <member name="P:Google.Apis.Urlshortener.v1.UrlResource.GetRequest.QuotaUser">
            <summary>Available to use for quota purposes for server-side applications. Can be any arbitrary string assigned to a user, but should not exceed 40 characters. Overrides userIp if both are provided.</summary>
        </member>
        <member name="P:Google.Apis.Urlshortener.v1.UrlResource.GetRequest.Projection">
            <summary>Additional information to return.</summary>
        </member>
        <member name="P:Google.Apis.Urlshortener.v1.UrlResource.GetRequest.ShortUrl">
            <summary>The short URL, including the protocol.</summary>
        </member>
        <member name="P:Google.Apis.Urlshortener.v1.UrlResource.InsertRequest.Oauth_token">
            <summary>OAuth 2.0 token for the current user.</summary>
        </member>
        <member name="P:Google.Apis.Urlshortener.v1.UrlResource.InsertRequest.PrettyPrint">
            <summary>Returns response with indentations and line breaks.</summary>
        </member>
        <member name="P:Google.Apis.Urlshortener.v1.UrlResource.InsertRequest.QuotaUser">
            <summary>Available to use for quota purposes for server-side applications. Can be any arbitrary string assigned to a user, but should not exceed 40 characters. Overrides userIp if both are provided.</summary>
        </member>
        <member name="P:Google.Apis.Urlshortener.v1.UrlResource.InsertRequest.Body">
            <summary>Gets/Sets the Body of this Request.</summary>
        </member>
        <member name="P:Google.Apis.Urlshortener.v1.UrlResource.ListRequest.Oauth_token">
            <summary>OAuth 2.0 token for the current user.</summary>
        </member>
        <member name="P:Google.Apis.Urlshortener.v1.UrlResource.ListRequest.PrettyPrint">
            <summary>Returns response with indentations and line breaks.</summary>
        </member>
        <member name="P:Google.Apis.Urlshortener.v1.UrlResource.ListRequest.QuotaUser">
            <summary>Available to use for quota purposes for server-side applications. Can be any arbitrary string assigned to a user, but should not exceed 40 characters. Overrides userIp if both are provided.</summary>
        </member>
        <member name="P:Google.Apis.Urlshortener.v1.UrlResource.ListRequest.Projection">
            <summary>Additional information to return.</summary>
        </member>
        <member name="P:Google.Apis.Urlshortener.v1.UrlResource.ListRequest.StartToken">
            <summary>Token for requesting successive pages of results.</summary>
        </member>
    </members>
</doc>
