<?xml version="1.0"?>
<doc>
    <assembly>
        <name>Google.Apis.Translate.v2</name>
    </assembly>
    <members>
        <member name="P:Google.Apis.Translate.v2.Data.DetectionsListResponse.Detections">
            <summary>A detections contains detection results of several text</summary>
        </member>
        <member name="P:Google.Apis.Translate.v2.Data.DetectionsListResponse.ETag">
            <summary>The ETag of the item.</summary>
        </member>
        <member name="P:Google.Apis.Translate.v2.Data.DetectionsResourceItems.Confidence">
            <summary>The confidence of the detection resul of this language.</summary>
        </member>
        <member name="P:Google.Apis.Translate.v2.Data.DetectionsResourceItems.IsReliable">
            <summary>A boolean to indicate is the language detection result reliable.</summary>
        </member>
        <member name="P:Google.Apis.Translate.v2.Data.DetectionsResourceItems.Language">
            <summary>The language we detect</summary>
        </member>
        <member name="P:Google.Apis.Translate.v2.Data.DetectionsResourceItems.ETag">
            <summary>The ETag of the item.</summary>
        </member>
        <member name="P:Google.Apis.Translate.v2.Data.LanguagesListResponse.Languages">
            <summary>List of source/target languages supported by the translation API. If target parameter is
            unspecified, the list is sorted by the ASCII code point order of the language code. If target parameter is
            specified, the list is sorted by the collation order of the language name in the target language.</summary>
        </member>
        <member name="P:Google.Apis.Translate.v2.Data.LanguagesListResponse.ETag">
            <summary>The ETag of the item.</summary>
        </member>
        <member name="P:Google.Apis.Translate.v2.Data.LanguagesResource.Language">
            <summary>The language code.</summary>
        </member>
        <member name="P:Google.Apis.Translate.v2.Data.LanguagesResource.Name">
            <summary>The localized name of the language if target parameter is given.</summary>
        </member>
        <member name="P:Google.Apis.Translate.v2.Data.LanguagesResource.ETag">
            <summary>The ETag of the item.</summary>
        </member>
        <member name="P:Google.Apis.Translate.v2.Data.TranslationsListResponse.Translations">
            <summary>Translations contains list of translation results of given text</summary>
        </member>
        <member name="P:Google.Apis.Translate.v2.Data.TranslationsListResponse.ETag">
            <summary>The ETag of the item.</summary>
        </member>
        <member name="P:Google.Apis.Translate.v2.Data.TranslationsResource.DetectedSourceLanguage">
            <summary>Detected source language if source parameter is unspecified.</summary>
        </member>
        <member name="P:Google.Apis.Translate.v2.Data.TranslationsResource.TranslatedText">
            <summary>The translation.</summary>
        </member>
        <member name="P:Google.Apis.Translate.v2.Data.TranslationsResource.ETag">
            <summary>The ETag of the item.</summary>
        </member>
        <member name="T:Google.Apis.Translate.v2.TranslateService">
            <summary>The Translate Service.</summary>
        </member>
        <member name="F:Google.Apis.Translate.v2.TranslateService.Version">
            <summary>The API version.</summary>
        </member>
        <member name="F:Google.Apis.Translate.v2.TranslateService.DiscoveryVersionUsed">
            <summary>The discovery version used to generate this service.</summary>
        </member>
        <member name="M:Google.Apis.Translate.v2.TranslateService.#ctor">
            <summary>Constructs a new service.</summary>
        </member>
        <member name="M:Google.Apis.Translate.v2.TranslateService.#ctor(Google.Apis.Services.BaseClientService.Initializer)">
            <summary>Constructs a new service.</summary>
            <param name="initializer">The service initializer.</param>
        </member>
        <member name="P:Google.Apis.Translate.v2.TranslateService.Features">
            <summary>Gets the service supported features.</summary>
        </member>
        <member name="P:Google.Apis.Translate.v2.TranslateService.Name">
            <summary>Gets the service name.</summary>
        </member>
        <member name="P:Google.Apis.Translate.v2.TranslateService.BaseUri">
            <summary>Gets the service base URI.</summary>
        </member>
        <member name="P:Google.Apis.Translate.v2.TranslateService.BasePath">
            <summary>Gets the service base path.</summary>
        </member>
        <member name="P:Google.Apis.Translate.v2.TranslateService.Detections">
            <summary>Gets the Detections resource.</summary>
        </member>
        <member name="P:Google.Apis.Translate.v2.TranslateService.Languages">
            <summary>Gets the Languages resource.</summary>
        </member>
        <member name="P:Google.Apis.Translate.v2.TranslateService.Translations">
            <summary>Gets the Translations resource.</summary>
        </member>
        <member name="T:Google.Apis.Translate.v2.TranslateBaseServiceRequest`1">
            <summary>A base abstract class for Translate requests.</summary>
        </member>
        <member name="M:Google.Apis.Translate.v2.TranslateBaseServiceRequest`1.#ctor(Google.Apis.Services.IClientService)">
            <summary>Constructs a new TranslateBaseServiceRequest instance.</summary>
        </member>
        <member name="M:Google.Apis.Translate.v2.TranslateBaseServiceRequest`1.InitParameters">
            <summary>Initializes Translate parameter list.</summary>
        </member>
        <member name="P:Google.Apis.Translate.v2.TranslateBaseServiceRequest`1.Alt">
            <summary>Data format for the response.</summary>
            [default: json]
        </member>
        <member name="P:Google.Apis.Translate.v2.TranslateBaseServiceRequest`1.Fields">
            <summary>Selector specifying which fields to include in a partial response.</summary>
        </member>
        <member name="P:Google.Apis.Translate.v2.TranslateBaseServiceRequest`1.Key">
            <summary>API key. Your API key identifies your project and provides you with API access, quota, and reports.
            Required unless you provide an OAuth 2.0 token.</summary>
        </member>
        <member name="P:Google.Apis.Translate.v2.TranslateBaseServiceRequest`1.OauthToken">
            <summary>OAuth 2.0 token for the current user.</summary>
        </member>
        <member name="P:Google.Apis.Translate.v2.TranslateBaseServiceRequest`1.PrettyPrint">
            <summary>Returns response with indentations and line breaks.</summary>
            [default: true]
        </member>
        <member name="P:Google.Apis.Translate.v2.TranslateBaseServiceRequest`1.QuotaUser">
            <summary>Available to use for quota purposes for server-side applications. Can be any arbitrary string
            assigned to a user, but should not exceed 40 characters. Overrides userIp if both are provided.</summary>
        </member>
        <member name="P:Google.Apis.Translate.v2.TranslateBaseServiceRequest`1.UserIp">
            <summary>IP address of the site where the request originates. Use this if you want to enforce per-user
            limits.</summary>
        </member>
        <member name="T:Google.Apis.Translate.v2.TranslateBaseServiceRequest`1.AltEnum">
            <summary>Data format for the response.</summary>
        </member>
        <member name="F:Google.Apis.Translate.v2.TranslateBaseServiceRequest`1.AltEnum.Json">
            <summary>Responses with Content-Type of application/json</summary>
        </member>
        <member name="T:Google.Apis.Translate.v2.DetectionsResource">
            <summary>The "detections" collection of methods.</summary>
        </member>
        <member name="F:Google.Apis.Translate.v2.DetectionsResource.service">
            <summary>The service which this resource belongs to.</summary>
        </member>
        <member name="M:Google.Apis.Translate.v2.DetectionsResource.#ctor(Google.Apis.Services.IClientService)">
            <summary>Constructs a new resource.</summary>
        </member>
        <member name="M:Google.Apis.Translate.v2.DetectionsResource.List(Google.Apis.Util.Repeatable{System.String})">
            <summary>Detect the language of text.</summary>
            <param name="q">The text to detect</param>
        </member>
        <member name="T:Google.Apis.Translate.v2.DetectionsResource.ListRequest">
            <summary>Detect the language of text.</summary>
        </member>
        <member name="M:Google.Apis.Translate.v2.DetectionsResource.ListRequest.#ctor(Google.Apis.Services.IClientService,Google.Apis.Util.Repeatable{System.String})">
            <summary>Constructs a new List request.</summary>
        </member>
        <member name="M:Google.Apis.Translate.v2.DetectionsResource.ListRequest.InitParameters">
            <summary>Initializes List parameter list.</summary>
        </member>
        <member name="P:Google.Apis.Translate.v2.DetectionsResource.ListRequest.Q">
            <summary>The text to detect</summary>
        </member>
        <member name="P:Google.Apis.Translate.v2.DetectionsResource.ListRequest.MethodName">
            <summary>Gets the method name.</summary>
        </member>
        <member name="P:Google.Apis.Translate.v2.DetectionsResource.ListRequest.HttpMethod">
            <summary>Gets the HTTP method.</summary>
        </member>
        <member name="P:Google.Apis.Translate.v2.DetectionsResource.ListRequest.RestPath">
            <summary>Gets the REST path.</summary>
        </member>
        <member name="T:Google.Apis.Translate.v2.LanguagesResource">
            <summary>The "languages" collection of methods.</summary>
        </member>
        <member name="F:Google.Apis.Translate.v2.LanguagesResource.service">
            <summary>The service which this resource belongs to.</summary>
        </member>
        <member name="M:Google.Apis.Translate.v2.LanguagesResource.#ctor(Google.Apis.Services.IClientService)">
            <summary>Constructs a new resource.</summary>
        </member>
        <member name="M:Google.Apis.Translate.v2.LanguagesResource.List">
            <summary>List the source/target languages supported by the API</summary>
        </member>
        <member name="T:Google.Apis.Translate.v2.LanguagesResource.ListRequest">
            <summary>List the source/target languages supported by the API</summary>
        </member>
        <member name="M:Google.Apis.Translate.v2.LanguagesResource.ListRequest.#ctor(Google.Apis.Services.IClientService)">
            <summary>Constructs a new List request.</summary>
        </member>
        <member name="M:Google.Apis.Translate.v2.LanguagesResource.ListRequest.InitParameters">
            <summary>Initializes List parameter list.</summary>
        </member>
        <member name="P:Google.Apis.Translate.v2.LanguagesResource.ListRequest.Target">
            <summary>the language and collation in which the localized results should be returned</summary>
        </member>
        <member name="P:Google.Apis.Translate.v2.LanguagesResource.ListRequest.MethodName">
            <summary>Gets the method name.</summary>
        </member>
        <member name="P:Google.Apis.Translate.v2.LanguagesResource.ListRequest.HttpMethod">
            <summary>Gets the HTTP method.</summary>
        </member>
        <member name="P:Google.Apis.Translate.v2.LanguagesResource.ListRequest.RestPath">
            <summary>Gets the REST path.</summary>
        </member>
        <member name="T:Google.Apis.Translate.v2.TranslationsResource">
            <summary>The "translations" collection of methods.</summary>
        </member>
        <member name="F:Google.Apis.Translate.v2.TranslationsResource.service">
            <summary>The service which this resource belongs to.</summary>
        </member>
        <member name="M:Google.Apis.Translate.v2.TranslationsResource.#ctor(Google.Apis.Services.IClientService)">
            <summary>Constructs a new resource.</summary>
        </member>
        <member name="M:Google.Apis.Translate.v2.TranslationsResource.List(Google.Apis.Util.Repeatable{System.String},System.String)">
            <summary>Returns text translations from one language to another.</summary>
            <param name="q">The text to translate</param>
            <param name="target">The target language into which the text
            should be translated</param>
        </member>
        <member name="T:Google.Apis.Translate.v2.TranslationsResource.ListRequest">
            <summary>Returns text translations from one language to another.</summary>
        </member>
        <member name="M:Google.Apis.Translate.v2.TranslationsResource.ListRequest.#ctor(Google.Apis.Services.IClientService,Google.Apis.Util.Repeatable{System.String},System.String)">
            <summary>Constructs a new List request.</summary>
        </member>
        <member name="M:Google.Apis.Translate.v2.TranslationsResource.ListRequest.InitParameters">
            <summary>Initializes List parameter list.</summary>
        </member>
        <member name="P:Google.Apis.Translate.v2.TranslationsResource.ListRequest.Q">
            <summary>The text to translate</summary>
        </member>
        <member name="P:Google.Apis.Translate.v2.TranslationsResource.ListRequest.Target">
            <summary>The target language into which the text should be translated</summary>
        </member>
        <member name="P:Google.Apis.Translate.v2.TranslationsResource.ListRequest.Source">
            <summary>The source language of the text</summary>
        </member>
        <member name="P:Google.Apis.Translate.v2.TranslationsResource.ListRequest.Format">
            <summary>The format of the text</summary>
        </member>
        <member name="P:Google.Apis.Translate.v2.TranslationsResource.ListRequest.Cid">
            <summary>The customization id for translate</summary>
        </member>
        <member name="P:Google.Apis.Translate.v2.TranslationsResource.ListRequest.MethodName">
            <summary>Gets the method name.</summary>
        </member>
        <member name="P:Google.Apis.Translate.v2.TranslationsResource.ListRequest.HttpMethod">
            <summary>Gets the HTTP method.</summary>
        </member>
        <member name="P:Google.Apis.Translate.v2.TranslationsResource.ListRequest.RestPath">
            <summary>Gets the REST path.</summary>
        </member>
        <member name="T:Google.Apis.Translate.v2.TranslationsResource.ListRequest.FormatEnum">
            <summary>The format of the text</summary>
        </member>
        <member name="F:Google.Apis.Translate.v2.TranslationsResource.ListRequest.FormatEnum.Html">
            <summary>Specifies the input is in HTML</summary>
        </member>
        <member name="F:Google.Apis.Translate.v2.TranslationsResource.ListRequest.FormatEnum.Text">
            <summary>Specifies the input is in plain textual format</summary>
        </member>
    </members>
</doc>
