<?xml version="1.0"?>
<doc>
    <assembly>
        <name>Google.Apis.Customsearch.v1</name>
    </assembly>
    <members>
        <member name="P:Google.Apis.Customsearch.v1.CustomsearchService.Key">
            <summary>Sets the API-Key (or DeveloperKey) which this service uses for all requests</summary>
        </member>
        <member name="M:Google.Apis.Customsearch.v1.CseResource.List(System.String)">
            <summary>Returns metadata about the search performed, metadata about the custom search engine used for the search, and the search results.</summary>
            <param name="q">Required - Query</param>
        </member>
        <member name="T:Google.Apis.Customsearch.v1.CseResource.Filter">
            <summary>Controls turning on or off the duplicate content filter.</summary>
        </member>
        <member name="F:Google.Apis.Customsearch.v1.CseResource.Filter.Value">
            <summary>Turns off duplicate content filter.</summary>
        </member>
        <member name="F:Google.Apis.Customsearch.v1.CseResource.Filter.Member">
            <summary>Turns on duplicate content filter.</summary>
        </member>
        <member name="T:Google.Apis.Customsearch.v1.CseResource.ImgColorType">
            <summary>Returns black and white, grayscale, or color images: mono, gray, and color.</summary>
        </member>
        <member name="F:Google.Apis.Customsearch.v1.CseResource.ImgColorType.Color">
            <summary>color</summary>
        </member>
        <member name="F:Google.Apis.Customsearch.v1.CseResource.ImgColorType.Gray">
            <summary>gray</summary>
        </member>
        <member name="F:Google.Apis.Customsearch.v1.CseResource.ImgColorType.Mono">
            <summary>mono</summary>
        </member>
        <member name="T:Google.Apis.Customsearch.v1.CseResource.ImgDominantColor">
            <summary>Returns images of a specific dominant color: yellow, green, teal, blue, purple, pink, white, gray, black and brown.</summary>
        </member>
        <member name="F:Google.Apis.Customsearch.v1.CseResource.ImgDominantColor.Black">
            <summary>black</summary>
        </member>
        <member name="F:Google.Apis.Customsearch.v1.CseResource.ImgDominantColor.Blue">
            <summary>blue</summary>
        </member>
        <member name="F:Google.Apis.Customsearch.v1.CseResource.ImgDominantColor.Brown">
            <summary>brown</summary>
        </member>
        <member name="F:Google.Apis.Customsearch.v1.CseResource.ImgDominantColor.Gray">
            <summary>gray</summary>
        </member>
        <member name="F:Google.Apis.Customsearch.v1.CseResource.ImgDominantColor.Green">
            <summary>green</summary>
        </member>
        <member name="F:Google.Apis.Customsearch.v1.CseResource.ImgDominantColor.Pink">
            <summary>pink</summary>
        </member>
        <member name="F:Google.Apis.Customsearch.v1.CseResource.ImgDominantColor.Purple">
            <summary>purple</summary>
        </member>
        <member name="F:Google.Apis.Customsearch.v1.CseResource.ImgDominantColor.Teal">
            <summary>teal</summary>
        </member>
        <member name="F:Google.Apis.Customsearch.v1.CseResource.ImgDominantColor.White">
            <summary>white</summary>
        </member>
        <member name="F:Google.Apis.Customsearch.v1.CseResource.ImgDominantColor.Yellow">
            <summary>yellow</summary>
        </member>
        <member name="T:Google.Apis.Customsearch.v1.CseResource.ImgSize">
            <summary>Returns images of a specified size, where size can be one of: icon, small, medium, large, xlarge, xxlarge, and huge.</summary>
        </member>
        <member name="F:Google.Apis.Customsearch.v1.CseResource.ImgSize.Huge">
            <summary>huge</summary>
        </member>
        <member name="F:Google.Apis.Customsearch.v1.CseResource.ImgSize.Icon">
            <summary>icon</summary>
        </member>
        <member name="F:Google.Apis.Customsearch.v1.CseResource.ImgSize.Large">
            <summary>large</summary>
        </member>
        <member name="F:Google.Apis.Customsearch.v1.CseResource.ImgSize.Medium">
            <summary>medium</summary>
        </member>
        <member name="F:Google.Apis.Customsearch.v1.CseResource.ImgSize.Small">
            <summary>small</summary>
        </member>
        <member name="F:Google.Apis.Customsearch.v1.CseResource.ImgSize.Xlarge">
            <summary>xlarge</summary>
        </member>
        <member name="F:Google.Apis.Customsearch.v1.CseResource.ImgSize.Xxlarge">
            <summary>xxlarge</summary>
        </member>
        <member name="T:Google.Apis.Customsearch.v1.CseResource.ImgType">
            <summary>Returns images of a type, which can be one of: clipart, face, lineart, news, and photo.</summary>
        </member>
        <member name="F:Google.Apis.Customsearch.v1.CseResource.ImgType.Clipart">
            <summary>clipart</summary>
        </member>
        <member name="F:Google.Apis.Customsearch.v1.CseResource.ImgType.Face">
            <summary>face</summary>
        </member>
        <member name="F:Google.Apis.Customsearch.v1.CseResource.ImgType.Lineart">
            <summary>lineart</summary>
        </member>
        <member name="F:Google.Apis.Customsearch.v1.CseResource.ImgType.News">
            <summary>news</summary>
        </member>
        <member name="F:Google.Apis.Customsearch.v1.CseResource.ImgType.Photo">
            <summary>photo</summary>
        </member>
        <member name="T:Google.Apis.Customsearch.v1.CseResource.Lr">
            <summary>The language restriction for the search results</summary>
        </member>
        <member name="F:Google.Apis.Customsearch.v1.CseResource.Lr.Lang_ar">
            <summary>Arabic</summary>
        </member>
        <member name="F:Google.Apis.Customsearch.v1.CseResource.Lr.Lang_bg">
            <summary>Bulgarian</summary>
        </member>
        <member name="F:Google.Apis.Customsearch.v1.CseResource.Lr.Lang_ca">
            <summary>Catalan</summary>
        </member>
        <member name="F:Google.Apis.Customsearch.v1.CseResource.Lr.Lang_cs">
            <summary>Czech</summary>
        </member>
        <member name="F:Google.Apis.Customsearch.v1.CseResource.Lr.Lang_da">
            <summary>Danish</summary>
        </member>
        <member name="F:Google.Apis.Customsearch.v1.CseResource.Lr.Lang_de">
            <summary>German</summary>
        </member>
        <member name="F:Google.Apis.Customsearch.v1.CseResource.Lr.Lang_el">
            <summary>Greek</summary>
        </member>
        <member name="F:Google.Apis.Customsearch.v1.CseResource.Lr.Lang_en">
            <summary>English</summary>
        </member>
        <member name="F:Google.Apis.Customsearch.v1.CseResource.Lr.Lang_es">
            <summary>Spanish</summary>
        </member>
        <member name="F:Google.Apis.Customsearch.v1.CseResource.Lr.Lang_et">
            <summary>Estonian</summary>
        </member>
        <member name="F:Google.Apis.Customsearch.v1.CseResource.Lr.Lang_fi">
            <summary>Finnish</summary>
        </member>
        <member name="F:Google.Apis.Customsearch.v1.CseResource.Lr.Lang_fr">
            <summary>French</summary>
        </member>
        <member name="F:Google.Apis.Customsearch.v1.CseResource.Lr.Lang_hr">
            <summary>Croatian</summary>
        </member>
        <member name="F:Google.Apis.Customsearch.v1.CseResource.Lr.Lang_hu">
            <summary>Hungarian</summary>
        </member>
        <member name="F:Google.Apis.Customsearch.v1.CseResource.Lr.Lang_id">
            <summary>Indonesian</summary>
        </member>
        <member name="F:Google.Apis.Customsearch.v1.CseResource.Lr.Lang_is">
            <summary>Icelandic</summary>
        </member>
        <member name="F:Google.Apis.Customsearch.v1.CseResource.Lr.Lang_it">
            <summary>Italian</summary>
        </member>
        <member name="F:Google.Apis.Customsearch.v1.CseResource.Lr.Lang_iw">
            <summary>Hebrew</summary>
        </member>
        <member name="F:Google.Apis.Customsearch.v1.CseResource.Lr.Lang_ja">
            <summary>Japanese</summary>
        </member>
        <member name="F:Google.Apis.Customsearch.v1.CseResource.Lr.Lang_ko">
            <summary>Korean</summary>
        </member>
        <member name="F:Google.Apis.Customsearch.v1.CseResource.Lr.Lang_lt">
            <summary>Lithuanian</summary>
        </member>
        <member name="F:Google.Apis.Customsearch.v1.CseResource.Lr.Lang_lv">
            <summary>Latvian</summary>
        </member>
        <member name="F:Google.Apis.Customsearch.v1.CseResource.Lr.Lang_nl">
            <summary>Dutch</summary>
        </member>
        <member name="F:Google.Apis.Customsearch.v1.CseResource.Lr.Lang_no">
            <summary>Norwegian</summary>
        </member>
        <member name="F:Google.Apis.Customsearch.v1.CseResource.Lr.Lang_pl">
            <summary>Polish</summary>
        </member>
        <member name="F:Google.Apis.Customsearch.v1.CseResource.Lr.Lang_pt">
            <summary>Portuguese</summary>
        </member>
        <member name="F:Google.Apis.Customsearch.v1.CseResource.Lr.Lang_ro">
            <summary>Romanian</summary>
        </member>
        <member name="F:Google.Apis.Customsearch.v1.CseResource.Lr.Lang_ru">
            <summary>Russian</summary>
        </member>
        <member name="F:Google.Apis.Customsearch.v1.CseResource.Lr.Lang_sk">
            <summary>Slovak</summary>
        </member>
        <member name="F:Google.Apis.Customsearch.v1.CseResource.Lr.Lang_sl">
            <summary>Slovenian</summary>
        </member>
        <member name="F:Google.Apis.Customsearch.v1.CseResource.Lr.Lang_sr">
            <summary>Serbian</summary>
        </member>
        <member name="F:Google.Apis.Customsearch.v1.CseResource.Lr.Lang_sv">
            <summary>Swedish</summary>
        </member>
        <member name="F:Google.Apis.Customsearch.v1.CseResource.Lr.Lang_tr">
            <summary>Turkish</summary>
        </member>
        <member name="F:Google.Apis.Customsearch.v1.CseResource.Lr.Lang_zhCN">
            <summary>Chinese (Simplified)</summary>
        </member>
        <member name="F:Google.Apis.Customsearch.v1.CseResource.Lr.Lang_zhTW">
            <summary>Chinese (Traditional)</summary>
        </member>
        <member name="T:Google.Apis.Customsearch.v1.CseResource.Safe">
            <summary>Search safety level</summary>
        </member>
        <member name="F:Google.Apis.Customsearch.v1.CseResource.Safe.High">
            <summary>Enables highest level of safe search filtering.</summary>
        </member>
        <member name="F:Google.Apis.Customsearch.v1.CseResource.Safe.Medium">
            <summary>Enables moderate safe search filtering.</summary>
        </member>
        <member name="F:Google.Apis.Customsearch.v1.CseResource.Safe.Off">
            <summary>Disables safe search filtering.</summary>
        </member>
        <member name="T:Google.Apis.Customsearch.v1.CseResource.SearchType">
            <summary>Specifies the search type: image.</summary>
        </member>
        <member name="F:Google.Apis.Customsearch.v1.CseResource.SearchType.Image">
            <summary>custom image search</summary>
        </member>
        <member name="T:Google.Apis.Customsearch.v1.CseResource.SiteSearchFilter">
            <summary>Controls whether to include or exclude results from the site named in the as_sitesearch parameter</summary>
        </member>
        <member name="F:Google.Apis.Customsearch.v1.CseResource.SiteSearchFilter.E">
            <summary>exclude</summary>
        </member>
        <member name="F:Google.Apis.Customsearch.v1.CseResource.SiteSearchFilter.I">
            <summary>include</summary>
        </member>
        <member name="P:Google.Apis.Customsearch.v1.CseResource.ListRequest.Oauth_token">
            <summary>OAuth 2.0 token for the current user.</summary>
        </member>
        <member name="P:Google.Apis.Customsearch.v1.CseResource.ListRequest.PrettyPrint">
            <summary>Returns response with indentations and line breaks.</summary>
        </member>
        <member name="P:Google.Apis.Customsearch.v1.CseResource.ListRequest.QuotaUser">
            <summary>Available to use for quota purposes for server-side applications. Can be any arbitrary string assigned to a user, but should not exceed 40 characters. Overrides userIp if both are provided.</summary>
        </member>
        <member name="P:Google.Apis.Customsearch.v1.CseResource.ListRequest.C2coff">
            <summary>Turns off the translation between zh-CN and zh-TW.</summary>
        </member>
        <member name="P:Google.Apis.Customsearch.v1.CseResource.ListRequest.Cr">
            <summary>Country restrict(s).</summary>
        </member>
        <member name="P:Google.Apis.Customsearch.v1.CseResource.ListRequest.Cref">
            <summary>The URL of a linked custom search engine</summary>
        </member>
        <member name="P:Google.Apis.Customsearch.v1.CseResource.ListRequest.Cx">
            <summary>The custom search engine ID to scope this search query</summary>
        </member>
        <member name="P:Google.Apis.Customsearch.v1.CseResource.ListRequest.DateRestrict">
            <summary>Specifies all search results are from a time period</summary>
        </member>
        <member name="P:Google.Apis.Customsearch.v1.CseResource.ListRequest.ExactTerms">
            <summary>Identifies a phrase that all documents in the search results must contain</summary>
        </member>
        <member name="P:Google.Apis.Customsearch.v1.CseResource.ListRequest.ExcludeTerms">
            <summary>Identifies a word or phrase that should not appear in any documents in the search results</summary>
        </member>
        <member name="P:Google.Apis.Customsearch.v1.CseResource.ListRequest.FileType">
            <summary>Returns images of a specified type. Some of the allowed values are: bmp, gif, png, jpg, svg, pdf, ...</summary>
        </member>
        <member name="P:Google.Apis.Customsearch.v1.CseResource.ListRequest.Filter">
            <summary>Controls turning on or off the duplicate content filter.</summary>
        </member>
        <member name="P:Google.Apis.Customsearch.v1.CseResource.ListRequest.Gl">
            <summary>Geolocation of end user.</summary>
        </member>
        <member name="P:Google.Apis.Customsearch.v1.CseResource.ListRequest.Googlehost">
            <summary>The local Google domain to use to perform the search.</summary>
        </member>
        <member name="P:Google.Apis.Customsearch.v1.CseResource.ListRequest.HighRange">
            <summary>Creates a range in form as_nlo value..as_nhi value and attempts to append it to query</summary>
        </member>
        <member name="P:Google.Apis.Customsearch.v1.CseResource.ListRequest.Hl">
            <summary>Sets the user interface language.</summary>
        </member>
        <member name="P:Google.Apis.Customsearch.v1.CseResource.ListRequest.Hq">
            <summary>Appends the extra query terms to the query.</summary>
        </member>
        <member name="P:Google.Apis.Customsearch.v1.CseResource.ListRequest.ImgColorType">
            <summary>Returns black and white, grayscale, or color images: mono, gray, and color.</summary>
        </member>
        <member name="P:Google.Apis.Customsearch.v1.CseResource.ListRequest.ImgDominantColor">
            <summary>Returns images of a specific dominant color: yellow, green, teal, blue, purple, pink, white, gray, black and brown.</summary>
        </member>
        <member name="P:Google.Apis.Customsearch.v1.CseResource.ListRequest.ImgSize">
            <summary>Returns images of a specified size, where size can be one of: icon, small, medium, large, xlarge, xxlarge, and huge.</summary>
        </member>
        <member name="P:Google.Apis.Customsearch.v1.CseResource.ListRequest.ImgType">
            <summary>Returns images of a type, which can be one of: clipart, face, lineart, news, and photo.</summary>
        </member>
        <member name="P:Google.Apis.Customsearch.v1.CseResource.ListRequest.LinkSite">
            <summary>Specifies that all search results should contain a link to a particular URL</summary>
        </member>
        <member name="P:Google.Apis.Customsearch.v1.CseResource.ListRequest.LowRange">
            <summary>Creates a range in form as_nlo value..as_nhi value and attempts to append it to query</summary>
        </member>
        <member name="P:Google.Apis.Customsearch.v1.CseResource.ListRequest.Lr">
            <summary>The language restriction for the search results</summary>
        </member>
        <member name="P:Google.Apis.Customsearch.v1.CseResource.ListRequest.Num">
            <summary>Number of search results to return</summary>
        </member>
        <member name="P:Google.Apis.Customsearch.v1.CseResource.ListRequest.OrTerms">
            <summary>Provides additional search terms to check for in a document, where each document in the search results must contain at least one of the additional search terms</summary>
        </member>
        <member name="P:Google.Apis.Customsearch.v1.CseResource.ListRequest.Q">
            <summary>Query</summary>
        </member>
        <member name="P:Google.Apis.Customsearch.v1.CseResource.ListRequest.RelatedSite">
            <summary>Specifies that all search results should be pages that are related to the specified URL</summary>
        </member>
        <member name="P:Google.Apis.Customsearch.v1.CseResource.ListRequest.Rights">
            <summary>Filters based on licensing. Supported values include: cc_publicdomain, cc_attribute, cc_sharealike, cc_noncommercial, cc_nonderived and combinations of these.</summary>
        </member>
        <member name="P:Google.Apis.Customsearch.v1.CseResource.ListRequest.Safe">
            <summary>Search safety level</summary>
        </member>
        <member name="P:Google.Apis.Customsearch.v1.CseResource.ListRequest.SearchType">
            <summary>Specifies the search type: image.</summary>
        </member>
        <member name="P:Google.Apis.Customsearch.v1.CseResource.ListRequest.SiteSearch">
            <summary>Specifies all search results should be pages from a given site</summary>
        </member>
        <member name="P:Google.Apis.Customsearch.v1.CseResource.ListRequest.SiteSearchFilter">
            <summary>Controls whether to include or exclude results from the site named in the as_sitesearch parameter</summary>
        </member>
        <member name="P:Google.Apis.Customsearch.v1.CseResource.ListRequest.Sort">
            <summary>The sort expression to apply to the results</summary>
        </member>
        <member name="P:Google.Apis.Customsearch.v1.CseResource.ListRequest.Start">
            <summary>The index of the first result to return</summary>
        </member>
    </members>
</doc>
