<?xml version="1.0"?>
<doc>
    <assembly>
        <name>Google.Apis.Moderator.v1</name>
    </assembly>
    <members>
        <member name="P:Google.Apis.Moderator.v1.ModeratorService.Key">
            <summary>Sets the API-Key (or DeveloperKey) which this service uses for all requests</summary>
        </member>
        <member name="T:Google.Apis.Moderator.v1.ModeratorService.Scopes">
            <summary>A list of all OAuth2.0 scopes. Each of these scopes relates to a permission or group of permissions that different methods of this API may need.</summary>
        </member>
        <member name="F:Google.Apis.Moderator.v1.ModeratorService.Scopes.Moderator">
            <summary>Manage your activity in Google Moderator</summary>
        </member>
        <member name="M:Google.Apis.Moderator.v1.FeaturedResource.SeriesResource.List">
            <summary>Lists the featured series.</summary>
        </member>
        <member name="M:Google.Apis.Moderator.v1.GlobalResource.SeriesResource.List">
            <summary>Searches the public series and returns the search results.</summary>
        </member>
        <member name="P:Google.Apis.Moderator.v1.GlobalResource.SeriesResource.ListRequest.MaxResults">
            <summary>Maximum number of results to return.</summary>
        </member>
        <member name="P:Google.Apis.Moderator.v1.GlobalResource.SeriesResource.ListRequest.Q">
            <summary>Search query.</summary>
        </member>
        <member name="P:Google.Apis.Moderator.v1.GlobalResource.SeriesResource.ListRequest.StartIndex">
            <summary>Index of the first result to be retrieved.</summary>
        </member>
        <member name="M:Google.Apis.Moderator.v1.MyResource.SeriesResource.List">
            <summary>Lists all series created by the authenticated user.</summary>
        </member>
        <member name="M:Google.Apis.Moderator.v1.MyrecentResource.SeriesResource.List">
            <summary>Lists the series the authenticated user has visited.</summary>
        </member>
        <member name="M:Google.Apis.Moderator.v1.ProfilesResource.Get">
            <summary>Returns the profile information for the authenticated user.</summary>
        </member>
        <member name="M:Google.Apis.Moderator.v1.ProfilesResource.Patch(Google.Apis.Moderator.v1.Data.Profile)">
            <summary>Updates the profile information for the authenticated user. This method supports patch semantics.</summary>
        </member>
        <member name="M:Google.Apis.Moderator.v1.ProfilesResource.Update(Google.Apis.Moderator.v1.Data.Profile)">
            <summary>Updates the profile information for the authenticated user.</summary>
        </member>
        <member name="P:Google.Apis.Moderator.v1.ProfilesResource.PatchRequest.Body">
            <summary>Gets/Sets the Body of this Request.</summary>
        </member>
        <member name="P:Google.Apis.Moderator.v1.ProfilesResource.UpdateRequest.Body">
            <summary>Gets/Sets the Body of this Request.</summary>
        </member>
        <member name="M:Google.Apis.Moderator.v1.ResponsesResource.Insert(Google.Apis.Moderator.v1.Data.Submission,System.Int64,System.Int64,System.Int64)">
            <summary>Inserts a response for the specified submission in the specified topic within the specified series.</summary>
            <param name="seriesId">Required - The decimal ID of the Series.</param>
            <param name="topicId">Required - The decimal ID of the Topic within the Series.</param>
            <param name="parentSubmissionId">Required - The decimal ID of the parent Submission within the Series.</param>
        </member>
        <member name="M:Google.Apis.Moderator.v1.ResponsesResource.List(System.Int64,System.Int64)">
            <summary>Lists or searches the responses for the specified submission within the specified series and returns the search results.</summary>
            <param name="seriesId">Required - The decimal ID of the Series.</param>
            <param name="submissionId">Required - The decimal ID of the Submission within the Series.</param>
        </member>
        <member name="P:Google.Apis.Moderator.v1.ResponsesResource.InsertRequest.Anonymous">
            <summary>Set to true to mark the new submission as anonymous.</summary>
        </member>
        <member name="P:Google.Apis.Moderator.v1.ResponsesResource.InsertRequest.ParentSubmissionId">
            <summary>The decimal ID of the parent Submission within the Series.</summary>
        </member>
        <member name="P:Google.Apis.Moderator.v1.ResponsesResource.InsertRequest.SeriesId">
            <summary>The decimal ID of the Series.</summary>
        </member>
        <member name="P:Google.Apis.Moderator.v1.ResponsesResource.InsertRequest.TopicId">
            <summary>The decimal ID of the Topic within the Series.</summary>
        </member>
        <member name="P:Google.Apis.Moderator.v1.ResponsesResource.InsertRequest.Body">
            <summary>Gets/Sets the Body of this Request.</summary>
        </member>
        <member name="P:Google.Apis.Moderator.v1.ResponsesResource.ListRequest.Author">
            <summary>Restricts the results to submissions by a specific author.</summary>
        </member>
        <member name="P:Google.Apis.Moderator.v1.ResponsesResource.ListRequest.HasAttachedVideo">
            <summary>Specifies whether to restrict to submissions that have videos attached.</summary>
        </member>
        <member name="P:Google.Apis.Moderator.v1.ResponsesResource.ListRequest.MaxResults">
            <summary>Maximum number of results to return.</summary>
        </member>
        <member name="P:Google.Apis.Moderator.v1.ResponsesResource.ListRequest.Q">
            <summary>Search query.</summary>
        </member>
        <member name="P:Google.Apis.Moderator.v1.ResponsesResource.ListRequest.SeriesId">
            <summary>The decimal ID of the Series.</summary>
        </member>
        <member name="P:Google.Apis.Moderator.v1.ResponsesResource.ListRequest.Sort">
            <summary>Sort order.</summary>
        </member>
        <member name="P:Google.Apis.Moderator.v1.ResponsesResource.ListRequest.StartIndex">
            <summary>Index of the first result to be retrieved.</summary>
        </member>
        <member name="P:Google.Apis.Moderator.v1.ResponsesResource.ListRequest.SubmissionId">
            <summary>The decimal ID of the Submission within the Series.</summary>
        </member>
        <member name="M:Google.Apis.Moderator.v1.SeriesResource.Get(System.Int64)">
            <summary>Returns the specified series.</summary>
            <param name="seriesId">Required - The decimal ID of the Series.</param>
        </member>
        <member name="M:Google.Apis.Moderator.v1.SeriesResource.Insert(Google.Apis.Moderator.v1.Data.Series)">
            <summary>Inserts a new series.</summary>
        </member>
        <member name="M:Google.Apis.Moderator.v1.SeriesResource.List">
            <summary>Searches the series and returns the search results.</summary>
        </member>
        <member name="M:Google.Apis.Moderator.v1.SeriesResource.Patch(Google.Apis.Moderator.v1.Data.Series,System.Int64)">
            <summary>Updates the specified series. This method supports patch semantics.</summary>
            <param name="seriesId">Required - The decimal ID of the Series.</param>
        </member>
        <member name="M:Google.Apis.Moderator.v1.SeriesResource.Update(Google.Apis.Moderator.v1.Data.Series,System.Int64)">
            <summary>Updates the specified series.</summary>
            <param name="seriesId">Required - The decimal ID of the Series.</param>
        </member>
        <member name="M:Google.Apis.Moderator.v1.SeriesResource.ResponsesResource.List(System.Int64)">
            <summary>Searches the responses for the specified series and returns the search results.</summary>
            <param name="seriesId">Required - The decimal ID of the Series.</param>
        </member>
        <member name="P:Google.Apis.Moderator.v1.SeriesResource.ResponsesResource.ListRequest.Author">
            <summary>Restricts the results to submissions by a specific author.</summary>
        </member>
        <member name="P:Google.Apis.Moderator.v1.SeriesResource.ResponsesResource.ListRequest.HasAttachedVideo">
            <summary>Specifies whether to restrict to submissions that have videos attached.</summary>
        </member>
        <member name="P:Google.Apis.Moderator.v1.SeriesResource.ResponsesResource.ListRequest.MaxResults">
            <summary>Maximum number of results to return.</summary>
        </member>
        <member name="P:Google.Apis.Moderator.v1.SeriesResource.ResponsesResource.ListRequest.Q">
            <summary>Search query.</summary>
        </member>
        <member name="P:Google.Apis.Moderator.v1.SeriesResource.ResponsesResource.ListRequest.SeriesId">
            <summary>The decimal ID of the Series.</summary>
        </member>
        <member name="P:Google.Apis.Moderator.v1.SeriesResource.ResponsesResource.ListRequest.Sort">
            <summary>Sort order.</summary>
        </member>
        <member name="P:Google.Apis.Moderator.v1.SeriesResource.ResponsesResource.ListRequest.StartIndex">
            <summary>Index of the first result to be retrieved.</summary>
        </member>
        <member name="M:Google.Apis.Moderator.v1.SeriesResource.SubmissionsResource.List(System.Int64)">
            <summary>Searches the submissions for the specified series and returns the search results.</summary>
            <param name="seriesId">Required - The decimal ID of the Series.</param>
        </member>
        <member name="P:Google.Apis.Moderator.v1.SeriesResource.SubmissionsResource.ListRequest.Author">
            <summary>Restricts the results to submissions by a specific author.</summary>
        </member>
        <member name="P:Google.Apis.Moderator.v1.SeriesResource.SubmissionsResource.ListRequest.HasAttachedVideo">
            <summary>Specifies whether to restrict to submissions that have videos attached.</summary>
        </member>
        <member name="P:Google.Apis.Moderator.v1.SeriesResource.SubmissionsResource.ListRequest.IncludeVotes">
            <summary>Specifies whether to include the current user's vote</summary>
        </member>
        <member name="P:Google.Apis.Moderator.v1.SeriesResource.SubmissionsResource.ListRequest.Lang">
            <summary>The language code for the language the client prefers resuls in.</summary>
        </member>
        <member name="P:Google.Apis.Moderator.v1.SeriesResource.SubmissionsResource.ListRequest.MaxResults">
            <summary>Maximum number of results to return.</summary>
        </member>
        <member name="P:Google.Apis.Moderator.v1.SeriesResource.SubmissionsResource.ListRequest.Q">
            <summary>Search query.</summary>
        </member>
        <member name="P:Google.Apis.Moderator.v1.SeriesResource.SubmissionsResource.ListRequest.SeriesId">
            <summary>The decimal ID of the Series.</summary>
        </member>
        <member name="P:Google.Apis.Moderator.v1.SeriesResource.SubmissionsResource.ListRequest.Sort">
            <summary>Sort order.</summary>
        </member>
        <member name="P:Google.Apis.Moderator.v1.SeriesResource.SubmissionsResource.ListRequest.StartIndex">
            <summary>Index of the first result to be retrieved.</summary>
        </member>
        <member name="P:Google.Apis.Moderator.v1.SeriesResource.GetRequest.SeriesId">
            <summary>The decimal ID of the Series.</summary>
        </member>
        <member name="P:Google.Apis.Moderator.v1.SeriesResource.InsertRequest.Body">
            <summary>Gets/Sets the Body of this Request.</summary>
        </member>
        <member name="P:Google.Apis.Moderator.v1.SeriesResource.ListRequest.MaxResults">
            <summary>Maximum number of results to return.</summary>
        </member>
        <member name="P:Google.Apis.Moderator.v1.SeriesResource.ListRequest.Q">
            <summary>Search query.</summary>
        </member>
        <member name="P:Google.Apis.Moderator.v1.SeriesResource.ListRequest.StartIndex">
            <summary>Index of the first result to be retrieved.</summary>
        </member>
        <member name="P:Google.Apis.Moderator.v1.SeriesResource.PatchRequest.SeriesId">
            <summary>The decimal ID of the Series.</summary>
        </member>
        <member name="P:Google.Apis.Moderator.v1.SeriesResource.PatchRequest.Body">
            <summary>Gets/Sets the Body of this Request.</summary>
        </member>
        <member name="P:Google.Apis.Moderator.v1.SeriesResource.UpdateRequest.SeriesId">
            <summary>The decimal ID of the Series.</summary>
        </member>
        <member name="P:Google.Apis.Moderator.v1.SeriesResource.UpdateRequest.Body">
            <summary>Gets/Sets the Body of this Request.</summary>
        </member>
        <member name="M:Google.Apis.Moderator.v1.SubmissionsResource.Get(System.Int64,System.Int64)">
            <summary>Returns the specified submission within the specified series.</summary>
            <param name="seriesId">Required - The decimal ID of the Series.</param>
            <param name="submissionId">Required - The decimal ID of the Submission within the Series.</param>
        </member>
        <member name="M:Google.Apis.Moderator.v1.SubmissionsResource.Insert(Google.Apis.Moderator.v1.Data.Submission,System.Int64,System.Int64)">
            <summary>Inserts a new submission in the specified topic within the specified series.</summary>
            <param name="seriesId">Required - The decimal ID of the Series.</param>
            <param name="topicId">Required - The decimal ID of the Topic within the Series.</param>
        </member>
        <member name="P:Google.Apis.Moderator.v1.SubmissionsResource.GetRequest.IncludeVotes">
            <summary>Specifies whether to include the current user's vote</summary>
        </member>
        <member name="P:Google.Apis.Moderator.v1.SubmissionsResource.GetRequest.Lang">
            <summary>The language code for the language the client prefers resuls in.</summary>
        </member>
        <member name="P:Google.Apis.Moderator.v1.SubmissionsResource.GetRequest.SeriesId">
            <summary>The decimal ID of the Series.</summary>
        </member>
        <member name="P:Google.Apis.Moderator.v1.SubmissionsResource.GetRequest.SubmissionId">
            <summary>The decimal ID of the Submission within the Series.</summary>
        </member>
        <member name="P:Google.Apis.Moderator.v1.SubmissionsResource.InsertRequest.Anonymous">
            <summary>Set to true to mark the new submission as anonymous.</summary>
        </member>
        <member name="P:Google.Apis.Moderator.v1.SubmissionsResource.InsertRequest.SeriesId">
            <summary>The decimal ID of the Series.</summary>
        </member>
        <member name="P:Google.Apis.Moderator.v1.SubmissionsResource.InsertRequest.TopicId">
            <summary>The decimal ID of the Topic within the Series.</summary>
        </member>
        <member name="P:Google.Apis.Moderator.v1.SubmissionsResource.InsertRequest.Body">
            <summary>Gets/Sets the Body of this Request.</summary>
        </member>
        <member name="M:Google.Apis.Moderator.v1.TagsResource.Delete(System.Int64,System.Int64,System.String)">
            <summary>Deletes the specified tag from the specified submission within the specified series.</summary>
            <param name="seriesId">Required - The decimal ID of the Series.</param>
            <param name="submissionId">Required - The decimal ID of the Submission within the Series.</param>
            <param name="tagId">Required</param>
        </member>
        <member name="M:Google.Apis.Moderator.v1.TagsResource.Insert(Google.Apis.Moderator.v1.Data.Tag,System.Int64,System.Int64)">
            <summary>Inserts a new tag for the specified submission within the specified series.</summary>
            <param name="seriesId">Required - The decimal ID of the Series.</param>
            <param name="submissionId">Required - The decimal ID of the Submission within the Series.</param>
        </member>
        <member name="M:Google.Apis.Moderator.v1.TagsResource.List(System.Int64,System.Int64)">
            <summary>Lists all tags for the specified submission within the specified series.</summary>
            <param name="seriesId">Required - The decimal ID of the Series.</param>
            <param name="submissionId">Required - The decimal ID of the Submission within the Series.</param>
        </member>
        <member name="P:Google.Apis.Moderator.v1.TagsResource.DeleteRequest.SeriesId">
            <summary>The decimal ID of the Series.</summary>
        </member>
        <member name="P:Google.Apis.Moderator.v1.TagsResource.DeleteRequest.SubmissionId">
            <summary>The decimal ID of the Submission within the Series.</summary>
        </member>
        <member name="P:Google.Apis.Moderator.v1.TagsResource.InsertRequest.SeriesId">
            <summary>The decimal ID of the Series.</summary>
        </member>
        <member name="P:Google.Apis.Moderator.v1.TagsResource.InsertRequest.SubmissionId">
            <summary>The decimal ID of the Submission within the Series.</summary>
        </member>
        <member name="P:Google.Apis.Moderator.v1.TagsResource.InsertRequest.Body">
            <summary>Gets/Sets the Body of this Request.</summary>
        </member>
        <member name="P:Google.Apis.Moderator.v1.TagsResource.ListRequest.SeriesId">
            <summary>The decimal ID of the Series.</summary>
        </member>
        <member name="P:Google.Apis.Moderator.v1.TagsResource.ListRequest.SubmissionId">
            <summary>The decimal ID of the Submission within the Series.</summary>
        </member>
        <member name="M:Google.Apis.Moderator.v1.TopicsResource.Get(System.Int64,System.Int64)">
            <summary>Returns the specified topic from the specified series.</summary>
            <param name="seriesId">Required - The decimal ID of the Series.</param>
            <param name="topicId">Required - The decimal ID of the Topic within the Series.</param>
        </member>
        <member name="M:Google.Apis.Moderator.v1.TopicsResource.Insert(Google.Apis.Moderator.v1.Data.Topic,System.Int64)">
            <summary>Inserts a new topic into the specified series.</summary>
            <param name="seriesId">Required - The decimal ID of the Series.</param>
        </member>
        <member name="M:Google.Apis.Moderator.v1.TopicsResource.List(System.Int64)">
            <summary>Searches the topics within the specified series and returns the search results.</summary>
            <param name="seriesId">Required - The decimal ID of the Series.</param>
        </member>
        <member name="M:Google.Apis.Moderator.v1.TopicsResource.Update(Google.Apis.Moderator.v1.Data.Topic,System.Int64,System.Int64)">
            <summary>Updates the specified topic within the specified series.</summary>
            <param name="seriesId">Required - The decimal ID of the Series.</param>
            <param name="topicId">Required - The decimal ID of the Topic within the Series.</param>
        </member>
        <member name="M:Google.Apis.Moderator.v1.TopicsResource.SubmissionsResource.List(System.Int64,System.Int64)">
            <summary>Searches the submissions for the specified topic within the specified series and returns the search results.</summary>
            <param name="seriesId">Required - The decimal ID of the Series.</param>
            <param name="topicId">Required - The decimal ID of the Topic within the Series.</param>
        </member>
        <member name="P:Google.Apis.Moderator.v1.TopicsResource.SubmissionsResource.ListRequest.Author">
            <summary>Restricts the results to submissions by a specific author.</summary>
        </member>
        <member name="P:Google.Apis.Moderator.v1.TopicsResource.SubmissionsResource.ListRequest.HasAttachedVideo">
            <summary>Specifies whether to restrict to submissions that have videos attached.</summary>
        </member>
        <member name="P:Google.Apis.Moderator.v1.TopicsResource.SubmissionsResource.ListRequest.IncludeVotes">
            <summary>Specifies whether to include the current user's vote</summary>
        </member>
        <member name="P:Google.Apis.Moderator.v1.TopicsResource.SubmissionsResource.ListRequest.MaxResults">
            <summary>Maximum number of results to return.</summary>
        </member>
        <member name="P:Google.Apis.Moderator.v1.TopicsResource.SubmissionsResource.ListRequest.Q">
            <summary>Search query.</summary>
        </member>
        <member name="P:Google.Apis.Moderator.v1.TopicsResource.SubmissionsResource.ListRequest.SeriesId">
            <summary>The decimal ID of the Series.</summary>
        </member>
        <member name="P:Google.Apis.Moderator.v1.TopicsResource.SubmissionsResource.ListRequest.Sort">
            <summary>Sort order.</summary>
        </member>
        <member name="P:Google.Apis.Moderator.v1.TopicsResource.SubmissionsResource.ListRequest.StartIndex">
            <summary>Index of the first result to be retrieved.</summary>
        </member>
        <member name="P:Google.Apis.Moderator.v1.TopicsResource.SubmissionsResource.ListRequest.TopicId">
            <summary>The decimal ID of the Topic within the Series.</summary>
        </member>
        <member name="P:Google.Apis.Moderator.v1.TopicsResource.GetRequest.SeriesId">
            <summary>The decimal ID of the Series.</summary>
        </member>
        <member name="P:Google.Apis.Moderator.v1.TopicsResource.GetRequest.TopicId">
            <summary>The decimal ID of the Topic within the Series.</summary>
        </member>
        <member name="P:Google.Apis.Moderator.v1.TopicsResource.InsertRequest.SeriesId">
            <summary>The decimal ID of the Series.</summary>
        </member>
        <member name="P:Google.Apis.Moderator.v1.TopicsResource.InsertRequest.Body">
            <summary>Gets/Sets the Body of this Request.</summary>
        </member>
        <member name="P:Google.Apis.Moderator.v1.TopicsResource.ListRequest.MaxResults">
            <summary>Maximum number of results to return.</summary>
        </member>
        <member name="P:Google.Apis.Moderator.v1.TopicsResource.ListRequest.Q">
            <summary>Search query.</summary>
        </member>
        <member name="P:Google.Apis.Moderator.v1.TopicsResource.ListRequest.SeriesId">
            <summary>The decimal ID of the Series.</summary>
        </member>
        <member name="P:Google.Apis.Moderator.v1.TopicsResource.ListRequest.StartIndex">
            <summary>Index of the first result to be retrieved.</summary>
        </member>
        <member name="P:Google.Apis.Moderator.v1.TopicsResource.UpdateRequest.SeriesId">
            <summary>The decimal ID of the Series.</summary>
        </member>
        <member name="P:Google.Apis.Moderator.v1.TopicsResource.UpdateRequest.TopicId">
            <summary>The decimal ID of the Topic within the Series.</summary>
        </member>
        <member name="P:Google.Apis.Moderator.v1.TopicsResource.UpdateRequest.Body">
            <summary>Gets/Sets the Body of this Request.</summary>
        </member>
        <member name="M:Google.Apis.Moderator.v1.VotesResource.Get(System.Int64,System.Int64)">
            <summary>Returns the votes by the authenticated user for the specified submission within the specified series.</summary>
            <param name="seriesId">Required - The decimal ID of the Series.</param>
            <param name="submissionId">Required - The decimal ID of the Submission within the Series.</param>
        </member>
        <member name="M:Google.Apis.Moderator.v1.VotesResource.Insert(Google.Apis.Moderator.v1.Data.Vote,System.Int64,System.Int64)">
            <summary>Inserts a new vote by the authenticated user for the specified submission within the specified series.</summary>
            <param name="seriesId">Required - The decimal ID of the Series.</param>
            <param name="submissionId">Required - The decimal ID of the Submission within the Series.</param>
        </member>
        <member name="M:Google.Apis.Moderator.v1.VotesResource.List(System.Int64)">
            <summary>Lists the votes by the authenticated user for the given series.</summary>
            <param name="seriesId">Required - The decimal ID of the Series.</param>
        </member>
        <member name="M:Google.Apis.Moderator.v1.VotesResource.Patch(Google.Apis.Moderator.v1.Data.Vote,System.Int64,System.Int64)">
            <summary>Updates the votes by the authenticated user for the specified submission within the specified series. This method supports patch semantics.</summary>
            <param name="seriesId">Required - The decimal ID of the Series.</param>
            <param name="submissionId">Required - The decimal ID of the Submission within the Series.</param>
        </member>
        <member name="M:Google.Apis.Moderator.v1.VotesResource.Update(Google.Apis.Moderator.v1.Data.Vote,System.Int64,System.Int64)">
            <summary>Updates the votes by the authenticated user for the specified submission within the specified series.</summary>
            <param name="seriesId">Required - The decimal ID of the Series.</param>
            <param name="submissionId">Required - The decimal ID of the Submission within the Series.</param>
        </member>
        <member name="P:Google.Apis.Moderator.v1.VotesResource.GetRequest.SeriesId">
            <summary>The decimal ID of the Series.</summary>
        </member>
        <member name="P:Google.Apis.Moderator.v1.VotesResource.GetRequest.SubmissionId">
            <summary>The decimal ID of the Submission within the Series.</summary>
        </member>
        <member name="P:Google.Apis.Moderator.v1.VotesResource.InsertRequest.SeriesId">
            <summary>The decimal ID of the Series.</summary>
        </member>
        <member name="P:Google.Apis.Moderator.v1.VotesResource.InsertRequest.SubmissionId">
            <summary>The decimal ID of the Submission within the Series.</summary>
        </member>
        <member name="P:Google.Apis.Moderator.v1.VotesResource.InsertRequest.Body">
            <summary>Gets/Sets the Body of this Request.</summary>
        </member>
        <member name="P:Google.Apis.Moderator.v1.VotesResource.ListRequest.MaxResults">
            <summary>Maximum number of results to return.</summary>
        </member>
        <member name="P:Google.Apis.Moderator.v1.VotesResource.ListRequest.SeriesId">
            <summary>The decimal ID of the Series.</summary>
        </member>
        <member name="P:Google.Apis.Moderator.v1.VotesResource.ListRequest.StartIndex">
            <summary>Index of the first result to be retrieved.</summary>
        </member>
        <member name="P:Google.Apis.Moderator.v1.VotesResource.PatchRequest.SeriesId">
            <summary>The decimal ID of the Series.</summary>
        </member>
        <member name="P:Google.Apis.Moderator.v1.VotesResource.PatchRequest.SubmissionId">
            <summary>The decimal ID of the Submission within the Series.</summary>
        </member>
        <member name="P:Google.Apis.Moderator.v1.VotesResource.PatchRequest.Body">
            <summary>Gets/Sets the Body of this Request.</summary>
        </member>
        <member name="P:Google.Apis.Moderator.v1.VotesResource.UpdateRequest.SeriesId">
            <summary>The decimal ID of the Series.</summary>
        </member>
        <member name="P:Google.Apis.Moderator.v1.VotesResource.UpdateRequest.SubmissionId">
            <summary>The decimal ID of the Submission within the Series.</summary>
        </member>
        <member name="P:Google.Apis.Moderator.v1.VotesResource.UpdateRequest.Body">
            <summary>Gets/Sets the Body of this Request.</summary>
        </member>
    </members>
</doc>
