<?xml version="1.0"?>
<doc>
    <assembly>
        <name>Google.Apis.Discovery.v1</name>
    </assembly>
    <members>
        <member name="P:Google.Apis.Discovery.v1.Data.DirectoryList.DiscoveryVersion">
            <summary>Indicate the version of the Discovery API used to generate this doc.</summary>
        </member>
        <member name="P:Google.Apis.Discovery.v1.Data.DirectoryList.Items">
            <summary>The individual directory entries. One entry per api/version pair.</summary>
        </member>
        <member name="P:Google.Apis.Discovery.v1.Data.DirectoryList.Kind">
            <summary>The kind for this response.</summary>
        </member>
        <member name="P:Google.Apis.Discovery.v1.Data.DirectoryList.ETag">
            <summary>The ETag of the item.</summary>
        </member>
        <member name="P:Google.Apis.Discovery.v1.Data.DirectoryList.ItemsData.Description">
            <summary>The description of this API.</summary>
        </member>
        <member name="P:Google.Apis.Discovery.v1.Data.DirectoryList.ItemsData.DiscoveryLink">
            <summary>A link to the discovery document.</summary>
        </member>
        <member name="P:Google.Apis.Discovery.v1.Data.DirectoryList.ItemsData.DiscoveryRestUrl">
            <summary>The URL for the discovery REST document.</summary>
        </member>
        <member name="P:Google.Apis.Discovery.v1.Data.DirectoryList.ItemsData.DocumentationLink">
            <summary>A link to human readable documentation for the API.</summary>
        </member>
        <member name="P:Google.Apis.Discovery.v1.Data.DirectoryList.ItemsData.Icons">
            <summary>Links to 16x16 and 32x32 icons representing the API.</summary>
        </member>
        <member name="P:Google.Apis.Discovery.v1.Data.DirectoryList.ItemsData.Id">
            <summary>The id of this API.</summary>
        </member>
        <member name="P:Google.Apis.Discovery.v1.Data.DirectoryList.ItemsData.Kind">
            <summary>The kind for this response.</summary>
        </member>
        <member name="P:Google.Apis.Discovery.v1.Data.DirectoryList.ItemsData.Labels">
            <summary>Labels for the status of this API, such as labs or deprecated.</summary>
        </member>
        <member name="P:Google.Apis.Discovery.v1.Data.DirectoryList.ItemsData.Name">
            <summary>The name of the API.</summary>
        </member>
        <member name="P:Google.Apis.Discovery.v1.Data.DirectoryList.ItemsData.Preferred">
            <summary>True if this version is the preferred version to use.</summary>
        </member>
        <member name="P:Google.Apis.Discovery.v1.Data.DirectoryList.ItemsData.Title">
            <summary>The title of this API.</summary>
        </member>
        <member name="P:Google.Apis.Discovery.v1.Data.DirectoryList.ItemsData.Version">
            <summary>The version of the API.</summary>
        </member>
        <member name="T:Google.Apis.Discovery.v1.Data.DirectoryList.ItemsData.IconsData">
            <summary>Links to 16x16 and 32x32 icons representing the API.</summary>
        </member>
        <member name="P:Google.Apis.Discovery.v1.Data.DirectoryList.ItemsData.IconsData.X16">
            <summary>The URL of the 16x16 icon.</summary>
        </member>
        <member name="P:Google.Apis.Discovery.v1.Data.DirectoryList.ItemsData.IconsData.X32">
            <summary>The URL of the 32x32 icon.</summary>
        </member>
        <member name="P:Google.Apis.Discovery.v1.Data.JsonSchema.Ref">
            <summary>A reference to another schema. The value of this property is the "id" of another schema.</summary>
        </member>
        <member name="P:Google.Apis.Discovery.v1.Data.JsonSchema.AdditionalProperties">
            <summary>If this is a schema for an object, this property is the schema for any additional properties with
            dynamic keys on this object.</summary>
        </member>
        <member name="P:Google.Apis.Discovery.v1.Data.JsonSchema.Annotations">
            <summary>Additional information about this property.</summary>
        </member>
        <member name="P:Google.Apis.Discovery.v1.Data.JsonSchema.Default">
            <summary>The default value of this property (if one exists).</summary>
        </member>
        <member name="P:Google.Apis.Discovery.v1.Data.JsonSchema.Description">
            <summary>A description of this object.</summary>
        </member>
        <member name="P:Google.Apis.Discovery.v1.Data.JsonSchema.Enum">
            <summary>Values this parameter may take (if it is an enum).</summary>
        </member>
        <member name="P:Google.Apis.Discovery.v1.Data.JsonSchema.EnumDescriptions">
            <summary>The descriptions for the enums. Each position maps to the corresponding value in the "enum"
            array.</summary>
        </member>
        <member name="P:Google.Apis.Discovery.v1.Data.JsonSchema.Format">
            <summary>An additional regular expression or key that helps constrain the value. For more details see:
            http://tools.ietf.org/html/draft-zyp-json-schema-03#section-5.23</summary>
        </member>
        <member name="P:Google.Apis.Discovery.v1.Data.JsonSchema.Id">
            <summary>Unique identifier for this schema.</summary>
        </member>
        <member name="P:Google.Apis.Discovery.v1.Data.JsonSchema.Items">
            <summary>If this is a schema for an array, this property is the schema for each element in the
            array.</summary>
        </member>
        <member name="P:Google.Apis.Discovery.v1.Data.JsonSchema.Location">
            <summary>Whether this parameter goes in the query or the path for REST requests.</summary>
        </member>
        <member name="P:Google.Apis.Discovery.v1.Data.JsonSchema.Maximum">
            <summary>The maximum value of this parameter.</summary>
        </member>
        <member name="P:Google.Apis.Discovery.v1.Data.JsonSchema.Minimum">
            <summary>The minimum value of this parameter.</summary>
        </member>
        <member name="P:Google.Apis.Discovery.v1.Data.JsonSchema.Pattern">
            <summary>The regular expression this parameter must conform to. Uses Java 6 regex format:
            http://docs.oracle.com/javase/6/docs/api/java/util/regex/Pattern.html</summary>
        </member>
        <member name="P:Google.Apis.Discovery.v1.Data.JsonSchema.Properties">
            <summary>If this is a schema for an object, list the schema for each property of this object.</summary>
        </member>
        <member name="P:Google.Apis.Discovery.v1.Data.JsonSchema.ReadOnly">
            <summary>The value is read-only, generated by the service. The value cannot be modified by the client. If
            the value is included in a POST, PUT, or PATCH request, it is ignored by the service.</summary>
        </member>
        <member name="P:Google.Apis.Discovery.v1.Data.JsonSchema.Repeated">
            <summary>Whether this parameter may appear multiple times.</summary>
        </member>
        <member name="P:Google.Apis.Discovery.v1.Data.JsonSchema.Required">
            <summary>Whether the parameter is required.</summary>
        </member>
        <member name="P:Google.Apis.Discovery.v1.Data.JsonSchema.Type">
            <summary>The value type for this schema. A list of values can be found here: http://tools.ietf.org/html
            /draft-zyp-json-schema-03#section-5.1</summary>
        </member>
        <member name="P:Google.Apis.Discovery.v1.Data.JsonSchema.Variant">
            <summary>In a variant data type, the value of one property is used to determine how to interpret the entire
            entity. Its value must exist in a map of descriminant values to schema names.</summary>
        </member>
        <member name="P:Google.Apis.Discovery.v1.Data.JsonSchema.ETag">
            <summary>The ETag of the item.</summary>
        </member>
        <member name="T:Google.Apis.Discovery.v1.Data.JsonSchema.AnnotationsData">
            <summary>Additional information about this property.</summary>
        </member>
        <member name="P:Google.Apis.Discovery.v1.Data.JsonSchema.AnnotationsData.Required">
            <summary>A list of methods for which this property is required on requests.</summary>
        </member>
        <member name="T:Google.Apis.Discovery.v1.Data.JsonSchema.VariantData">
            <summary>In a variant data type, the value of one property is used to determine how to interpret the entire
            entity. Its value must exist in a map of descriminant values to schema names.</summary>
        </member>
        <member name="P:Google.Apis.Discovery.v1.Data.JsonSchema.VariantData.Discriminant">
            <summary>The name of the type discriminant property.</summary>
        </member>
        <member name="P:Google.Apis.Discovery.v1.Data.JsonSchema.VariantData.Map">
            <summary>The map of discriminant value to schema to use for parsing..</summary>
        </member>
        <member name="P:Google.Apis.Discovery.v1.Data.RestDescription.Auth">
            <summary>Authentication information.</summary>
        </member>
        <member name="P:Google.Apis.Discovery.v1.Data.RestDescription.BasePath">
            <summary>[DEPRECATED] The base path for REST requests.</summary>
        </member>
        <member name="P:Google.Apis.Discovery.v1.Data.RestDescription.BaseUrl">
            <summary>[DEPRECATED] The base URL for REST requests.</summary>
        </member>
        <member name="P:Google.Apis.Discovery.v1.Data.RestDescription.BatchPath">
            <summary>The path for REST batch requests.</summary>
        </member>
        <member name="P:Google.Apis.Discovery.v1.Data.RestDescription.CanonicalName">
            <summary>Indicates how the API name should be capitalized and split into various parts. Useful for
            generating pretty class names.</summary>
        </member>
        <member name="P:Google.Apis.Discovery.v1.Data.RestDescription.Description">
            <summary>The description of this API.</summary>
        </member>
        <member name="P:Google.Apis.Discovery.v1.Data.RestDescription.DiscoveryVersion">
            <summary>Indicate the version of the Discovery API used to generate this doc.</summary>
        </member>
        <member name="P:Google.Apis.Discovery.v1.Data.RestDescription.DocumentationLink">
            <summary>A link to human readable documentation for the API.</summary>
        </member>
        <member name="P:Google.Apis.Discovery.v1.Data.RestDescription.ETag">
            <summary>The ETag for this response.</summary>
        </member>
        <member name="P:Google.Apis.Discovery.v1.Data.RestDescription.Features">
            <summary>A list of supported features for this API.</summary>
        </member>
        <member name="P:Google.Apis.Discovery.v1.Data.RestDescription.Icons">
            <summary>Links to 16x16 and 32x32 icons representing the API.</summary>
        </member>
        <member name="P:Google.Apis.Discovery.v1.Data.RestDescription.Id">
            <summary>The ID of this API.</summary>
        </member>
        <member name="P:Google.Apis.Discovery.v1.Data.RestDescription.Kind">
            <summary>The kind for this response.</summary>
        </member>
        <member name="P:Google.Apis.Discovery.v1.Data.RestDescription.Labels">
            <summary>Labels for the status of this API, such as labs or deprecated.</summary>
        </member>
        <member name="P:Google.Apis.Discovery.v1.Data.RestDescription.Methods">
            <summary>API-level methods for this API.</summary>
        </member>
        <member name="P:Google.Apis.Discovery.v1.Data.RestDescription.Name">
            <summary>The name of this API.</summary>
        </member>
        <member name="P:Google.Apis.Discovery.v1.Data.RestDescription.OwnerDomain">
            <summary>The domain of the owner of this API. Together with the ownerName and a packagePath values, this can
            be used to generate a library for this API which would have a unique fully qualified name.</summary>
        </member>
        <member name="P:Google.Apis.Discovery.v1.Data.RestDescription.OwnerName">
            <summary>The name of the owner of this API. See ownerDomain.</summary>
        </member>
        <member name="P:Google.Apis.Discovery.v1.Data.RestDescription.PackagePath">
            <summary>The package of the owner of this API. See ownerDomain.</summary>
        </member>
        <member name="P:Google.Apis.Discovery.v1.Data.RestDescription.Parameters">
            <summary>Common parameters that apply across all apis.</summary>
        </member>
        <member name="P:Google.Apis.Discovery.v1.Data.RestDescription.Protocol">
            <summary>The protocol described by this document.</summary>
        </member>
        <member name="P:Google.Apis.Discovery.v1.Data.RestDescription.Resources">
            <summary>The resources in this API.</summary>
        </member>
        <member name="P:Google.Apis.Discovery.v1.Data.RestDescription.Revision">
            <summary>The version of this API.</summary>
        </member>
        <member name="P:Google.Apis.Discovery.v1.Data.RestDescription.RootUrl">
            <summary>The root URL under which all API services live.</summary>
        </member>
        <member name="P:Google.Apis.Discovery.v1.Data.RestDescription.Schemas">
            <summary>The schemas for this API.</summary>
        </member>
        <member name="P:Google.Apis.Discovery.v1.Data.RestDescription.ServicePath">
            <summary>The base path for all REST requests.</summary>
        </member>
        <member name="P:Google.Apis.Discovery.v1.Data.RestDescription.Title">
            <summary>The title of this API.</summary>
        </member>
        <member name="P:Google.Apis.Discovery.v1.Data.RestDescription.Version">
            <summary>The version of this API.</summary>
        </member>
        <member name="T:Google.Apis.Discovery.v1.Data.RestDescription.AuthData">
            <summary>Authentication information.</summary>
        </member>
        <member name="P:Google.Apis.Discovery.v1.Data.RestDescription.AuthData.Oauth2">
            <summary>OAuth 2.0 authentication information.</summary>
        </member>
        <member name="T:Google.Apis.Discovery.v1.Data.RestDescription.AuthData.Oauth2Data">
            <summary>OAuth 2.0 authentication information.</summary>
        </member>
        <member name="P:Google.Apis.Discovery.v1.Data.RestDescription.AuthData.Oauth2Data.Scopes">
            <summary>Available OAuth 2.0 scopes.</summary>
        </member>
        <member name="T:Google.Apis.Discovery.v1.Data.RestDescription.AuthData.Oauth2Data.ScopesDataElement">
            <summary>The scope value.</summary>
        </member>
        <member name="P:Google.Apis.Discovery.v1.Data.RestDescription.AuthData.Oauth2Data.ScopesDataElement.Description">
            <summary>Description of scope.</summary>
        </member>
        <member name="T:Google.Apis.Discovery.v1.Data.RestDescription.IconsData">
            <summary>Links to 16x16 and 32x32 icons representing the API.</summary>
        </member>
        <member name="P:Google.Apis.Discovery.v1.Data.RestDescription.IconsData.X16">
            <summary>The URL of the 16x16 icon.</summary>
        </member>
        <member name="P:Google.Apis.Discovery.v1.Data.RestDescription.IconsData.X32">
            <summary>The URL of the 32x32 icon.</summary>
        </member>
        <member name="P:Google.Apis.Discovery.v1.Data.RestMethod.Description">
            <summary>Description of this method.</summary>
        </member>
        <member name="P:Google.Apis.Discovery.v1.Data.RestMethod.EtagRequired">
            <summary>Whether this method requires an ETag to be specified. The ETag is sent as an HTTP If-Match or If-
            None-Match header.</summary>
        </member>
        <member name="P:Google.Apis.Discovery.v1.Data.RestMethod.HttpMethod">
            <summary>HTTP method used by this method.</summary>
        </member>
        <member name="P:Google.Apis.Discovery.v1.Data.RestMethod.Id">
            <summary>A unique ID for this method. This property can be used to match methods between different versions
            of Discovery.</summary>
        </member>
        <member name="P:Google.Apis.Discovery.v1.Data.RestMethod.MediaUpload">
            <summary>Media upload parameters.</summary>
        </member>
        <member name="P:Google.Apis.Discovery.v1.Data.RestMethod.ParameterOrder">
            <summary>Ordered list of required parameters, serves as a hint to clients on how to structure their method
            signatures. The array is ordered such that the "most-significant" parameter appears first.</summary>
        </member>
        <member name="P:Google.Apis.Discovery.v1.Data.RestMethod.Parameters">
            <summary>Details for all parameters in this method.</summary>
        </member>
        <member name="P:Google.Apis.Discovery.v1.Data.RestMethod.Path">
            <summary>The URI path of this REST method. Should be used in conjunction with the basePath property at the
            api-level.</summary>
        </member>
        <member name="P:Google.Apis.Discovery.v1.Data.RestMethod.Request">
            <summary>The schema for the request.</summary>
        </member>
        <member name="P:Google.Apis.Discovery.v1.Data.RestMethod.Response">
            <summary>The schema for the response.</summary>
        </member>
        <member name="P:Google.Apis.Discovery.v1.Data.RestMethod.Scopes">
            <summary>OAuth 2.0 scopes applicable to this method.</summary>
        </member>
        <member name="P:Google.Apis.Discovery.v1.Data.RestMethod.SupportsMediaDownload">
            <summary>Whether this method supports media downloads.</summary>
        </member>
        <member name="P:Google.Apis.Discovery.v1.Data.RestMethod.SupportsMediaUpload">
            <summary>Whether this method supports media uploads.</summary>
        </member>
        <member name="P:Google.Apis.Discovery.v1.Data.RestMethod.SupportsSubscription">
            <summary>Whether this method supports subscriptions.</summary>
        </member>
        <member name="P:Google.Apis.Discovery.v1.Data.RestMethod.ETag">
            <summary>The ETag of the item.</summary>
        </member>
        <member name="T:Google.Apis.Discovery.v1.Data.RestMethod.MediaUploadData">
            <summary>Media upload parameters.</summary>
        </member>
        <member name="P:Google.Apis.Discovery.v1.Data.RestMethod.MediaUploadData.Accept">
            <summary>MIME Media Ranges for acceptable media uploads to this method.</summary>
        </member>
        <member name="P:Google.Apis.Discovery.v1.Data.RestMethod.MediaUploadData.MaxSize">
            <summary>Maximum size of a media upload, such as "1MB", "2GB" or "3TB".</summary>
        </member>
        <member name="P:Google.Apis.Discovery.v1.Data.RestMethod.MediaUploadData.Protocols">
            <summary>Supported upload protocols.</summary>
        </member>
        <member name="T:Google.Apis.Discovery.v1.Data.RestMethod.MediaUploadData.ProtocolsData">
            <summary>Supported upload protocols.</summary>
        </member>
        <member name="P:Google.Apis.Discovery.v1.Data.RestMethod.MediaUploadData.ProtocolsData.Resumable">
            <summary>Supports the Resumable Media Upload protocol.</summary>
        </member>
        <member name="P:Google.Apis.Discovery.v1.Data.RestMethod.MediaUploadData.ProtocolsData.Simple">
            <summary>Supports uploading as a single HTTP request.</summary>
        </member>
        <member name="T:Google.Apis.Discovery.v1.Data.RestMethod.MediaUploadData.ProtocolsData.ResumableData">
            <summary>Supports the Resumable Media Upload protocol.</summary>
        </member>
        <member name="P:Google.Apis.Discovery.v1.Data.RestMethod.MediaUploadData.ProtocolsData.ResumableData.Multipart">
            <summary>True if this endpoint supports uploading multipart media.</summary>
        </member>
        <member name="P:Google.Apis.Discovery.v1.Data.RestMethod.MediaUploadData.ProtocolsData.ResumableData.Path">
            <summary>The URI path to be used for upload. Should be used in conjunction with the basePath
            property at the api-level.</summary>
        </member>
        <member name="T:Google.Apis.Discovery.v1.Data.RestMethod.MediaUploadData.ProtocolsData.SimpleData">
            <summary>Supports uploading as a single HTTP request.</summary>
        </member>
        <member name="P:Google.Apis.Discovery.v1.Data.RestMethod.MediaUploadData.ProtocolsData.SimpleData.Multipart">
            <summary>True if this endpoint supports upload multipart media.</summary>
        </member>
        <member name="P:Google.Apis.Discovery.v1.Data.RestMethod.MediaUploadData.ProtocolsData.SimpleData.Path">
            <summary>The URI path to be used for upload. Should be used in conjunction with the basePath
            property at the api-level.</summary>
        </member>
        <member name="T:Google.Apis.Discovery.v1.Data.RestMethod.RequestData">
            <summary>The schema for the request.</summary>
        </member>
        <member name="P:Google.Apis.Discovery.v1.Data.RestMethod.RequestData.Ref">
            <summary>Schema ID for the request schema.</summary>
        </member>
        <member name="P:Google.Apis.Discovery.v1.Data.RestMethod.RequestData.ParameterName">
            <summary>parameter name.</summary>
        </member>
        <member name="T:Google.Apis.Discovery.v1.Data.RestMethod.ResponseData">
            <summary>The schema for the response.</summary>
        </member>
        <member name="P:Google.Apis.Discovery.v1.Data.RestMethod.ResponseData.Ref">
            <summary>Schema ID for the response schema.</summary>
        </member>
        <member name="P:Google.Apis.Discovery.v1.Data.RestResource.Methods">
            <summary>Methods on this resource.</summary>
        </member>
        <member name="P:Google.Apis.Discovery.v1.Data.RestResource.Resources">
            <summary>Sub-resources on this resource.</summary>
        </member>
        <member name="P:Google.Apis.Discovery.v1.Data.RestResource.ETag">
            <summary>The ETag of the item.</summary>
        </member>
        <member name="T:Google.Apis.Discovery.v1.DiscoveryService">
            <summary>The Discovery Service.</summary>
        </member>
        <member name="F:Google.Apis.Discovery.v1.DiscoveryService.Version">
            <summary>The API version.</summary>
        </member>
        <member name="F:Google.Apis.Discovery.v1.DiscoveryService.DiscoveryVersionUsed">
            <summary>The discovery version used to generate this service.</summary>
        </member>
        <member name="M:Google.Apis.Discovery.v1.DiscoveryService.#ctor">
            <summary>Constructs a new service.</summary>
        </member>
        <member name="M:Google.Apis.Discovery.v1.DiscoveryService.#ctor(Google.Apis.Services.BaseClientService.Initializer)">
            <summary>Constructs a new service.</summary>
            <param name="initializer">The service initializer.</param>
        </member>
        <member name="P:Google.Apis.Discovery.v1.DiscoveryService.Features">
            <summary>Gets the service supported features.</summary>
        </member>
        <member name="P:Google.Apis.Discovery.v1.DiscoveryService.Name">
            <summary>Gets the service name.</summary>
        </member>
        <member name="P:Google.Apis.Discovery.v1.DiscoveryService.BaseUri">
            <summary>Gets the service base URI.</summary>
        </member>
        <member name="P:Google.Apis.Discovery.v1.DiscoveryService.BasePath">
            <summary>Gets the service base path.</summary>
        </member>
        <member name="P:Google.Apis.Discovery.v1.DiscoveryService.Apis">
            <summary>Gets the Apis resource.</summary>
        </member>
        <member name="T:Google.Apis.Discovery.v1.DiscoveryBaseServiceRequest`1">
            <summary>A base abstract class for Discovery requests.</summary>
        </member>
        <member name="M:Google.Apis.Discovery.v1.DiscoveryBaseServiceRequest`1.#ctor(Google.Apis.Services.IClientService)">
            <summary>Constructs a new DiscoveryBaseServiceRequest instance.</summary>
        </member>
        <member name="M:Google.Apis.Discovery.v1.DiscoveryBaseServiceRequest`1.InitParameters">
            <summary>Initializes Discovery parameter list.</summary>
        </member>
        <member name="P:Google.Apis.Discovery.v1.DiscoveryBaseServiceRequest`1.Alt">
            <summary>Data format for the response.</summary>
            [default: json]
        </member>
        <member name="P:Google.Apis.Discovery.v1.DiscoveryBaseServiceRequest`1.Fields">
            <summary>Selector specifying which fields to include in a partial response.</summary>
        </member>
        <member name="P:Google.Apis.Discovery.v1.DiscoveryBaseServiceRequest`1.Key">
            <summary>API key. Your API key identifies your project and provides you with API access, quota, and reports.
            Required unless you provide an OAuth 2.0 token.</summary>
        </member>
        <member name="P:Google.Apis.Discovery.v1.DiscoveryBaseServiceRequest`1.OauthToken">
            <summary>OAuth 2.0 token for the current user.</summary>
        </member>
        <member name="P:Google.Apis.Discovery.v1.DiscoveryBaseServiceRequest`1.PrettyPrint">
            <summary>Returns response with indentations and line breaks.</summary>
            [default: true]
        </member>
        <member name="P:Google.Apis.Discovery.v1.DiscoveryBaseServiceRequest`1.QuotaUser">
            <summary>Available to use for quota purposes for server-side applications. Can be any arbitrary string
            assigned to a user, but should not exceed 40 characters. Overrides userIp if both are provided.</summary>
        </member>
        <member name="P:Google.Apis.Discovery.v1.DiscoveryBaseServiceRequest`1.UserIp">
            <summary>IP address of the site where the request originates. Use this if you want to enforce per-user
            limits.</summary>
        </member>
        <member name="T:Google.Apis.Discovery.v1.DiscoveryBaseServiceRequest`1.AltEnum">
            <summary>Data format for the response.</summary>
        </member>
        <member name="F:Google.Apis.Discovery.v1.DiscoveryBaseServiceRequest`1.AltEnum.Json">
            <summary>Responses with Content-Type of application/json</summary>
        </member>
        <member name="T:Google.Apis.Discovery.v1.ApisResource">
            <summary>The "apis" collection of methods.</summary>
        </member>
        <member name="F:Google.Apis.Discovery.v1.ApisResource.service">
            <summary>The service which this resource belongs to.</summary>
        </member>
        <member name="M:Google.Apis.Discovery.v1.ApisResource.#ctor(Google.Apis.Services.IClientService)">
            <summary>Constructs a new resource.</summary>
        </member>
        <member name="M:Google.Apis.Discovery.v1.ApisResource.GetRest(System.String,System.String)">
            <summary>Retrieve the description of a particular version of an api.</summary>
            <param name="api">The name of the API.</param>
            <param name="version">The version of the API.</param>
        </member>
        <member name="M:Google.Apis.Discovery.v1.ApisResource.List">
            <summary>Retrieve the list of APIs supported at this endpoint.</summary>
        </member>
        <member name="T:Google.Apis.Discovery.v1.ApisResource.GetRestRequest">
            <summary>Retrieve the description of a particular version of an api.</summary>
        </member>
        <member name="M:Google.Apis.Discovery.v1.ApisResource.GetRestRequest.#ctor(Google.Apis.Services.IClientService,System.String,System.String)">
            <summary>Constructs a new GetRest request.</summary>
        </member>
        <member name="M:Google.Apis.Discovery.v1.ApisResource.GetRestRequest.InitParameters">
            <summary>Initializes GetRest parameter list.</summary>
        </member>
        <member name="P:Google.Apis.Discovery.v1.ApisResource.GetRestRequest.Api">
            <summary>The name of the API.</summary>
        </member>
        <member name="P:Google.Apis.Discovery.v1.ApisResource.GetRestRequest.Version">
            <summary>The version of the API.</summary>
        </member>
        <member name="P:Google.Apis.Discovery.v1.ApisResource.GetRestRequest.MethodName">
            <summary>Gets the method name.</summary>
        </member>
        <member name="P:Google.Apis.Discovery.v1.ApisResource.GetRestRequest.HttpMethod">
            <summary>Gets the HTTP method.</summary>
        </member>
        <member name="P:Google.Apis.Discovery.v1.ApisResource.GetRestRequest.RestPath">
            <summary>Gets the REST path.</summary>
        </member>
        <member name="T:Google.Apis.Discovery.v1.ApisResource.ListRequest">
            <summary>Retrieve the list of APIs supported at this endpoint.</summary>
        </member>
        <member name="M:Google.Apis.Discovery.v1.ApisResource.ListRequest.#ctor(Google.Apis.Services.IClientService)">
            <summary>Constructs a new List request.</summary>
        </member>
        <member name="M:Google.Apis.Discovery.v1.ApisResource.ListRequest.InitParameters">
            <summary>Initializes List parameter list.</summary>
        </member>
        <member name="P:Google.Apis.Discovery.v1.ApisResource.ListRequest.Name">
            <summary>Only include APIs with the given name.</summary>
        </member>
        <member name="P:Google.Apis.Discovery.v1.ApisResource.ListRequest.Preferred">
            <summary>Return only the preferred version of an API.</summary>
            [default: false]
        </member>
        <member name="P:Google.Apis.Discovery.v1.ApisResource.ListRequest.MethodName">
            <summary>Gets the method name.</summary>
        </member>
        <member name="P:Google.Apis.Discovery.v1.ApisResource.ListRequest.HttpMethod">
            <summary>Gets the HTTP method.</summary>
        </member>
        <member name="P:Google.Apis.Discovery.v1.ApisResource.ListRequest.RestPath">
            <summary>Gets the REST path.</summary>
        </member>
    </members>
</doc>
