<?xml version="1.0"?>
<doc>
    <assembly>
        <name>Google.Apis.Youtube.v3alpha</name>
    </assembly>
    <members>
        <member name="T:Google.Apis.Youtube.v3alpha.Data.Channel">
            <summary>JSON template for a YouTube Channel.</summary>
        </member>
        <member name="P:Google.Apis.Youtube.v3alpha.Data.Channel.ContentDetails">
            <summary>JSON template for the content details part of a channel.</summary>
        </member>
        <member name="P:Google.Apis.Youtube.v3alpha.Data.Channel.ETag">
            <summary>The eTag of the channel.</summary>
        </member>
        <member name="P:Google.Apis.Youtube.v3alpha.Data.Channel.Id">
            <summary>The unique ID of the channel.</summary>
        </member>
        <member name="P:Google.Apis.Youtube.v3alpha.Data.Channel.Kind">
            <summary>The type of this API resource.</summary>
        </member>
        <member name="P:Google.Apis.Youtube.v3alpha.Data.Channel.Snippet">
            <summary>JSON template for the snippet part of a channel.</summary>
        </member>
        <member name="P:Google.Apis.Youtube.v3alpha.Data.Channel.Statistics">
            <summary>JSON template for the statistics part of a channel.</summary>
        </member>
        <member name="T:Google.Apis.Youtube.v3alpha.Data.ChannelContentDetails">
            <summary>JSON template for the content details part of a channel.</summary>
        </member>
        <member name="P:Google.Apis.Youtube.v3alpha.Data.ChannelContentDetails.PrivacyStatus">
            <summary>Privacy status of the channel.</summary>
        </member>
        <member name="P:Google.Apis.Youtube.v3alpha.Data.ChannelContentDetails.Uploads">
            <summary>The ID of the playlist containing the uploads of this channel.</summary>
        </member>
        <member name="T:Google.Apis.Youtube.v3alpha.Data.ChannelListResponse">
            <summary>JSON template for a ChannelService.List() response.</summary>
        </member>
        <member name="P:Google.Apis.Youtube.v3alpha.Data.ChannelListResponse.Channels">
            <summary>Map of channels matching the request criteria, keyed by channel id.</summary>
        </member>
        <member name="P:Google.Apis.Youtube.v3alpha.Data.ChannelListResponse.ETag">
            <summary>The eTag of the response.</summary>
        </member>
        <member name="P:Google.Apis.Youtube.v3alpha.Data.ChannelListResponse.Kind">
            <summary>The type of this API response.</summary>
        </member>
        <member name="T:Google.Apis.Youtube.v3alpha.Data.ChannelListResponse.ChannelsData">
            <summary>Map of channels matching the request criteria, keyed by channel id.</summary>
        </member>
        <member name="T:Google.Apis.Youtube.v3alpha.Data.ChannelSnippet">
            <summary>JSON template for the snippet part of a channel.</summary>
        </member>
        <member name="P:Google.Apis.Youtube.v3alpha.Data.ChannelSnippet.Description">
            <summary>Description of the channel.</summary>
        </member>
        <member name="P:Google.Apis.Youtube.v3alpha.Data.ChannelSnippet.Thumbnails">
            <summary>Channel thumbnails.</summary>
        </member>
        <member name="P:Google.Apis.Youtube.v3alpha.Data.ChannelSnippet.Title">
            <summary>Title of the channel.</summary>
        </member>
        <member name="T:Google.Apis.Youtube.v3alpha.Data.ChannelSnippet.ThumbnailsData">
            <summary>Channel thumbnails.</summary>
        </member>
        <member name="T:Google.Apis.Youtube.v3alpha.Data.ChannelStatistics">
            <summary>JSON template for the statistics part of a channel.</summary>
        </member>
        <member name="P:Google.Apis.Youtube.v3alpha.Data.ChannelStatistics.CommentCount">
            <summary>Number of comments for this channel.</summary>
        </member>
        <member name="P:Google.Apis.Youtube.v3alpha.Data.ChannelStatistics.SubscriberCount">
            <summary>Number of subscribers to this channel.</summary>
        </member>
        <member name="P:Google.Apis.Youtube.v3alpha.Data.ChannelStatistics.VideoCount">
            <summary>Number of videos in the channel.</summary>
        </member>
        <member name="P:Google.Apis.Youtube.v3alpha.Data.ChannelStatistics.ViewCount">
            <summary>Number of times the channel has been viewed.</summary>
        </member>
        <member name="T:Google.Apis.Youtube.v3alpha.Data.PageInfo">
            <summary>JSON template for a page info.</summary>
        </member>
        <member name="P:Google.Apis.Youtube.v3alpha.Data.PageInfo.ResultPerPage">
            <summary>The number of results to display for each page.</summary>
        </member>
        <member name="P:Google.Apis.Youtube.v3alpha.Data.PageInfo.StartIndex">
            <summary>The index position of the first result to display.</summary>
        </member>
        <member name="P:Google.Apis.Youtube.v3alpha.Data.PageInfo.TotalResults">
            <summary>The total number of results.</summary>
        </member>
        <member name="T:Google.Apis.Youtube.v3alpha.Data.Playlist">
            <summary>JSON template for a YouTube Playlist.</summary>
        </member>
        <member name="P:Google.Apis.Youtube.v3alpha.Data.Playlist.ETag">
            <summary>The eTag of the playlist.</summary>
        </member>
        <member name="P:Google.Apis.Youtube.v3alpha.Data.Playlist.Id">
            <summary>The unique id of the playlist.</summary>
        </member>
        <member name="P:Google.Apis.Youtube.v3alpha.Data.Playlist.Kind">
            <summary>The type of this API resource.</summary>
        </member>
        <member name="P:Google.Apis.Youtube.v3alpha.Data.Playlist.Snippet">
            <summary>JSON template for the snippet part of a playlist.</summary>
        </member>
        <member name="T:Google.Apis.Youtube.v3alpha.Data.PlaylistItem">
            <summary>JSON template for a YouTube Playlist item.</summary>
        </member>
        <member name="P:Google.Apis.Youtube.v3alpha.Data.PlaylistItem.ContentDetails">
            <summary>JSON template for the content details part of a playlist item.</summary>
        </member>
        <member name="P:Google.Apis.Youtube.v3alpha.Data.PlaylistItem.ETag">
            <summary>The eTag of the playlist item.</summary>
        </member>
        <member name="P:Google.Apis.Youtube.v3alpha.Data.PlaylistItem.Id">
            <summary>The unique id of the playlist item.</summary>
        </member>
        <member name="P:Google.Apis.Youtube.v3alpha.Data.PlaylistItem.Kind">
            <summary>The type of this API resource.</summary>
        </member>
        <member name="P:Google.Apis.Youtube.v3alpha.Data.PlaylistItem.Snippet">
            <summary>JSON template for the snippet part of a playlist item.</summary>
        </member>
        <member name="T:Google.Apis.Youtube.v3alpha.Data.PlaylistItemContentDetails">
            <summary>JSON template for the content details part of a playlist item.</summary>
        </member>
        <member name="P:Google.Apis.Youtube.v3alpha.Data.PlaylistItemContentDetails.EndAt">
            <summary>The time video playback ends.</summary>
        </member>
        <member name="P:Google.Apis.Youtube.v3alpha.Data.PlaylistItemContentDetails.Note">
            <summary>The user-generated note for this item.</summary>
        </member>
        <member name="P:Google.Apis.Youtube.v3alpha.Data.PlaylistItemContentDetails.StartAt">
            <summary>The time video playback begins.</summary>
        </member>
        <member name="P:Google.Apis.Youtube.v3alpha.Data.PlaylistItemContentDetails.VideoId">
            <summary>ID of the video.</summary>
        </member>
        <member name="T:Google.Apis.Youtube.v3alpha.Data.PlaylistItemListResponse">
            <summary>JSON template for a PlaylistItemService.List() response.</summary>
        </member>
        <member name="P:Google.Apis.Youtube.v3alpha.Data.PlaylistItemListResponse.ETag">
            <summary>The eTag of the response.</summary>
        </member>
        <member name="P:Google.Apis.Youtube.v3alpha.Data.PlaylistItemListResponse.Kind">
            <summary>The type of this API response.</summary>
        </member>
        <member name="P:Google.Apis.Youtube.v3alpha.Data.PlaylistItemListResponse.PlaylistItems">
            <summary>Map of playlist items matching the request criteria, keyed by id.</summary>
        </member>
        <member name="T:Google.Apis.Youtube.v3alpha.Data.PlaylistItemListResponse.PlaylistItemsData">
            <summary>Map of playlist items matching the request criteria, keyed by id.</summary>
        </member>
        <member name="T:Google.Apis.Youtube.v3alpha.Data.PlaylistItemSnippet">
            <summary>JSON template for the snippet part of a playlist item.</summary>
        </member>
        <member name="P:Google.Apis.Youtube.v3alpha.Data.PlaylistItemSnippet.ChannelId">
            <summary>Author of the playlist item.</summary>
        </member>
        <member name="P:Google.Apis.Youtube.v3alpha.Data.PlaylistItemSnippet.Description">
            <summary>Description of the playlist item.</summary>
        </member>
        <member name="P:Google.Apis.Youtube.v3alpha.Data.PlaylistItemSnippet.PlaylistId">
            <summary>The playlist the item is part of.</summary>
        </member>
        <member name="P:Google.Apis.Youtube.v3alpha.Data.PlaylistItemSnippet.Position">
            <summary>The position of the item within the playlist.</summary>
        </member>
        <member name="P:Google.Apis.Youtube.v3alpha.Data.PlaylistItemSnippet.PublishedAt">
            <summary>The date and time the playlist item was created.</summary>
        </member>
        <member name="P:Google.Apis.Youtube.v3alpha.Data.PlaylistItemSnippet.ResourceId">
            <summary>JSON template for a resource id.</summary>
        </member>
        <member name="P:Google.Apis.Youtube.v3alpha.Data.PlaylistItemSnippet.Title">
            <summary>Title of the playlist item.</summary>
        </member>
        <member name="T:Google.Apis.Youtube.v3alpha.Data.PlaylistListResponse">
            <summary>JSON template for a PlaylistService.List() response.</summary>
        </member>
        <member name="P:Google.Apis.Youtube.v3alpha.Data.PlaylistListResponse.ETag">
            <summary>The eTag of the response.</summary>
        </member>
        <member name="P:Google.Apis.Youtube.v3alpha.Data.PlaylistListResponse.Kind">
            <summary>The type of this API response.</summary>
        </member>
        <member name="P:Google.Apis.Youtube.v3alpha.Data.PlaylistListResponse.Playlists">
            <summary>Map of playlists matching the request criteria, keyed by id.</summary>
        </member>
        <member name="T:Google.Apis.Youtube.v3alpha.Data.PlaylistListResponse.PlaylistsData">
            <summary>Map of playlists matching the request criteria, keyed by id.</summary>
        </member>
        <member name="T:Google.Apis.Youtube.v3alpha.Data.PlaylistSnippet">
            <summary>JSON template for the snippet part of a playlist.</summary>
        </member>
        <member name="P:Google.Apis.Youtube.v3alpha.Data.PlaylistSnippet.ChannelId">
            <summary>Author of the playlist.</summary>
        </member>
        <member name="P:Google.Apis.Youtube.v3alpha.Data.PlaylistSnippet.Description">
            <summary>Description of the playlist.</summary>
        </member>
        <member name="P:Google.Apis.Youtube.v3alpha.Data.PlaylistSnippet.PublishedAt">
            <summary>The date and time the playlist was created.</summary>
        </member>
        <member name="P:Google.Apis.Youtube.v3alpha.Data.PlaylistSnippet.Tags">
            <summary>Textual tags associated with the playlist.</summary>
        </member>
        <member name="P:Google.Apis.Youtube.v3alpha.Data.PlaylistSnippet.Title">
            <summary>Title of the playlist.</summary>
        </member>
        <member name="T:Google.Apis.Youtube.v3alpha.Data.ResourceId">
            <summary>JSON template for a resource id.</summary>
        </member>
        <member name="P:Google.Apis.Youtube.v3alpha.Data.ResourceId.ChannelId">
            <summary>ID of the referred channel. Present only when type is &quot;CHANNEL&quot;.</summary>
        </member>
        <member name="P:Google.Apis.Youtube.v3alpha.Data.ResourceId.Kind">
            <summary>The kind of the referred resource.</summary>
        </member>
        <member name="P:Google.Apis.Youtube.v3alpha.Data.ResourceId.PlaylistId">
            <summary>ID of the referred playlist. Present only when type is &quot;PLAYLIST&quot;.</summary>
        </member>
        <member name="P:Google.Apis.Youtube.v3alpha.Data.ResourceId.VideoId">
            <summary>ID of the referred video. Present only when type is &quot;VIDEO&quot;.</summary>
        </member>
        <member name="T:Google.Apis.Youtube.v3alpha.Data.SearchListResponse">
            <summary>JSON template for a SearchService.List() response.</summary>
        </member>
        <member name="P:Google.Apis.Youtube.v3alpha.Data.SearchListResponse.ETag">
            <summary>The eTag of the response.</summary>
        </member>
        <member name="P:Google.Apis.Youtube.v3alpha.Data.SearchListResponse.Kind">
            <summary>The type of this API response.</summary>
        </member>
        <member name="P:Google.Apis.Youtube.v3alpha.Data.SearchListResponse.PageInfo">
            <summary>JSON template for a page info.</summary>
        </member>
        <member name="P:Google.Apis.Youtube.v3alpha.Data.SearchListResponse.SearchResults">
            <summary>List of results matching the request criteria.</summary>
        </member>
        <member name="T:Google.Apis.Youtube.v3alpha.Data.SearchResult">
            <summary>JSON template for a YouTube Search result.</summary>
        </member>
        <member name="P:Google.Apis.Youtube.v3alpha.Data.SearchResult.ETag">
            <summary>The eTag of the search result.</summary>
        </member>
        <member name="P:Google.Apis.Youtube.v3alpha.Data.SearchResult.Id">
            <summary>JSON template for a resource id.</summary>
        </member>
        <member name="P:Google.Apis.Youtube.v3alpha.Data.SearchResult.Kind">
            <summary>The type of this API resource.</summary>
        </member>
        <member name="P:Google.Apis.Youtube.v3alpha.Data.SearchResult.Snippet">
            <summary>JSON template for the snippet part of a search result.</summary>
        </member>
        <member name="T:Google.Apis.Youtube.v3alpha.Data.SearchResultSnippet">
            <summary>JSON template for the snippet part of a search result.</summary>
        </member>
        <member name="P:Google.Apis.Youtube.v3alpha.Data.SearchResultSnippet.ChannelId">
            <summary>Author of the found resource.</summary>
        </member>
        <member name="P:Google.Apis.Youtube.v3alpha.Data.SearchResultSnippet.Description">
            <summary>Description of the search result.</summary>
        </member>
        <member name="P:Google.Apis.Youtube.v3alpha.Data.SearchResultSnippet.PublishedAt">
            <summary>The date and time the found resource was created.</summary>
        </member>
        <member name="P:Google.Apis.Youtube.v3alpha.Data.SearchResultSnippet.Title">
            <summary>Title of the search result.</summary>
        </member>
        <member name="T:Google.Apis.Youtube.v3alpha.Data.Thumbnail">
            <summary>JSON template for a thumbnail.</summary>
        </member>
        <member name="P:Google.Apis.Youtube.v3alpha.Data.Thumbnail.Url">
            <summary>The URL for the thumbnail.</summary>
        </member>
        <member name="T:Google.Apis.Youtube.v3alpha.Data.Video">
            <summary>JSON template for a YouTube Video.</summary>
        </member>
        <member name="P:Google.Apis.Youtube.v3alpha.Data.Video.ContentDetails">
            <summary>JSON template for the content details part of a video.</summary>
        </member>
        <member name="P:Google.Apis.Youtube.v3alpha.Data.Video.ETag">
            <summary>The eTag of the video.</summary>
        </member>
        <member name="P:Google.Apis.Youtube.v3alpha.Data.Video.Id">
            <summary>The unique id of the video.</summary>
        </member>
        <member name="P:Google.Apis.Youtube.v3alpha.Data.Video.Kind">
            <summary>The type of this API resource.</summary>
        </member>
        <member name="P:Google.Apis.Youtube.v3alpha.Data.Video.Player">
            <summary>JSON template for the player part of a video.</summary>
        </member>
        <member name="P:Google.Apis.Youtube.v3alpha.Data.Video.Snippet">
            <summary>JSON template for the snippet part of a video.</summary>
        </member>
        <member name="P:Google.Apis.Youtube.v3alpha.Data.Video.Statistics">
            <summary>JSON template for the statistics part of a video.</summary>
        </member>
        <member name="P:Google.Apis.Youtube.v3alpha.Data.Video.Status">
            <summary>JSON template for the status part of a video.</summary>
        </member>
        <member name="T:Google.Apis.Youtube.v3alpha.Data.VideoContentDetails">
            <summary>JSON template for the content details part of a video.</summary>
        </member>
        <member name="P:Google.Apis.Youtube.v3alpha.Data.VideoContentDetails.AspectRatio">
            <summary>The aspect ratio of the video.</summary>
        </member>
        <member name="P:Google.Apis.Youtube.v3alpha.Data.VideoContentDetails.Duration">
            <summary>Duration of the video.</summary>
        </member>
        <member name="T:Google.Apis.Youtube.v3alpha.Data.VideoListResponse">
            <summary>JSON template for a VideoService.List() response.</summary>
        </member>
        <member name="P:Google.Apis.Youtube.v3alpha.Data.VideoListResponse.ETag">
            <summary>The eTag of the response.</summary>
        </member>
        <member name="P:Google.Apis.Youtube.v3alpha.Data.VideoListResponse.Kind">
            <summary>The type of this API response.</summary>
        </member>
        <member name="P:Google.Apis.Youtube.v3alpha.Data.VideoListResponse.Videos">
            <summary>Map of videos matching the request criteria, keyed by video id.</summary>
        </member>
        <member name="T:Google.Apis.Youtube.v3alpha.Data.VideoListResponse.VideosData">
            <summary>Map of videos matching the request criteria, keyed by video id.</summary>
        </member>
        <member name="T:Google.Apis.Youtube.v3alpha.Data.VideoPlayer">
            <summary>JSON template for the player part of a video.</summary>
        </member>
        <member name="P:Google.Apis.Youtube.v3alpha.Data.VideoPlayer.EmbedHtml">
            <summary>Iframe embed for the video.</summary>
        </member>
        <member name="T:Google.Apis.Youtube.v3alpha.Data.VideoSnippet">
            <summary>JSON template for the snippet part of a video.</summary>
        </member>
        <member name="P:Google.Apis.Youtube.v3alpha.Data.VideoSnippet.CategoryId">
            <summary>Video category the video belongs to.</summary>
        </member>
        <member name="P:Google.Apis.Youtube.v3alpha.Data.VideoSnippet.ChannelId">
            <summary>Channel the video was uploaded into.</summary>
        </member>
        <member name="P:Google.Apis.Youtube.v3alpha.Data.VideoSnippet.Description">
            <summary>Description of the video.</summary>
        </member>
        <member name="P:Google.Apis.Youtube.v3alpha.Data.VideoSnippet.PublishedAt">
            <summary>Date time the video was uploaded.</summary>
        </member>
        <member name="P:Google.Apis.Youtube.v3alpha.Data.VideoSnippet.Tags">
            <summary>Textual tags associated with the video.</summary>
        </member>
        <member name="P:Google.Apis.Youtube.v3alpha.Data.VideoSnippet.Thumbnails">
            <summary>Video thumbnails.</summary>
        </member>
        <member name="P:Google.Apis.Youtube.v3alpha.Data.VideoSnippet.Title">
            <summary>Title of the video.</summary>
        </member>
        <member name="T:Google.Apis.Youtube.v3alpha.Data.VideoSnippet.ThumbnailsData">
            <summary>Video thumbnails.</summary>
        </member>
        <member name="T:Google.Apis.Youtube.v3alpha.Data.VideoStatistics">
            <summary>JSON template for the statistics part of a video.</summary>
        </member>
        <member name="P:Google.Apis.Youtube.v3alpha.Data.VideoStatistics.CommentCount">
            <summary>Number of comments for this video.</summary>
        </member>
        <member name="P:Google.Apis.Youtube.v3alpha.Data.VideoStatistics.DislikeCount">
            <summary>Number of times the video was disliked.</summary>
        </member>
        <member name="P:Google.Apis.Youtube.v3alpha.Data.VideoStatistics.FavoriteCount">
            <summary>Number of times the video was added to a user&apos;s favorites list.</summary>
        </member>
        <member name="P:Google.Apis.Youtube.v3alpha.Data.VideoStatistics.LikeCount">
            <summary>Number of times the video was liked.</summary>
        </member>
        <member name="P:Google.Apis.Youtube.v3alpha.Data.VideoStatistics.ViewCount">
            <summary>Number of times the video was viewed.</summary>
        </member>
        <member name="T:Google.Apis.Youtube.v3alpha.Data.VideoStatus">
            <summary>JSON template for the status part of a video.</summary>
        </member>
        <member name="P:Google.Apis.Youtube.v3alpha.Data.VideoStatus.FailureReason">
            <summary>Present only if the uploadStatus indicates a failed upload.</summary>
        </member>
        <member name="P:Google.Apis.Youtube.v3alpha.Data.VideoStatus.PrivacyStatus">
            <summary>Privacy of the video.</summary>
        </member>
        <member name="P:Google.Apis.Youtube.v3alpha.Data.VideoStatus.RejectionReason">
            <summary>Present only if the uploadStatus indicates a rejected upload.</summary>
        </member>
        <member name="P:Google.Apis.Youtube.v3alpha.Data.VideoStatus.UploadStatus">
            <summary>Status of the video upload.</summary>
        </member>
        <member name="P:Google.Apis.Youtube.v3alpha.YoutubeService.Key">
            <summary>Sets the API-Key (or DeveloperKey) which this service uses for all requests</summary>
        </member>
        <member name="T:Google.Apis.Youtube.v3alpha.YoutubeService.Scopes">
            <summary>A list of all OAuth2.0 scopes. Each of these scopes relates to a permission or group of permissions that different methods of this API may need.</summary>
        </member>
        <member name="F:Google.Apis.Youtube.v3alpha.YoutubeService.Scopes.Youtube">
            <summary>Manage your YouTube account</summary>
        </member>
        <member name="F:Google.Apis.Youtube.v3alpha.YoutubeService.Scopes.YoutubeReadonly">
            <summary>View your YouTube account</summary>
        </member>
        <member name="F:Google.Apis.Youtube.v3alpha.YoutubeService.Scopes.Youtubepartner">
            <summary>View and manage your assets and associated content on YouTube</summary>
        </member>
        <member name="M:Google.Apis.Youtube.v3alpha.ChannelsResource.List(System.String)">
            <summary>Browse the YouTube channel collection. Either the &apos;id&apos; or &apos;mine&apos; parameter must be set.</summary>
            <param name="part">Required - Parts of the channel resource to be returned.</param>
        </member>
        <member name="P:Google.Apis.Youtube.v3alpha.ChannelsResource.ListRequest.Oauth_token">
            <summary>OAuth 2.0 token for the current user.</summary>
        </member>
        <member name="P:Google.Apis.Youtube.v3alpha.ChannelsResource.ListRequest.PrettyPrint">
            <summary>Returns response with indentations and line breaks.</summary>
        </member>
        <member name="P:Google.Apis.Youtube.v3alpha.ChannelsResource.ListRequest.QuotaUser">
            <summary>Available to use for quota purposes for server-side applications. Can be any arbitrary string assigned to a user, but should not exceed 40 characters. Overrides userIp if both are provided.</summary>
        </member>
        <member name="P:Google.Apis.Youtube.v3alpha.ChannelsResource.ListRequest.ContentOwnerId">
            <summary>The authenticated user acts on behalf of this content owner.</summary>
        </member>
        <member name="P:Google.Apis.Youtube.v3alpha.ChannelsResource.ListRequest.Id">
            <summary>YouTube IDs of the channels to be returned.</summary>
        </member>
        <member name="P:Google.Apis.Youtube.v3alpha.ChannelsResource.ListRequest.Mine">
            <summary>Flag indicating only return the channel ids of the authenticated user.</summary>
        </member>
        <member name="P:Google.Apis.Youtube.v3alpha.ChannelsResource.ListRequest.Part">
            <summary>Parts of the channel resource to be returned.</summary>
        </member>
        <member name="M:Google.Apis.Youtube.v3alpha.PlaylistItemsResource.List(System.String)">
            <summary>Browse the YouTube playlist collection.</summary>
            <param name="part">Required - Parts of the playlist resource to be returned.</param>
        </member>
        <member name="P:Google.Apis.Youtube.v3alpha.PlaylistItemsResource.ListRequest.Oauth_token">
            <summary>OAuth 2.0 token for the current user.</summary>
        </member>
        <member name="P:Google.Apis.Youtube.v3alpha.PlaylistItemsResource.ListRequest.PrettyPrint">
            <summary>Returns response with indentations and line breaks.</summary>
        </member>
        <member name="P:Google.Apis.Youtube.v3alpha.PlaylistItemsResource.ListRequest.QuotaUser">
            <summary>Available to use for quota purposes for server-side applications. Can be any arbitrary string assigned to a user, but should not exceed 40 characters. Overrides userIp if both are provided.</summary>
        </member>
        <member name="P:Google.Apis.Youtube.v3alpha.PlaylistItemsResource.ListRequest.ContentOwnerId">
            <summary>The authenticated user acts on behalf of this content owner.</summary>
        </member>
        <member name="P:Google.Apis.Youtube.v3alpha.PlaylistItemsResource.ListRequest.Id">
            <summary>YouTube IDs of the playlists to be returned.</summary>
        </member>
        <member name="P:Google.Apis.Youtube.v3alpha.PlaylistItemsResource.ListRequest.MaxResults">
            <summary>Maximum number of results to return</summary>
        </member>
        <member name="P:Google.Apis.Youtube.v3alpha.PlaylistItemsResource.ListRequest.Part">
            <summary>Parts of the playlist resource to be returned.</summary>
        </member>
        <member name="P:Google.Apis.Youtube.v3alpha.PlaylistItemsResource.ListRequest.PlaylistId">
            <summary>Retrieves playlist items from the given playlist id.</summary>
        </member>
        <member name="P:Google.Apis.Youtube.v3alpha.PlaylistItemsResource.ListRequest.StartIndex">
            <summary>Index of the first element to return (starts at 0)</summary>
        </member>
        <member name="M:Google.Apis.Youtube.v3alpha.PlaylistsResource.List(System.String,System.String)">
            <summary>Browse the YouTube playlist collection.</summary>
            <param name="id">Required - YouTube IDs of the playlists to be returned.</param>
            <param name="part">Required - Parts of the playlist resource to be returned.</param>
        </member>
        <member name="P:Google.Apis.Youtube.v3alpha.PlaylistsResource.ListRequest.Oauth_token">
            <summary>OAuth 2.0 token for the current user.</summary>
        </member>
        <member name="P:Google.Apis.Youtube.v3alpha.PlaylistsResource.ListRequest.PrettyPrint">
            <summary>Returns response with indentations and line breaks.</summary>
        </member>
        <member name="P:Google.Apis.Youtube.v3alpha.PlaylistsResource.ListRequest.QuotaUser">
            <summary>Available to use for quota purposes for server-side applications. Can be any arbitrary string assigned to a user, but should not exceed 40 characters. Overrides userIp if both are provided.</summary>
        </member>
        <member name="P:Google.Apis.Youtube.v3alpha.PlaylistsResource.ListRequest.ContentOwnerId">
            <summary>The authenticated user acts on behalf of this content owner.</summary>
        </member>
        <member name="P:Google.Apis.Youtube.v3alpha.PlaylistsResource.ListRequest.Id">
            <summary>YouTube IDs of the playlists to be returned.</summary>
        </member>
        <member name="P:Google.Apis.Youtube.v3alpha.PlaylistsResource.ListRequest.Part">
            <summary>Parts of the playlist resource to be returned.</summary>
        </member>
        <member name="M:Google.Apis.Youtube.v3alpha.SearchResource.List">
            <summary>Universal search for youtube.</summary>
        </member>
        <member name="T:Google.Apis.Youtube.v3alpha.SearchResource.Order">
            <summary>Sort order.</summary>
        </member>
        <member name="F:Google.Apis.Youtube.v3alpha.SearchResource.Order.Date">
            <summary>Sort according to the date.</summary>
        </member>
        <member name="F:Google.Apis.Youtube.v3alpha.SearchResource.Order.Rating">
            <summary>Sort according to the rating.</summary>
        </member>
        <member name="F:Google.Apis.Youtube.v3alpha.SearchResource.Order.Relevance">
            <summary>Sort according to the relevance.</summary>
        </member>
        <member name="F:Google.Apis.Youtube.v3alpha.SearchResource.Order.View_count">
            <summary>Sort according to the view count.</summary>
        </member>
        <member name="T:Google.Apis.Youtube.v3alpha.SearchResource.Type">
            <summary>Type of resource to search.</summary>
        </member>
        <member name="F:Google.Apis.Youtube.v3alpha.SearchResource.Type.Channel">
            <summary>Search for channels.</summary>
        </member>
        <member name="F:Google.Apis.Youtube.v3alpha.SearchResource.Type.Playlist">
            <summary>Search for playlists.</summary>
        </member>
        <member name="F:Google.Apis.Youtube.v3alpha.SearchResource.Type.Video">
            <summary>Search for videos.</summary>
        </member>
        <member name="P:Google.Apis.Youtube.v3alpha.SearchResource.ListRequest.Oauth_token">
            <summary>OAuth 2.0 token for the current user.</summary>
        </member>
        <member name="P:Google.Apis.Youtube.v3alpha.SearchResource.ListRequest.PrettyPrint">
            <summary>Returns response with indentations and line breaks.</summary>
        </member>
        <member name="P:Google.Apis.Youtube.v3alpha.SearchResource.ListRequest.QuotaUser">
            <summary>Available to use for quota purposes for server-side applications. Can be any arbitrary string assigned to a user, but should not exceed 40 characters. Overrides userIp if both are provided.</summary>
        </member>
        <member name="P:Google.Apis.Youtube.v3alpha.SearchResource.ListRequest.MaxResults">
            <summary>Maximum number of search results to return per page.</summary>
        </member>
        <member name="P:Google.Apis.Youtube.v3alpha.SearchResource.ListRequest.Order">
            <summary>Sort order.</summary>
        </member>
        <member name="P:Google.Apis.Youtube.v3alpha.SearchResource.ListRequest.Q">
            <summary>Query to search in Youtube.</summary>
        </member>
        <member name="P:Google.Apis.Youtube.v3alpha.SearchResource.ListRequest.StartIndex">
            <summary>Index of the first search result to return.</summary>
        </member>
        <member name="P:Google.Apis.Youtube.v3alpha.SearchResource.ListRequest.Type">
            <summary>Type of resource to search.</summary>
        </member>
        <member name="M:Google.Apis.Youtube.v3alpha.VideosResource.List(System.String,System.String)">
            <summary>Browse the YouTube video collection.</summary>
            <param name="id">Required - YouTube IDs of the videos to be returned.</param>
            <param name="part">Required - Parts of the video resource to be returned.</param>
        </member>
        <member name="P:Google.Apis.Youtube.v3alpha.VideosResource.ListRequest.Oauth_token">
            <summary>OAuth 2.0 token for the current user.</summary>
        </member>
        <member name="P:Google.Apis.Youtube.v3alpha.VideosResource.ListRequest.PrettyPrint">
            <summary>Returns response with indentations and line breaks.</summary>
        </member>
        <member name="P:Google.Apis.Youtube.v3alpha.VideosResource.ListRequest.QuotaUser">
            <summary>Available to use for quota purposes for server-side applications. Can be any arbitrary string assigned to a user, but should not exceed 40 characters. Overrides userIp if both are provided.</summary>
        </member>
        <member name="P:Google.Apis.Youtube.v3alpha.VideosResource.ListRequest.ContentOwnerId">
            <summary>The authenticated user acts on behalf of this content owner.</summary>
        </member>
        <member name="P:Google.Apis.Youtube.v3alpha.VideosResource.ListRequest.Id">
            <summary>YouTube IDs of the videos to be returned.</summary>
        </member>
        <member name="P:Google.Apis.Youtube.v3alpha.VideosResource.ListRequest.Part">
            <summary>Parts of the video resource to be returned.</summary>
        </member>
    </members>
</doc>
