<?xml version="1.0"?>
<doc>
    <assembly>
        <name>Google.Apis.Pagespeedonline.v1</name>
    </assembly>
    <members>
        <member name="P:Google.Apis.Pagespeedonline.v1.Data.Result.FormattedResults">
            <summary>Localized Page Speed results. Contains a ruleResults entry for each Page Speed rule instantiated and run by the server.</summary>
        </member>
        <member name="P:Google.Apis.Pagespeedonline.v1.Data.Result.Id">
            <summary>Canonicalized and final URL for the document, after following page redirects (if any).</summary>
        </member>
        <member name="P:Google.Apis.Pagespeedonline.v1.Data.Result.InvalidRules">
            <summary>List of rules that were specified in the request, but which the server did not know how to instantiate.</summary>
        </member>
        <member name="P:Google.Apis.Pagespeedonline.v1.Data.Result.Kind">
            <summary>Kind of result.</summary>
        </member>
        <member name="P:Google.Apis.Pagespeedonline.v1.Data.Result.PageStats">
            <summary>Summary statistics for the page, such as number of JavaScript bytes, number of HTML bytes, etc.</summary>
        </member>
        <member name="P:Google.Apis.Pagespeedonline.v1.Data.Result.ResponseCode">
            <summary>Response code for the document. 200 indicates a normal page load. 4xx/5xx indicates an error.</summary>
        </member>
        <member name="P:Google.Apis.Pagespeedonline.v1.Data.Result.Score">
            <summary>The Page Speed Score (0-100), which indicates how much faster a page could be. A high score indicates little room for improvement, while a lower score indicates more room for improvement.</summary>
        </member>
        <member name="P:Google.Apis.Pagespeedonline.v1.Data.Result.Title">
            <summary>Title of the page, as displayed in the browser&apos;s title bar.</summary>
        </member>
        <member name="P:Google.Apis.Pagespeedonline.v1.Data.Result.Version">
            <summary>The version of the Page Speed SDK used to generate these results.</summary>
        </member>
        <member name="T:Google.Apis.Pagespeedonline.v1.Data.Result.FormattedResultsData">
            <summary>Localized Page Speed results. Contains a ruleResults entry for each Page Speed rule instantiated and run by the server.</summary>
        </member>
        <member name="P:Google.Apis.Pagespeedonline.v1.Data.Result.FormattedResultsData.Locale">
            <summary>The locale of the formattedResults, e.g. &quot;en_US&quot;.</summary>
        </member>
        <member name="P:Google.Apis.Pagespeedonline.v1.Data.Result.FormattedResultsData.RuleResults">
            <summary>Dictionary of formatted rule results, with one entry for each Page Speed rule instantiated and run by the server.</summary>
        </member>
        <member name="T:Google.Apis.Pagespeedonline.v1.Data.Result.FormattedResultsData.RuleResultsData">
            <summary>Dictionary of formatted rule results, with one entry for each Page Speed rule instantiated and run by the server.</summary>
        </member>
        <member name="T:Google.Apis.Pagespeedonline.v1.Data.Result.FormattedResultsData.RuleResultsData.RuleResultsDataSchema">
            <summary>The enum-like identifier for this rule. For instance &quot;EnableKeepAlive&quot; or &quot;AvoidCssImport&quot;. Not localized.</summary>
        </member>
        <member name="P:Google.Apis.Pagespeedonline.v1.Data.Result.FormattedResultsData.RuleResultsData.RuleResultsDataSchema.LocalizedRuleName">
            <summary>Localized name of the rule, intended for presentation to a user.</summary>
        </member>
        <member name="P:Google.Apis.Pagespeedonline.v1.Data.Result.FormattedResultsData.RuleResultsData.RuleResultsDataSchema.RuleImpact">
            <summary>The impact (unbounded floating point value) that implementing the suggestions for this rule would have on making the page faster. Impact is comparable between rules to determine which rule&apos;s suggestions would have a higher or lower impact on making a page faster. For instance, if enabling compression would save 1MB, while optimizing images would save 500kB, the enable compression rule would have 2x the impact of the image optimization rule, all other things being equal.</summary>
        </member>
        <member name="P:Google.Apis.Pagespeedonline.v1.Data.Result.FormattedResultsData.RuleResultsData.RuleResultsDataSchema.RuleScore">
            <summary>The score (0-100) for this rule. The rule score indicates how well a page implements the recommendations for the given rule. For instance, if none of the compressible resources on a page are compressed, the rule score would be 0, while if all of the compressible resources on a page are compressed, the rule score would be 100.</summary>
        </member>
        <member name="P:Google.Apis.Pagespeedonline.v1.Data.Result.FormattedResultsData.RuleResultsData.RuleResultsDataSchema.UrlBlocks">
            <summary>List of blocks of URLs. Each block may contain a heading and a list of URLs. Each URL may optionally include additional details.</summary>
        </member>
        <member name="P:Google.Apis.Pagespeedonline.v1.Data.Result.FormattedResultsData.RuleResultsData.RuleResultsDataSchema.UrlBlocksData.Header">
            <summary>Heading to be displayed with the list of URLs.</summary>
        </member>
        <member name="P:Google.Apis.Pagespeedonline.v1.Data.Result.FormattedResultsData.RuleResultsData.RuleResultsDataSchema.UrlBlocksData.Urls">
            <summary>List of entries that provide information about URLs in the url block. Optional.</summary>
        </member>
        <member name="T:Google.Apis.Pagespeedonline.v1.Data.Result.FormattedResultsData.RuleResultsData.RuleResultsDataSchema.UrlBlocksData.HeaderData">
            <summary>Heading to be displayed with the list of URLs.</summary>
        </member>
        <member name="P:Google.Apis.Pagespeedonline.v1.Data.Result.FormattedResultsData.RuleResultsData.RuleResultsDataSchema.UrlBlocksData.HeaderData.Args">
            <summary>List of arguments for the format string.</summary>
        </member>
        <member name="P:Google.Apis.Pagespeedonline.v1.Data.Result.FormattedResultsData.RuleResultsData.RuleResultsDataSchema.UrlBlocksData.HeaderData.Format">
            <summary>A localized format string with $N placeholders, where N is the 1-indexed argument number, e.g. &apos;Minifying the following $1 resources would save a total of $2 bytes&apos;.</summary>
        </member>
        <member name="P:Google.Apis.Pagespeedonline.v1.Data.Result.FormattedResultsData.RuleResultsData.RuleResultsDataSchema.UrlBlocksData.HeaderData.ArgsData.Type">
            <summary>Type of argument. One of URL, STRING_LITERAL, INT_LITERAL, BYTES, or DURATION.</summary>
        </member>
        <member name="P:Google.Apis.Pagespeedonline.v1.Data.Result.FormattedResultsData.RuleResultsData.RuleResultsDataSchema.UrlBlocksData.HeaderData.ArgsData.Value">
            <summary>Argument value, as a localized string.</summary>
        </member>
        <member name="P:Google.Apis.Pagespeedonline.v1.Data.Result.FormattedResultsData.RuleResultsData.RuleResultsDataSchema.UrlBlocksData.UrlsData.Details">
            <summary>List of entries that provide additional details about a single URL. Optional.</summary>
        </member>
        <member name="P:Google.Apis.Pagespeedonline.v1.Data.Result.FormattedResultsData.RuleResultsData.RuleResultsDataSchema.UrlBlocksData.UrlsData.Result">
            <summary>A format string that gives information about the URL, and a list of arguments for that format string.</summary>
        </member>
        <member name="P:Google.Apis.Pagespeedonline.v1.Data.Result.FormattedResultsData.RuleResultsData.RuleResultsDataSchema.UrlBlocksData.UrlsData.DetailsData.Args">
            <summary>List of arguments for the format string.</summary>
        </member>
        <member name="P:Google.Apis.Pagespeedonline.v1.Data.Result.FormattedResultsData.RuleResultsData.RuleResultsDataSchema.UrlBlocksData.UrlsData.DetailsData.Format">
            <summary>A localized format string with $N placeholders, where N is the 1-indexed argument number, e.g. &apos;Unnecessary metadata for this resource adds an additional $1 bytes to its download size&apos;.</summary>
        </member>
        <member name="P:Google.Apis.Pagespeedonline.v1.Data.Result.FormattedResultsData.RuleResultsData.RuleResultsDataSchema.UrlBlocksData.UrlsData.DetailsData.ArgsData.Type">
            <summary>Type of argument. One of URL, STRING_LITERAL, INT_LITERAL, BYTES, or DURATION.</summary>
        </member>
        <member name="P:Google.Apis.Pagespeedonline.v1.Data.Result.FormattedResultsData.RuleResultsData.RuleResultsDataSchema.UrlBlocksData.UrlsData.DetailsData.ArgsData.Value">
            <summary>Argument value, as a localized string.</summary>
        </member>
        <member name="T:Google.Apis.Pagespeedonline.v1.Data.Result.FormattedResultsData.RuleResultsData.RuleResultsDataSchema.UrlBlocksData.UrlsData.ResultData">
            <summary>A format string that gives information about the URL, and a list of arguments for that format string.</summary>
        </member>
        <member name="P:Google.Apis.Pagespeedonline.v1.Data.Result.FormattedResultsData.RuleResultsData.RuleResultsDataSchema.UrlBlocksData.UrlsData.ResultData.Args">
            <summary>List of arguments for the format string.</summary>
        </member>
        <member name="P:Google.Apis.Pagespeedonline.v1.Data.Result.FormattedResultsData.RuleResultsData.RuleResultsDataSchema.UrlBlocksData.UrlsData.ResultData.Format">
            <summary>A localized format string with $N placeholders, where N is the 1-indexed argument number, e.g. &apos;Minifying the resource at URL $1 can save $2 bytes&apos;.</summary>
        </member>
        <member name="P:Google.Apis.Pagespeedonline.v1.Data.Result.FormattedResultsData.RuleResultsData.RuleResultsDataSchema.UrlBlocksData.UrlsData.ResultData.ArgsData.Type">
            <summary>Type of argument. One of URL, STRING_LITERAL, INT_LITERAL, BYTES, or DURATION.</summary>
        </member>
        <member name="P:Google.Apis.Pagespeedonline.v1.Data.Result.FormattedResultsData.RuleResultsData.RuleResultsDataSchema.UrlBlocksData.UrlsData.ResultData.ArgsData.Value">
            <summary>Argument value, as a localized string.</summary>
        </member>
        <member name="T:Google.Apis.Pagespeedonline.v1.Data.Result.PageStatsData">
            <summary>Summary statistics for the page, such as number of JavaScript bytes, number of HTML bytes, etc.</summary>
        </member>
        <member name="P:Google.Apis.Pagespeedonline.v1.Data.Result.PageStatsData.CssResponseBytes">
            <summary>Number of uncompressed response bytes for CSS resources on the page.</summary>
        </member>
        <member name="P:Google.Apis.Pagespeedonline.v1.Data.Result.PageStatsData.FlashResponseBytes">
            <summary>Number of response bytes for flash resources on the page.</summary>
        </member>
        <member name="P:Google.Apis.Pagespeedonline.v1.Data.Result.PageStatsData.HtmlResponseBytes">
            <summary>Number of uncompressed response bytes for the main HTML document and all iframes on the page.</summary>
        </member>
        <member name="P:Google.Apis.Pagespeedonline.v1.Data.Result.PageStatsData.ImageResponseBytes">
            <summary>Number of response bytes for image resources on the page.</summary>
        </member>
        <member name="P:Google.Apis.Pagespeedonline.v1.Data.Result.PageStatsData.JavascriptResponseBytes">
            <summary>Number of uncompressed response bytes for JS resources on the page.</summary>
        </member>
        <member name="P:Google.Apis.Pagespeedonline.v1.Data.Result.PageStatsData.NumberCssResources">
            <summary>Number of CSS resources referenced by the page.</summary>
        </member>
        <member name="P:Google.Apis.Pagespeedonline.v1.Data.Result.PageStatsData.NumberHosts">
            <summary>Number of unique hosts referenced by the page.</summary>
        </member>
        <member name="P:Google.Apis.Pagespeedonline.v1.Data.Result.PageStatsData.NumberJsResources">
            <summary>Number of JavaScript resources referenced by the page.</summary>
        </member>
        <member name="P:Google.Apis.Pagespeedonline.v1.Data.Result.PageStatsData.NumberResources">
            <summary>Number of HTTP resources loaded by the page.</summary>
        </member>
        <member name="P:Google.Apis.Pagespeedonline.v1.Data.Result.PageStatsData.NumberStaticResources">
            <summary>Number of static (i.e. cacheable) resources on the page.</summary>
        </member>
        <member name="P:Google.Apis.Pagespeedonline.v1.Data.Result.PageStatsData.OtherResponseBytes">
            <summary>Number of response bytes for other resources on the page.</summary>
        </member>
        <member name="P:Google.Apis.Pagespeedonline.v1.Data.Result.PageStatsData.TextResponseBytes">
            <summary>Number of uncompressed response bytes for text resources not covered by other statistics (i.e non-HTML, non-script, non-CSS resources) on the page.</summary>
        </member>
        <member name="P:Google.Apis.Pagespeedonline.v1.Data.Result.PageStatsData.TotalRequestBytes">
            <summary>Total size of all request bytes sent by the page.</summary>
        </member>
        <member name="T:Google.Apis.Pagespeedonline.v1.Data.Result.VersionData">
            <summary>The version of the Page Speed SDK used to generate these results.</summary>
        </member>
        <member name="P:Google.Apis.Pagespeedonline.v1.Data.Result.VersionData.Major">
            <summary>The major version number of the Page Speed SDK used to generate these results.</summary>
        </member>
        <member name="P:Google.Apis.Pagespeedonline.v1.Data.Result.VersionData.Minor">
            <summary>The minor version number of the Page Speed SDK used to generate these results.</summary>
        </member>
        <member name="P:Google.Apis.Pagespeedonline.v1.PagespeedonlineService.Key">
            <summary>Sets the API-Key (or DeveloperKey) which this service uses for all requests</summary>
        </member>
        <member name="M:Google.Apis.Pagespeedonline.v1.PagespeedapiResource.Runpagespeed(System.String)">
            <summary>Runs Page Speed analysis on the page at the specified URL, and returns a Page Speed score, a list of suggestions to make that page faster, and other information.</summary>
            <param name="url">Required - Must match pattern http(s)?://.* - The URL to fetch and analyze</param>
        </member>
        <member name="T:Google.Apis.Pagespeedonline.v1.PagespeedapiResource.Strategy">
            <summary>The analysis strategy to use</summary>
        </member>
        <member name="F:Google.Apis.Pagespeedonline.v1.PagespeedapiResource.Strategy.Desktop">
            <summary>Fetch and analyze the URL for desktop browsers</summary>
        </member>
        <member name="F:Google.Apis.Pagespeedonline.v1.PagespeedapiResource.Strategy.Mobile">
            <summary>Fetch and analyze the URL for mobile devices</summary>
        </member>
        <member name="P:Google.Apis.Pagespeedonline.v1.PagespeedapiResource.RunpagespeedRequest.Locale">
            <summary>The locale used to localize formatted results</summary>
        </member>
        <member name="P:Google.Apis.Pagespeedonline.v1.PagespeedapiResource.RunpagespeedRequest.Rule">
            <summary>A Page Speed rule to run; if none are given, all rules are run</summary>
        </member>
        <member name="P:Google.Apis.Pagespeedonline.v1.PagespeedapiResource.RunpagespeedRequest.Strategy">
            <summary>The analysis strategy to use</summary>
        </member>
        <member name="P:Google.Apis.Pagespeedonline.v1.PagespeedapiResource.RunpagespeedRequest.Url">
            <summary>The URL to fetch and analyze</summary>
        </member>
    </members>
</doc>
