<?xml version="1.0"?>
<doc>
    <assembly>
        <name>Google.Apis.Auth.PlatformServices</name>
    </assembly>
    <members>
        <member name="T:Google.Apis.Auth.OAuth2.GoogleWebAuthorizationBroker">
            <summary>A helper utility to manage the authorization code flow.</summary>
        </member>
        <member name="F:Google.Apis.Auth.OAuth2.GoogleWebAuthorizationBroker.Folder">
            <summary>The folder which is used by the <seealso cref="T:Google.Apis.Util.Store.FileDataStore"/>.</summary>
        </member>
        <member name="M:Google.Apis.Auth.OAuth2.GoogleWebAuthorizationBroker.AuthorizeAsync(Google.Apis.Auth.OAuth2.ClientSecrets,System.Collections.Generic.IEnumerable{System.String},System.String,System.Threading.CancellationToken,Google.Apis.Util.Store.IDataStore)">
            <summary>Asynchronously authorizes the specified user.</summary>
            <remarks>
            In case no data store is specified, <seealso cref="T:Google.Apis.Util.Store.FileDataStore"/> will be used by 
            default.
            </remarks>
            <param name="clientSecrets">The client secrets.</param>
            <param name="scopes">
            The scopes which indicate the Google API access your application is requesting.
            </param>
            <param name="user">The user to authorize.</param>
            <param name="taskCancellationToken">Cancellation token to cancel an operation.</param>
            <param name="dataStore">The data store, if not specified a file data store will be used.</param>
            <returns>User credential.</returns>
        </member>
        <member name="M:Google.Apis.Auth.OAuth2.GoogleWebAuthorizationBroker.AuthorizeAsync(System.IO.Stream,System.Collections.Generic.IEnumerable{System.String},System.String,System.Threading.CancellationToken,Google.Apis.Util.Store.IDataStore)">
            <summary>Asynchronously authorizes the specified user.</summary>
            <remarks>
            In case no data store is specified, <seealso cref="T:Google.Apis.Util.Store.FileDataStore"/> will be used by 
            default.
            </remarks>
            <param name="clientSecretsStream">
            The client secrets stream. The authorization code flow constructor is responsible for disposing the stream.
            </param>
            <param name="scopes">
            The scopes which indicate the Google API access your application is requesting.
            </param>
            <param name="user">The user to authorize.</param>
            <param name="taskCancellationToken">Cancellation token to cancel an operation.</param>
            <param name="dataStore">The data store, if not specified a file data store will be used.</param>
            <returns>User credential.</returns>
        </member>
        <member name="M:Google.Apis.Auth.OAuth2.GoogleWebAuthorizationBroker.AuthorizeAsyncCore(Google.Apis.Auth.OAuth2.Flows.AuthorizationCodeFlow.Initializer,System.Collections.Generic.IEnumerable{System.String},System.String,System.Threading.CancellationToken,Google.Apis.Util.Store.IDataStore)">
            <summary>The core logic for asynchronously authorizing the specified user.</summary>
            <param name="initializer">The authorization code initializer.</param>
            <param name="scopes">
            The scopes which indicate the Google API access your application is requesting.
            </param>
            <param name="user">The user to authorize.</param>
            <param name="taskCancellationToken">Cancellation token to cancel an operation.</param>
            <param name="dataStore">The data store, if not specified a file data store will be used.</param>
            <returns>User credential.</returns>
        </member>
        <member name="T:Google.Apis.Auth.OAuth2.LocalServerCodeReceiver">
            <summary>
            OAuth 2.0 verification code receiver that runs a local server on a free port and waits for a call with the 
            authorization verification code.
            </summary>
        </member>
        <member name="F:Google.Apis.Auth.OAuth2.LocalServerCodeReceiver.LoopbackCallback">
            <summary>The call back format. Expects one port parameter.</summary>
        </member>
        <member name="F:Google.Apis.Auth.OAuth2.LocalServerCodeReceiver.ClosePageResponse">
            <summary>Close HTML tag to return the browser so it will close itself.</summary>
        </member>
        <member name="M:Google.Apis.Auth.OAuth2.LocalServerCodeReceiver.GetRandomUnusedPort">
            <summary>Returns a random, unused port.</summary>
        </member>
        <member name="T:Google.Apis.Auth.OAuth2.PromptCodeReceiver">
            <summary>OAuth 2.0 verification code receiver that reads the authorization code from the user input.</summary>
        </member>
        <member name="T:Google.Apis.Auth.OAuth2.ServiceAccountCredential">
            <summary>
            Google OAuth 2.0 credential for accessing protected resources using an access token. The Google OAuth 2.0 
            Authorization Server supports server-to-server interactions such as those between a web application and Google
            Cloud Storage. The requesting application has to prove its own identity to gain access to an API, and an 
            end-user doesn't have to be involved. 
            <para>
            Take a look in https://developers.google.com/accounts/docs/OAuth2ServiceAccount for more details.
            </para>
            </summary>
        </member>
        <member name="M:Google.Apis.Auth.OAuth2.ServiceAccountCredential.#ctor(Google.Apis.Auth.OAuth2.ServiceAccountCredential.Initializer)">
            <summary>Constructs a new service account credential using the given initializer.</summary>
            <param name="initializer"></param>
        </member>
        <member name="M:Google.Apis.Auth.OAuth2.ServiceAccountCredential.RequestAccessTokenAsync(System.Threading.CancellationToken)">
            <summary>
            Requests a new token as specified in 
            https://developers.google.com/accounts/docs/OAuth2ServiceAccount#makingrequest.
            </summary>
            <param name="taskCancellationToken">Cancellation token to cancel operation.</param>
            <returns><c>true</c> if a new token was received successfully.</returns>
        </member>
        <member name="M:Google.Apis.Auth.OAuth2.ServiceAccountCredential.CreateSerializedHeader">
            <summary>
            Creates a serialized header as specified in 
            https://developers.google.com/accounts/docs/OAuth2ServiceAccount#formingheader.
            </summary>
        </member>
        <member name="M:Google.Apis.Auth.OAuth2.ServiceAccountCredential.GetSerializedPayload">
            <summary>
            Creates a serialized claim set as specified in 
            https://developers.google.com/accounts/docs/OAuth2ServiceAccount#formingclaimset.
            </summary>
        </member>
        <member name="M:Google.Apis.Auth.OAuth2.ServiceAccountCredential.UrlSafeBase64Encode(System.String)">
            <summary>Encodes the provided UTF8 string into an URL safe base64 string.</summary>
            <param name="value">Value to encode.</param>
            <returns>The URL safe base64 string.</returns>
        </member>
        <member name="M:Google.Apis.Auth.OAuth2.ServiceAccountCredential.UrlSafeBase64Encode(System.Byte[])">
            <summary>Encodes the byte array into an URL safe base64 string.</summary>
            <param name="bytes">Byte array to encode.</param>
            <returns>The URL safe base64 string.</returns>
        </member>
        <member name="P:Google.Apis.Auth.OAuth2.ServiceAccountCredential.Id">
            <summary>Gets the service account ID (typically an e-mail address).</summary>
        </member>
        <member name="P:Google.Apis.Auth.OAuth2.ServiceAccountCredential.TokenServerUrl">
            <summary>Gets the token server URL.</summary>
        </member>
        <member name="P:Google.Apis.Auth.OAuth2.ServiceAccountCredential.User">
            <summary>
            Gets the email address of the user the application is trying to impersonate in the service account flow 
            or <c>null</c>.
            </summary>
        </member>
        <member name="P:Google.Apis.Auth.OAuth2.ServiceAccountCredential.Scopes">
            <summary>Gets the service account scopes.</summary>
        </member>
        <member name="P:Google.Apis.Auth.OAuth2.ServiceAccountCredential.Clock">
            <summary>
            Gets the clock. The clock is used to determine if the token has expired, if so we will try to refresh it. 
            </summary>
        </member>
        <member name="P:Google.Apis.Auth.OAuth2.ServiceAccountCredential.AccessMethod">
            <summary>Gets the method for presenting the access token to the resource server.</summary>
        </member>
        <member name="P:Google.Apis.Auth.OAuth2.ServiceAccountCredential.HttpClient">
            <summary>Gets the HTTP client used to make authentication requests to the server.</summary>
        </member>
        <member name="P:Google.Apis.Auth.OAuth2.ServiceAccountCredential.Key">
            <summary>
            Gets the key which is used to sign the request, as specified in
            https://developers.google.com/accounts/docs/OAuth2ServiceAccount#computingsignature.
            </summary>
        </member>
        <member name="P:Google.Apis.Auth.OAuth2.ServiceAccountCredential.Token">
            <summary>Gets the token response which contains the access token.</summary>
        </member>
        <member name="T:Google.Apis.Auth.OAuth2.ServiceAccountCredential.Initializer">
            <summary>An initializer class for the service account credential. </summary>
        </member>
        <member name="M:Google.Apis.Auth.OAuth2.ServiceAccountCredential.Initializer.#ctor(System.String)">
            <summary>Constructs a new initializer using the given id.</summary>
        </member>
        <member name="M:Google.Apis.Auth.OAuth2.ServiceAccountCredential.Initializer.#ctor(System.String,System.String)">
            <summary>Constructs a new initializer using the given id and the token server URL.</summary>
        </member>
        <member name="M:Google.Apis.Auth.OAuth2.ServiceAccountCredential.Initializer.FromCertificate(System.Security.Cryptography.X509Certificates.X509Certificate2)">
            <summary>Extracts a <see cref="P:Google.Apis.Auth.OAuth2.ServiceAccountCredential.Initializer.Key"/> from the given certificate.</summary>
        </member>
        <member name="P:Google.Apis.Auth.OAuth2.ServiceAccountCredential.Initializer.Id">
            <summary>Gets the service account ID (typically an e-mail address).</summary>
        </member>
        <member name="P:Google.Apis.Auth.OAuth2.ServiceAccountCredential.Initializer.TokenServerUrl">
            <summary>Gets the token server URL.</summary>
        </member>
        <member name="P:Google.Apis.Auth.OAuth2.ServiceAccountCredential.Initializer.User">
            <summary>
            Gets or sets the email address of the user the application is trying to impersonate in the service 
            account flow or <c>null</c>.
            </summary>
        </member>
        <member name="P:Google.Apis.Auth.OAuth2.ServiceAccountCredential.Initializer.Scopes">
            <summary>Gets the scopes which indicate API access your application is requesting.</summary>
        </member>
        <member name="P:Google.Apis.Auth.OAuth2.ServiceAccountCredential.Initializer.Clock">
            <summary>
            Gets or sets the clock. The clock is used to determine if the token has expired, if so we will try to
            refresh it. The default value is <seealso cref="F:Google.Apis.Util.SystemClock.Default"/>.
            </summary>
        </member>
        <member name="P:Google.Apis.Auth.OAuth2.ServiceAccountCredential.Initializer.Key">
            <summary>
            Gets or sets the key which is used to sign the request, as specified in
            https://developers.google.com/accounts/docs/OAuth2ServiceAccount#computingsignature.
            </summary>
        </member>
        <member name="P:Google.Apis.Auth.OAuth2.ServiceAccountCredential.Initializer.AccessMethod">
            <summary>
            Gets or sets the method for presenting the access token to the resource server.
            The default value is <seealso cref="T:Google.Apis.Auth.OAuth2.BearerToken.AuthorizationHeaderAccessMethod"/>.
            </summary>
        </member>
        <member name="P:Google.Apis.Auth.OAuth2.ServiceAccountCredential.Initializer.HttpClientFactory">
            <summary>
            Gets or sets the factory for creating a <see cref="T:System.Net.Http.HttpClient"/> instance.
            </summary>
        </member>
        <member name="P:Google.Apis.Auth.OAuth2.ServiceAccountCredential.Initializer.DefaultExponentialBackOffPolicy">
            <summary>
            Get or sets the exponential back-off policy. Default value is  <c>UnsuccessfulResponse503</c>, which 
            means that exponential back-off is used on 503 abnormal HTTP responses.
            If the value is set to <c>None</c>, no exponential back-off policy is used, and it's up to the user to
            configure the <seealso cref="T:Google.Apis.Http.ConfigurableMessageHandler"/> in an
            <seealso cref="T:Google.Apis.Http.IConfigurableHttpClientInitializer"/> to set a specific back-off
            implementation (using <seealso cref="T:Google.Apis.Http.BackOffHandler"/>).
            </summary>
        </member>
    </members>
</doc>
