<?xml version="1.0"?>
<doc>
    <assembly>
        <name>Google.Apis.Analytics.v2.4</name>
    </assembly>
    <members>
        <member name="P:Google.Apis.Analytics.v2_4.AnalyticsService.Key">
            <summary>Sets the API-Key (or DeveloperKey) which this service uses for all requests</summary>
        </member>
        <member name="T:Google.Apis.Analytics.v2_4.AnalyticsService.Scopes">
            <summary>A list of all OAuth2.0 scopes. Each of these scopes relates to a permission or group of permissions that different methods of this API may need.</summary>
        </member>
        <member name="F:Google.Apis.Analytics.v2_4.AnalyticsService.Scopes.Analytics">
            <summary>View and manage your Google Analytics data</summary>
        </member>
        <member name="F:Google.Apis.Analytics.v2_4.AnalyticsService.Scopes.AnalyticsReadonly">
            <summary>View your Google Analytics data</summary>
        </member>
        <member name="M:Google.Apis.Analytics.v2_4.DataResource.Get(System.String,System.String,System.String,System.String)">
            <summary>Returns Analytics report data for a profile.</summary>
            <param name="ids">Required - Must match pattern ga:[0-9]+ - Unique table ID for retrieving report data. Table ID is of the form ga:XXXX, where XXXX is the Analytics profile ID.</param>
            <param name="startDate">start-date - Required - Must match pattern [0-9]{4}-[0-9]{2}-[0-9]{2} - Start date for fetching report data. All requests should specify a start date formatted as YYYY-MM-DD.</param>
            <param name="endDate">end-date - Required - Must match pattern [0-9]{4}-[0-9]{2}-[0-9]{2} - End date for fetching report data. All requests should specify an end date formatted as YYYY-MM-DD.</param>
            <param name="metrics">Required - Must match pattern ga:.+ - A comma-separated list of Analytics metrics. E.g., &apos;ga:visits,ga:pageviews&apos;. At least one metric must be specified to retrieve a valid Analytics report.</param>
        </member>
        <member name="P:Google.Apis.Analytics.v2_4.DataResource.GetRequest.Oauth_token">
            <summary>OAuth 2.0 token for the current user.</summary>
        </member>
        <member name="P:Google.Apis.Analytics.v2_4.DataResource.GetRequest.PrettyPrint">
            <summary>Returns response with indentations and line breaks.</summary>
        </member>
        <member name="P:Google.Apis.Analytics.v2_4.DataResource.GetRequest.QuotaUser">
            <summary>Available to use for quota purposes for server-side applications. Can be any arbitrary string assigned to a user, but should not exceed 40 characters. Overrides userIp if both are provided.</summary>
        </member>
        <member name="P:Google.Apis.Analytics.v2_4.DataResource.GetRequest.Dimensions">
            <summary>A comma-separated list of Analytics dimensions. E.g., 'ga:browser,ga:city'.</summary>
        </member>
        <member name="P:Google.Apis.Analytics.v2_4.DataResource.GetRequest.EndDate">
            <summary>End date for fetching report data. All requests should specify an end date formatted as YYYY-MM-DD.</summary>
        </member>
        <member name="P:Google.Apis.Analytics.v2_4.DataResource.GetRequest.Filters">
            <summary>A comma-separated list of dimension or metric filters to be applied to the report data.</summary>
        </member>
        <member name="P:Google.Apis.Analytics.v2_4.DataResource.GetRequest.Ids">
            <summary>Unique table ID for retrieving report data. Table ID is of the form ga:XXXX, where XXXX is the Analytics profile ID.</summary>
        </member>
        <member name="P:Google.Apis.Analytics.v2_4.DataResource.GetRequest.MaxResults">
            <summary>The maximum number of entries to include in this feed.</summary>
        </member>
        <member name="P:Google.Apis.Analytics.v2_4.DataResource.GetRequest.Metrics">
            <summary>A comma-separated list of Analytics metrics. E.g., 'ga:visits,ga:pageviews'. At least one metric must be specified to retrieve a valid Analytics report.</summary>
        </member>
        <member name="P:Google.Apis.Analytics.v2_4.DataResource.GetRequest.Segment">
            <summary>An Analytics advanced segment to be applied to the report data.</summary>
        </member>
        <member name="P:Google.Apis.Analytics.v2_4.DataResource.GetRequest.Sort">
            <summary>A comma-separated list of dimensions or metrics that determine the sort order for the report data.</summary>
        </member>
        <member name="P:Google.Apis.Analytics.v2_4.DataResource.GetRequest.StartDate">
            <summary>Start date for fetching report data. All requests should specify a start date formatted as YYYY-MM-DD.</summary>
        </member>
        <member name="P:Google.Apis.Analytics.v2_4.DataResource.GetRequest.StartIndex">
            <summary>An index of the first entity to retrieve. Use this parameter as a pagination mechanism along with the max-results parameter.</summary>
        </member>
        <member name="M:Google.Apis.Analytics.v2_4.ManagementResource.AccountsResource.List">
            <summary>Lists all accounts to which the user has access.</summary>
        </member>
        <member name="P:Google.Apis.Analytics.v2_4.ManagementResource.AccountsResource.ListRequest.Oauth_token">
            <summary>OAuth 2.0 token for the current user.</summary>
        </member>
        <member name="P:Google.Apis.Analytics.v2_4.ManagementResource.AccountsResource.ListRequest.PrettyPrint">
            <summary>Returns response with indentations and line breaks.</summary>
        </member>
        <member name="P:Google.Apis.Analytics.v2_4.ManagementResource.AccountsResource.ListRequest.QuotaUser">
            <summary>Available to use for quota purposes for server-side applications. Can be any arbitrary string assigned to a user, but should not exceed 40 characters. Overrides userIp if both are provided.</summary>
        </member>
        <member name="P:Google.Apis.Analytics.v2_4.ManagementResource.AccountsResource.ListRequest.MaxResults">
            <summary>The maximum number of accounts to include in this response.</summary>
        </member>
        <member name="P:Google.Apis.Analytics.v2_4.ManagementResource.AccountsResource.ListRequest.StartIndex">
            <summary>An index of the first account to retrieve. Use this parameter as a pagination mechanism along with the max-results parameter.</summary>
        </member>
        <member name="M:Google.Apis.Analytics.v2_4.ManagementResource.GoalsResource.List(System.String,System.String,System.String)">
            <summary>Lists goals to which the user has access.</summary>
            <param name="accountId">Required - Account ID to retrieve goals for. Can either be a specific account ID or &apos;~all&apos;, which refers to all the accounts that user has access to.</param>
            <param name="webPropertyId">Required - Web property ID to retrieve goals for. Can either be a specific web property ID or &apos;~all&apos;, which refers to all the web properties that user has access to.</param>
            <param name="profileId">Required - Profile ID to retrieve goals for. Can either be a specific profile ID or &apos;~all&apos;, which refers to all the profiles that user has access to.</param>
        </member>
        <member name="P:Google.Apis.Analytics.v2_4.ManagementResource.GoalsResource.ListRequest.Oauth_token">
            <summary>OAuth 2.0 token for the current user.</summary>
        </member>
        <member name="P:Google.Apis.Analytics.v2_4.ManagementResource.GoalsResource.ListRequest.PrettyPrint">
            <summary>Returns response with indentations and line breaks.</summary>
        </member>
        <member name="P:Google.Apis.Analytics.v2_4.ManagementResource.GoalsResource.ListRequest.QuotaUser">
            <summary>Available to use for quota purposes for server-side applications. Can be any arbitrary string assigned to a user, but should not exceed 40 characters. Overrides userIp if both are provided.</summary>
        </member>
        <member name="P:Google.Apis.Analytics.v2_4.ManagementResource.GoalsResource.ListRequest.AccountId">
            <summary>Account ID to retrieve goals for. Can either be a specific account ID or '~all', which refers to all the accounts that user has access to.</summary>
        </member>
        <member name="P:Google.Apis.Analytics.v2_4.ManagementResource.GoalsResource.ListRequest.MaxResults">
            <summary>The maximum number of goals to include in this response.</summary>
        </member>
        <member name="P:Google.Apis.Analytics.v2_4.ManagementResource.GoalsResource.ListRequest.ProfileId">
            <summary>Profile ID to retrieve goals for. Can either be a specific profile ID or '~all', which refers to all the profiles that user has access to.</summary>
        </member>
        <member name="P:Google.Apis.Analytics.v2_4.ManagementResource.GoalsResource.ListRequest.StartIndex">
            <summary>An index of the first goal to retrieve. Use this parameter as a pagination mechanism along with the max-results parameter.</summary>
        </member>
        <member name="P:Google.Apis.Analytics.v2_4.ManagementResource.GoalsResource.ListRequest.WebPropertyId">
            <summary>Web property ID to retrieve goals for. Can either be a specific web property ID or '~all', which refers to all the web properties that user has access to.</summary>
        </member>
        <member name="M:Google.Apis.Analytics.v2_4.ManagementResource.ProfilesResource.List(System.String,System.String)">
            <summary>Lists profiles to which the user has access.</summary>
            <param name="accountId">Required - Account ID for the profiles to retrieve. Can either be a specific account ID or &apos;~all&apos;, which refers to all the accounts to which the user has access.</param>
            <param name="webPropertyId">Required - Web property ID for the profiles to retrieve. Can either be a specific web property ID or &apos;~all&apos;, which refers to all the web properties to which the user has access.</param>
        </member>
        <member name="P:Google.Apis.Analytics.v2_4.ManagementResource.ProfilesResource.ListRequest.Oauth_token">
            <summary>OAuth 2.0 token for the current user.</summary>
        </member>
        <member name="P:Google.Apis.Analytics.v2_4.ManagementResource.ProfilesResource.ListRequest.PrettyPrint">
            <summary>Returns response with indentations and line breaks.</summary>
        </member>
        <member name="P:Google.Apis.Analytics.v2_4.ManagementResource.ProfilesResource.ListRequest.QuotaUser">
            <summary>Available to use for quota purposes for server-side applications. Can be any arbitrary string assigned to a user, but should not exceed 40 characters. Overrides userIp if both are provided.</summary>
        </member>
        <member name="P:Google.Apis.Analytics.v2_4.ManagementResource.ProfilesResource.ListRequest.AccountId">
            <summary>Account ID for the profiles to retrieve. Can either be a specific account ID or '~all', which refers to all the accounts to which the user has access.</summary>
        </member>
        <member name="P:Google.Apis.Analytics.v2_4.ManagementResource.ProfilesResource.ListRequest.MaxResults">
            <summary>The maximum number of profiles to include in this response.</summary>
        </member>
        <member name="P:Google.Apis.Analytics.v2_4.ManagementResource.ProfilesResource.ListRequest.StartIndex">
            <summary>An index of the first entity to retrieve. Use this parameter as a pagination mechanism along with the max-results parameter.</summary>
        </member>
        <member name="P:Google.Apis.Analytics.v2_4.ManagementResource.ProfilesResource.ListRequest.WebPropertyId">
            <summary>Web property ID for the profiles to retrieve. Can either be a specific web property ID or '~all', which refers to all the web properties to which the user has access.</summary>
        </member>
        <member name="M:Google.Apis.Analytics.v2_4.ManagementResource.SegmentsResource.List">
            <summary>Lists advanced segments to which the user has access.</summary>
        </member>
        <member name="P:Google.Apis.Analytics.v2_4.ManagementResource.SegmentsResource.ListRequest.Oauth_token">
            <summary>OAuth 2.0 token for the current user.</summary>
        </member>
        <member name="P:Google.Apis.Analytics.v2_4.ManagementResource.SegmentsResource.ListRequest.PrettyPrint">
            <summary>Returns response with indentations and line breaks.</summary>
        </member>
        <member name="P:Google.Apis.Analytics.v2_4.ManagementResource.SegmentsResource.ListRequest.QuotaUser">
            <summary>Available to use for quota purposes for server-side applications. Can be any arbitrary string assigned to a user, but should not exceed 40 characters. Overrides userIp if both are provided.</summary>
        </member>
        <member name="P:Google.Apis.Analytics.v2_4.ManagementResource.SegmentsResource.ListRequest.MaxResults">
            <summary>The maximum number of advanced segments to include in this response.</summary>
        </member>
        <member name="P:Google.Apis.Analytics.v2_4.ManagementResource.SegmentsResource.ListRequest.StartIndex">
            <summary>An index of the first advanced segment to retrieve. Use this parameter as a pagination mechanism along with the max-results parameter.</summary>
        </member>
        <member name="M:Google.Apis.Analytics.v2_4.ManagementResource.WebpropertiesResource.List(System.String)">
            <summary>Lists web properties to which the user has access.</summary>
            <param name="accountId">Required - Account ID to retrieve web properties for. Can either be a specific account ID or &apos;~all&apos;, which refers to all the accounts that user has access to.</param>
        </member>
        <member name="P:Google.Apis.Analytics.v2_4.ManagementResource.WebpropertiesResource.ListRequest.Oauth_token">
            <summary>OAuth 2.0 token for the current user.</summary>
        </member>
        <member name="P:Google.Apis.Analytics.v2_4.ManagementResource.WebpropertiesResource.ListRequest.PrettyPrint">
            <summary>Returns response with indentations and line breaks.</summary>
        </member>
        <member name="P:Google.Apis.Analytics.v2_4.ManagementResource.WebpropertiesResource.ListRequest.QuotaUser">
            <summary>Available to use for quota purposes for server-side applications. Can be any arbitrary string assigned to a user, but should not exceed 40 characters. Overrides userIp if both are provided.</summary>
        </member>
        <member name="P:Google.Apis.Analytics.v2_4.ManagementResource.WebpropertiesResource.ListRequest.AccountId">
            <summary>Account ID to retrieve web properties for. Can either be a specific account ID or '~all', which refers to all the accounts that user has access to.</summary>
        </member>
        <member name="P:Google.Apis.Analytics.v2_4.ManagementResource.WebpropertiesResource.ListRequest.MaxResults">
            <summary>The maximum number of web properties to include in this response.</summary>
        </member>
        <member name="P:Google.Apis.Analytics.v2_4.ManagementResource.WebpropertiesResource.ListRequest.StartIndex">
            <summary>An index of the first entity to retrieve. Use this parameter as a pagination mechanism along with the max-results parameter.</summary>
        </member>
    </members>
</doc>
