﻿<?xml version="1.0" encoding="utf-8" ?>
<project>
  <property name="nant.settings.currentframework" value="net-3.5" />
  <property name="target.framework" value="net-3.5" />
  <property name="build.framework" value="net-4.0" />
  <property name="assembly.dir" value="${framework::get-assembly-directory(target.framework)}" />

  <property name="generated.dir" value="./Generated" />
  <property name="generated.source" value="${generated.dir}/Source" />
  <property name="generated.binary" value="${generated.dir}/Bin" />
  <property name="generated.library" value="${generated.dir}/Lib" />
  <property name="generated.zip" value="${generated.dir}/ZipFiles" />
  
  <property name="google.project.base" value="../Src" />
  <property name="google.project.root" value="../."/>

  <property name="fresh.source.dir" value="freshsource" />
</project>