<?xml version="1.0"?>
<doc>
    <assembly>
        <name>Google.Apis.Groupssettings.v1</name>
    </assembly>
    <members>
        <member name="T:Google.Apis.Groupssettings.v1.Data.Groups">
            <summary>JSON template for Group resource</summary>
        </member>
        <member name="P:Google.Apis.Groupssettings.v1.Data.Groups.AllowExternalMembers">
            <summary>Are external members allowed to join the group.</summary>
        </member>
        <member name="P:Google.Apis.Groupssettings.v1.Data.Groups.AllowGoogleCommunication">
            <summary>Is google allowed to contact admins.</summary>
        </member>
        <member name="P:Google.Apis.Groupssettings.v1.Data.Groups.AllowWebPosting">
            <summary>If posting from web is allowed.</summary>
        </member>
        <member name="P:Google.Apis.Groupssettings.v1.Data.Groups.ArchiveOnly">
            <summary>If the group is archive only</summary>
        </member>
        <member name="P:Google.Apis.Groupssettings.v1.Data.Groups.CustomReplyTo">
            <summary>Default email to which reply to any message should go.</summary>
        </member>
        <member name="P:Google.Apis.Groupssettings.v1.Data.Groups.DefaultMessageDenyNotificationText">
            <summary>Default message deny notification message</summary>
        </member>
        <member name="P:Google.Apis.Groupssettings.v1.Data.Groups.Description">
            <summary>Description of the group</summary>
        </member>
        <member name="P:Google.Apis.Groupssettings.v1.Data.Groups.Email">
            <summary>Email id of the group</summary>
        </member>
        <member name="P:Google.Apis.Groupssettings.v1.Data.Groups.IncludeInGlobalAddressList">
            <summary>If this groups should be included in global address list or not.</summary>
        </member>
        <member name="P:Google.Apis.Groupssettings.v1.Data.Groups.IsArchived">
            <summary>If the contents of the group are archived.</summary>
        </member>
        <member name="P:Google.Apis.Groupssettings.v1.Data.Groups.Kind">
            <summary>The type of the resource.</summary>
        </member>
        <member name="P:Google.Apis.Groupssettings.v1.Data.Groups.MaxMessageBytes">
            <summary>Maximum message size allowed.</summary>
        </member>
        <member name="P:Google.Apis.Groupssettings.v1.Data.Groups.MembersCanPostAsTheGroup">
            <summary>Can members post using the group email address.</summary>
        </member>
        <member name="P:Google.Apis.Groupssettings.v1.Data.Groups.MessageDisplayFont">
            <summary>Default message display font. Possible values are: DEFAULT_FONT FIXED_WIDTH_FONT</summary>
        </member>
        <member name="P:Google.Apis.Groupssettings.v1.Data.Groups.MessageModerationLevel">
            <summary>Moderation level for messages. Possible values are: MODERATE_ALL_MESSAGES MODERATE_NON_MEMBERS MODERATE_NEW_MEMBERS MODERATE_NONE</summary>
        </member>
        <member name="P:Google.Apis.Groupssettings.v1.Data.Groups.Name">
            <summary>Name of the Group</summary>
        </member>
        <member name="P:Google.Apis.Groupssettings.v1.Data.Groups.PrimaryLanguage">
            <summary>Primary language for the group.</summary>
        </member>
        <member name="P:Google.Apis.Groupssettings.v1.Data.Groups.ReplyTo">
            <summary>Whome should the default reply to a message go to. Possible values are: REPLY_TO_CUSTOM REPLY_TO_SENDER REPLY_TO_LIST REPLY_TO_OWNER REPLY_TO_IGNORE REPLY_TO_MANAGERS</summary>
        </member>
        <member name="P:Google.Apis.Groupssettings.v1.Data.Groups.SendMessageDenyNotification">
            <summary>Should the member be notified if his message is denied by owner.</summary>
        </member>
        <member name="P:Google.Apis.Groupssettings.v1.Data.Groups.ShowInGroupDirectory">
            <summary>Is the group listed in groups directory</summary>
        </member>
        <member name="P:Google.Apis.Groupssettings.v1.Data.Groups.SpamModerationLevel">
            <summary>Moderation level for messages detected as spam. Possible values are: ALLOW MODERATE SILENTLY_MODERATE REJECT</summary>
        </member>
        <member name="P:Google.Apis.Groupssettings.v1.Data.Groups.WhoCanInvite">
            <summary>Permissions to invite members. Possbile values are: ALL_MEMBERS_CAN_INVITE ALL_MANAGERS_CAN_INVITE</summary>
        </member>
        <member name="P:Google.Apis.Groupssettings.v1.Data.Groups.WhoCanJoin">
            <summary>Permissions to join the group. Possible values are: ANYONE_CAN_JOIN ALL_IN_DOMAIN_CAN_JOIN INVITED_CAN_JOIN CAN_REQUEST_TO_JOIN</summary>
        </member>
        <member name="P:Google.Apis.Groupssettings.v1.Data.Groups.WhoCanPostMessage">
            <summary>Permissions to post messages to the group. Possible values are: NONE_CAN_POST ALL_MANAGERS_CAN_POST ALL_MEMBERS_CAN_POST ALL_IN_DOMAIN_CAN_POST ANYONE_CAN_POST</summary>
        </member>
        <member name="P:Google.Apis.Groupssettings.v1.Data.Groups.WhoCanViewGroup">
            <summary>Permissions to view group. Possbile values are: ANYONE_CAN_VIEW ALL_IN_DOMAIN_CAN_VIEW ALL_MEMBERS_CAN_VIEW ALL_MANAGERS_CAN_VIEW</summary>
        </member>
        <member name="P:Google.Apis.Groupssettings.v1.Data.Groups.WhoCanViewMembership">
            <summary>Permissions to view membership. Possbile values are: ALL_IN_DOMAIN_CAN_VIEW ALL_MEMBERS_CAN_VIEW ALL_MANAGERS_CAN_VIEW</summary>
        </member>
        <member name="P:Google.Apis.Groupssettings.v1.GroupssettingsService.Key">
            <summary>Sets the API-Key (or DeveloperKey) which this service uses for all requests</summary>
        </member>
        <member name="T:Google.Apis.Groupssettings.v1.GroupssettingsService.Scopes">
            <summary>A list of all OAuth2.0 scopes. Each of these scopes relates to a permission or group of permissions that different methods of this API may need.</summary>
        </member>
        <member name="F:Google.Apis.Groupssettings.v1.GroupssettingsService.Scopes.AppsGroupsSettings">
            <summary>View and manage the settings of a Google Apps Group</summary>
        </member>
        <member name="M:Google.Apis.Groupssettings.v1.GroupsResource.Get(System.String)">
            <summary>Gets one resource by id.</summary>
            <param name="groupUniqueId">Required - The resource ID</param>
        </member>
        <member name="M:Google.Apis.Groupssettings.v1.GroupsResource.Patch(Google.Apis.Groupssettings.v1.Data.Groups,System.String)">
            <summary>Updates an existing resource. This method supports patch semantics.</summary>
            <param name="groupUniqueId">Required - The resource ID</param>
        </member>
        <member name="M:Google.Apis.Groupssettings.v1.GroupsResource.Update(Google.Apis.Groupssettings.v1.Data.Groups,System.String)">
            <summary>Updates an existing resource.</summary>
            <param name="groupUniqueId">Required - The resource ID</param>
        </member>
        <member name="P:Google.Apis.Groupssettings.v1.GroupsResource.GetRequest.Oauth_token">
            <summary>OAuth 2.0 token for the current user.</summary>
        </member>
        <member name="P:Google.Apis.Groupssettings.v1.GroupsResource.GetRequest.PrettyPrint">
            <summary>Returns response with indentations and line breaks.</summary>
        </member>
        <member name="P:Google.Apis.Groupssettings.v1.GroupsResource.GetRequest.GroupUniqueId">
            <summary>The resource ID</summary>
        </member>
        <member name="P:Google.Apis.Groupssettings.v1.GroupsResource.PatchRequest.Oauth_token">
            <summary>OAuth 2.0 token for the current user.</summary>
        </member>
        <member name="P:Google.Apis.Groupssettings.v1.GroupsResource.PatchRequest.PrettyPrint">
            <summary>Returns response with indentations and line breaks.</summary>
        </member>
        <member name="P:Google.Apis.Groupssettings.v1.GroupsResource.PatchRequest.GroupUniqueId">
            <summary>The resource ID</summary>
        </member>
        <member name="P:Google.Apis.Groupssettings.v1.GroupsResource.PatchRequest.Body">
            <summary>Gets/Sets the Body of this Request.</summary>
        </member>
        <member name="P:Google.Apis.Groupssettings.v1.GroupsResource.UpdateRequest.Oauth_token">
            <summary>OAuth 2.0 token for the current user.</summary>
        </member>
        <member name="P:Google.Apis.Groupssettings.v1.GroupsResource.UpdateRequest.PrettyPrint">
            <summary>Returns response with indentations and line breaks.</summary>
        </member>
        <member name="P:Google.Apis.Groupssettings.v1.GroupsResource.UpdateRequest.GroupUniqueId">
            <summary>The resource ID</summary>
        </member>
        <member name="P:Google.Apis.Groupssettings.v1.GroupsResource.UpdateRequest.Body">
            <summary>Gets/Sets the Body of this Request.</summary>
        </member>
    </members>
</doc>
