<?xml version="1.0"?>
<doc>
    <assembly>
        <name>Google.Apis.Adsense.v1.2</name>
    </assembly>
    <members>
        <member name="P:Google.Apis.Adsense.v1_2.Data.Account.Id">
            <summary>Unique identifier of this account.</summary>
        </member>
        <member name="P:Google.Apis.Adsense.v1_2.Data.Account.Kind">
            <summary>Kind of resource this is, in this case adsense#account.</summary>
        </member>
        <member name="P:Google.Apis.Adsense.v1_2.Data.Account.Name">
            <summary>Name of this account.</summary>
        </member>
        <member name="P:Google.Apis.Adsense.v1_2.Data.Account.Premium">
            <summary>Whether this account is premium.</summary>
        </member>
        <member name="P:Google.Apis.Adsense.v1_2.Data.Account.SubAccounts">
            <summary>Sub accounts of the this account.</summary>
        </member>
        <member name="P:Google.Apis.Adsense.v1_2.Data.Accounts.ETag">
            <summary>ETag of this response for caching purposes.</summary>
        </member>
        <member name="P:Google.Apis.Adsense.v1_2.Data.Accounts.Items">
            <summary>The accounts returned in this list response.</summary>
        </member>
        <member name="P:Google.Apis.Adsense.v1_2.Data.Accounts.Kind">
            <summary>Kind of list this is, in this case adsense#accounts.</summary>
        </member>
        <member name="P:Google.Apis.Adsense.v1_2.Data.Accounts.NextPageToken">
            <summary>Continuation token used to page through accounts. To retrieve the next page of results, set the next request&apos;s &quot;pageToken&quot; value to this.</summary>
        </member>
        <member name="P:Google.Apis.Adsense.v1_2.Data.AdClient.ArcOptIn">
            <summary>Whether this ad client is opted in to ARC.</summary>
        </member>
        <member name="P:Google.Apis.Adsense.v1_2.Data.AdClient.Id">
            <summary>Unique identifier of this ad client.</summary>
        </member>
        <member name="P:Google.Apis.Adsense.v1_2.Data.AdClient.Kind">
            <summary>Kind of resource this is, in this case adsense#adClient.</summary>
        </member>
        <member name="P:Google.Apis.Adsense.v1_2.Data.AdClient.ProductCode">
            <summary>This ad client&apos;s product code, which corresponds to the PRODUCT_CODE report dimension.</summary>
        </member>
        <member name="P:Google.Apis.Adsense.v1_2.Data.AdClient.SupportsReporting">
            <summary>Whether this ad client supports being reported on.</summary>
        </member>
        <member name="P:Google.Apis.Adsense.v1_2.Data.AdClients.ETag">
            <summary>ETag of this response for caching purposes.</summary>
        </member>
        <member name="P:Google.Apis.Adsense.v1_2.Data.AdClients.Items">
            <summary>The ad clients returned in this list response.</summary>
        </member>
        <member name="P:Google.Apis.Adsense.v1_2.Data.AdClients.Kind">
            <summary>Kind of list this is, in this case adsense#adClients.</summary>
        </member>
        <member name="P:Google.Apis.Adsense.v1_2.Data.AdClients.NextPageToken">
            <summary>Continuation token used to page through ad clients. To retrieve the next page of results, set the next request&apos;s &quot;pageToken&quot; value to this.</summary>
        </member>
        <member name="P:Google.Apis.Adsense.v1_2.Data.AdStyle.Colors">
            <summary>The colors which are included in the style. These are represented as six hexadecimal characters, similar to HTML color codes, but without the leading hash.</summary>
        </member>
        <member name="P:Google.Apis.Adsense.v1_2.Data.AdStyle.Corners">
            <summary>The style of the corners in the ad.</summary>
        </member>
        <member name="P:Google.Apis.Adsense.v1_2.Data.AdStyle.Font">
            <summary>The font which is included in the style.</summary>
        </member>
        <member name="P:Google.Apis.Adsense.v1_2.Data.AdStyle.Kind">
            <summary>Kind this is, in this case adsense#adStyle.</summary>
        </member>
        <member name="T:Google.Apis.Adsense.v1_2.Data.AdStyle.ColorsData">
            <summary>The colors which are included in the style. These are represented as six hexadecimal characters, similar to HTML color codes, but without the leading hash.</summary>
        </member>
        <member name="P:Google.Apis.Adsense.v1_2.Data.AdStyle.ColorsData.Background">
            <summary>The color of the ad background.</summary>
        </member>
        <member name="P:Google.Apis.Adsense.v1_2.Data.AdStyle.ColorsData.Border">
            <summary>The color of the ad border.</summary>
        </member>
        <member name="P:Google.Apis.Adsense.v1_2.Data.AdStyle.ColorsData.Text">
            <summary>The color of the ad text.</summary>
        </member>
        <member name="P:Google.Apis.Adsense.v1_2.Data.AdStyle.ColorsData.Title">
            <summary>The color of the ad title.</summary>
        </member>
        <member name="P:Google.Apis.Adsense.v1_2.Data.AdStyle.ColorsData.Url">
            <summary>The color of the ad url.</summary>
        </member>
        <member name="T:Google.Apis.Adsense.v1_2.Data.AdStyle.FontData">
            <summary>The font which is included in the style.</summary>
        </member>
        <member name="P:Google.Apis.Adsense.v1_2.Data.AdStyle.FontData.Family">
            <summary>The family of the font.</summary>
        </member>
        <member name="P:Google.Apis.Adsense.v1_2.Data.AdStyle.FontData.Size">
            <summary>The size of the font.</summary>
        </member>
        <member name="P:Google.Apis.Adsense.v1_2.Data.AdUnit.Code">
            <summary>Identity code of this ad unit, not necessarily unique across ad clients.</summary>
        </member>
        <member name="P:Google.Apis.Adsense.v1_2.Data.AdUnit.ContentAdsSettings">
            <summary>Settings specific to content ads (AFC) and highend mobile content ads (AFMC).</summary>
        </member>
        <member name="P:Google.Apis.Adsense.v1_2.Data.AdUnit.FeedAdsSettings">
            <summary>Settings specific to feed ads (AFF).</summary>
        </member>
        <member name="P:Google.Apis.Adsense.v1_2.Data.AdUnit.Id">
            <summary>Unique identifier of this ad unit. This should be considered an opaque identifier; it is not safe to rely on it being in any particular format.</summary>
        </member>
        <member name="P:Google.Apis.Adsense.v1_2.Data.AdUnit.Kind">
            <summary>Kind of resource this is, in this case adsense#adUnit.</summary>
        </member>
        <member name="P:Google.Apis.Adsense.v1_2.Data.AdUnit.MobileContentAdsSettings">
            <summary>Settings specific to WAP mobile content ads (AFMC).</summary>
        </member>
        <member name="P:Google.Apis.Adsense.v1_2.Data.AdUnit.Name">
            <summary>Name of this ad unit.</summary>
        </member>
        <member name="P:Google.Apis.Adsense.v1_2.Data.AdUnit.SavedStyleId">
            <summary>ID of the saved ad style which holds this ad unit&apos;s style information.</summary>
        </member>
        <member name="P:Google.Apis.Adsense.v1_2.Data.AdUnit.Status">
             <summary>Status of this ad unit. Possible values are:
            NEW: Indicates that the ad unit was created within the last seven days and does not yet have any activity associated with it.
            
            ACTIVE: Indicates that there has been activity on this ad unit in the last seven days.
            
            INACTIVE: Indicates that there has been no activity on this ad unit in the last seven days.</summary>
        </member>
        <member name="T:Google.Apis.Adsense.v1_2.Data.AdUnit.ContentAdsSettingsData">
            <summary>Settings specific to content ads (AFC) and highend mobile content ads (AFMC).</summary>
        </member>
        <member name="P:Google.Apis.Adsense.v1_2.Data.AdUnit.ContentAdsSettingsData.BackupOption">
            <summary>The backup option to be used in instances where no ad is available.</summary>
        </member>
        <member name="P:Google.Apis.Adsense.v1_2.Data.AdUnit.ContentAdsSettingsData.Size">
            <summary>Size of this ad unit.</summary>
        </member>
        <member name="P:Google.Apis.Adsense.v1_2.Data.AdUnit.ContentAdsSettingsData.Type">
            <summary>Type of this ad unit.</summary>
        </member>
        <member name="T:Google.Apis.Adsense.v1_2.Data.AdUnit.ContentAdsSettingsData.BackupOptionData">
            <summary>The backup option to be used in instances where no ad is available.</summary>
        </member>
        <member name="P:Google.Apis.Adsense.v1_2.Data.AdUnit.ContentAdsSettingsData.BackupOptionData.Color">
            <summary>Color to use when type is set to COLOR.</summary>
        </member>
        <member name="P:Google.Apis.Adsense.v1_2.Data.AdUnit.ContentAdsSettingsData.BackupOptionData.Type">
            <summary>Type of the backup option. Possible values are BLANK, COLOR and URL.</summary>
        </member>
        <member name="P:Google.Apis.Adsense.v1_2.Data.AdUnit.ContentAdsSettingsData.BackupOptionData.Url">
            <summary>URL to use when type is set to URL.</summary>
        </member>
        <member name="T:Google.Apis.Adsense.v1_2.Data.AdUnit.FeedAdsSettingsData">
            <summary>Settings specific to feed ads (AFF).</summary>
        </member>
        <member name="P:Google.Apis.Adsense.v1_2.Data.AdUnit.FeedAdsSettingsData.AdPosition">
            <summary>The position of the ads relative to the feed entries.</summary>
        </member>
        <member name="P:Google.Apis.Adsense.v1_2.Data.AdUnit.FeedAdsSettingsData.Frequency">
            <summary>The frequency at which ads should appear in the feed (i.e. every N entries).</summary>
        </member>
        <member name="P:Google.Apis.Adsense.v1_2.Data.AdUnit.FeedAdsSettingsData.MinimumWordCount">
            <summary>The minimum length an entry should be in order to have attached ads.</summary>
        </member>
        <member name="P:Google.Apis.Adsense.v1_2.Data.AdUnit.FeedAdsSettingsData.Type">
            <summary>The type of ads which should appear.</summary>
        </member>
        <member name="T:Google.Apis.Adsense.v1_2.Data.AdUnit.MobileContentAdsSettingsData">
            <summary>Settings specific to WAP mobile content ads (AFMC).</summary>
        </member>
        <member name="P:Google.Apis.Adsense.v1_2.Data.AdUnit.MobileContentAdsSettingsData.MarkupLanguage">
            <summary>The markup language to use for this ad unit.</summary>
        </member>
        <member name="P:Google.Apis.Adsense.v1_2.Data.AdUnit.MobileContentAdsSettingsData.ScriptingLanguage">
            <summary>The scripting language to use for this ad unit.</summary>
        </member>
        <member name="P:Google.Apis.Adsense.v1_2.Data.AdUnit.MobileContentAdsSettingsData.Size">
            <summary>Size of this ad unit.</summary>
        </member>
        <member name="P:Google.Apis.Adsense.v1_2.Data.AdUnit.MobileContentAdsSettingsData.Type">
            <summary>Type of this ad unit.</summary>
        </member>
        <member name="P:Google.Apis.Adsense.v1_2.Data.AdUnits.ETag">
            <summary>ETag of this response for caching purposes.</summary>
        </member>
        <member name="P:Google.Apis.Adsense.v1_2.Data.AdUnits.Items">
            <summary>The ad units returned in this list response.</summary>
        </member>
        <member name="P:Google.Apis.Adsense.v1_2.Data.AdUnits.Kind">
            <summary>Kind of list this is, in this case adsense#adUnits.</summary>
        </member>
        <member name="P:Google.Apis.Adsense.v1_2.Data.AdUnits.NextPageToken">
            <summary>Continuation token used to page through ad units. To retrieve the next page of results, set the next request&apos;s &quot;pageToken&quot; value to this.</summary>
        </member>
        <member name="P:Google.Apis.Adsense.v1_2.Data.AdsenseReportsGenerateResponse.Averages">
            <summary>The averages of the report. This is the same length as any other row in the report; cells corresponding to dimension columns are empty.</summary>
        </member>
        <member name="P:Google.Apis.Adsense.v1_2.Data.AdsenseReportsGenerateResponse.Headers">
            <summary>The header information of the columns requested in the report. This is a list of headers; one for each dimension in the request, followed by one for each metric in the request.</summary>
        </member>
        <member name="P:Google.Apis.Adsense.v1_2.Data.AdsenseReportsGenerateResponse.Kind">
            <summary>Kind this is, in this case adsense#report.</summary>
        </member>
        <member name="P:Google.Apis.Adsense.v1_2.Data.AdsenseReportsGenerateResponse.Rows">
            <summary>The output rows of the report. Each row is a list of cells; one for each dimension in the request, followed by one for each metric in the request. The dimension cells contain strings, and the metric cells contain numbers.</summary>
        </member>
        <member name="P:Google.Apis.Adsense.v1_2.Data.AdsenseReportsGenerateResponse.TotalMatchedRows">
            <summary>The total number of rows matched by the report request. Fewer rows may be returned in the response due to being limited by the row count requested or the report row limit.</summary>
        </member>
        <member name="P:Google.Apis.Adsense.v1_2.Data.AdsenseReportsGenerateResponse.Totals">
            <summary>The totals of the report. This is the same length as any other row in the report; cells corresponding to dimension columns are empty.</summary>
        </member>
        <member name="P:Google.Apis.Adsense.v1_2.Data.AdsenseReportsGenerateResponse.Warnings">
            <summary>Any warnings associated with generation of the report.</summary>
        </member>
        <member name="P:Google.Apis.Adsense.v1_2.Data.AdsenseReportsGenerateResponse.HeadersData.Currency">
            <summary>The currency of this column. Only present if the header type is METRIC_CURRENCY.</summary>
        </member>
        <member name="P:Google.Apis.Adsense.v1_2.Data.AdsenseReportsGenerateResponse.HeadersData.Name">
            <summary>The name of the header.</summary>
        </member>
        <member name="P:Google.Apis.Adsense.v1_2.Data.AdsenseReportsGenerateResponse.HeadersData.Type">
            <summary>The type of the header; one of DIMENSION, METRIC_TALLY, METRIC_RATIO, or METRIC_CURRENCY.</summary>
        </member>
        <member name="P:Google.Apis.Adsense.v1_2.Data.CustomChannel.Code">
            <summary>Code of this custom channel, not necessarily unique across ad clients.</summary>
        </member>
        <member name="P:Google.Apis.Adsense.v1_2.Data.CustomChannel.Id">
            <summary>Unique identifier of this custom channel. This should be considered an opaque identifier; it is not safe to rely on it being in any particular format.</summary>
        </member>
        <member name="P:Google.Apis.Adsense.v1_2.Data.CustomChannel.Kind">
            <summary>Kind of resource this is, in this case adsense#customChannel.</summary>
        </member>
        <member name="P:Google.Apis.Adsense.v1_2.Data.CustomChannel.Name">
            <summary>Name of this custom channel.</summary>
        </member>
        <member name="P:Google.Apis.Adsense.v1_2.Data.CustomChannel.TargetingInfo">
            <summary>The targeting information of this custom channel, if activated.</summary>
        </member>
        <member name="T:Google.Apis.Adsense.v1_2.Data.CustomChannel.TargetingInfoData">
            <summary>The targeting information of this custom channel, if activated.</summary>
        </member>
        <member name="P:Google.Apis.Adsense.v1_2.Data.CustomChannel.TargetingInfoData.AdsAppearOn">
            <summary>The name used to describe this channel externally.</summary>
        </member>
        <member name="P:Google.Apis.Adsense.v1_2.Data.CustomChannel.TargetingInfoData.Description">
            <summary>The external description of the channel.</summary>
        </member>
        <member name="P:Google.Apis.Adsense.v1_2.Data.CustomChannel.TargetingInfoData.Location">
            <summary>The locations in which ads appear. (Only valid for content and mobile content ads). Acceptable values for content ads are: TOP_LEFT, TOP_CENTER, TOP_RIGHT, MIDDLE_LEFT, MIDDLE_CENTER, MIDDLE_RIGHT, BOTTOM_LEFT, BOTTOM_CENTER, BOTTOM_RIGHT, MULTIPLE_LOCATIONS. Acceptable values for mobile content ads are: TOP, MIDDLE, BOTTOM, MULTIPLE_LOCATIONS.</summary>
        </member>
        <member name="P:Google.Apis.Adsense.v1_2.Data.CustomChannel.TargetingInfoData.SiteLanguage">
            <summary>The language of the sites ads will be displayed on.</summary>
        </member>
        <member name="P:Google.Apis.Adsense.v1_2.Data.CustomChannels.ETag">
            <summary>ETag of this response for caching purposes.</summary>
        </member>
        <member name="P:Google.Apis.Adsense.v1_2.Data.CustomChannels.Items">
            <summary>The custom channels returned in this list response.</summary>
        </member>
        <member name="P:Google.Apis.Adsense.v1_2.Data.CustomChannels.Kind">
            <summary>Kind of list this is, in this case adsense#customChannels.</summary>
        </member>
        <member name="P:Google.Apis.Adsense.v1_2.Data.CustomChannels.NextPageToken">
            <summary>Continuation token used to page through custom channels. To retrieve the next page of results, set the next request&apos;s &quot;pageToken&quot; value to this.</summary>
        </member>
        <member name="P:Google.Apis.Adsense.v1_2.Data.SavedAdStyle.Id">
            <summary>Unique identifier of this saved ad style. This should be considered an opaque identifier; it is not safe to rely on it being in any particular format.</summary>
        </member>
        <member name="P:Google.Apis.Adsense.v1_2.Data.SavedAdStyle.Kind">
            <summary>Kind of resource this is, in this case adsense#savedAdStyle.</summary>
        </member>
        <member name="P:Google.Apis.Adsense.v1_2.Data.SavedAdStyle.Name">
            <summary>The user selected name of this SavedAdStyle.</summary>
        </member>
        <member name="P:Google.Apis.Adsense.v1_2.Data.SavedAdStyles.ETag">
            <summary>ETag of this response for caching purposes.</summary>
        </member>
        <member name="P:Google.Apis.Adsense.v1_2.Data.SavedAdStyles.Items">
            <summary>The saved ad styles returned in this list response.</summary>
        </member>
        <member name="P:Google.Apis.Adsense.v1_2.Data.SavedAdStyles.Kind">
            <summary>Kind of list this is, in this case adsense#savedAdStyles.</summary>
        </member>
        <member name="P:Google.Apis.Adsense.v1_2.Data.SavedAdStyles.NextPageToken">
            <summary>Continuation token used to page through ad units. To retrieve the next page of results, set the next request&apos;s &quot;pageToken&quot; value to this.</summary>
        </member>
        <member name="P:Google.Apis.Adsense.v1_2.Data.SavedReport.Id">
            <summary>Unique identifier of this saved report.</summary>
        </member>
        <member name="P:Google.Apis.Adsense.v1_2.Data.SavedReport.Kind">
            <summary>Kind of resource this is, in this case adsense#savedReport.</summary>
        </member>
        <member name="P:Google.Apis.Adsense.v1_2.Data.SavedReport.Name">
            <summary>This saved report&apos;s name.</summary>
        </member>
        <member name="P:Google.Apis.Adsense.v1_2.Data.SavedReports.ETag">
            <summary>ETag of this response for caching purposes.</summary>
        </member>
        <member name="P:Google.Apis.Adsense.v1_2.Data.SavedReports.Items">
            <summary>The saved reports returned in this list response.</summary>
        </member>
        <member name="P:Google.Apis.Adsense.v1_2.Data.SavedReports.Kind">
            <summary>Kind of list this is, in this case adsense#savedReports.</summary>
        </member>
        <member name="P:Google.Apis.Adsense.v1_2.Data.SavedReports.NextPageToken">
            <summary>Continuation token used to page through saved reports. To retrieve the next page of results, set the next request&apos;s &quot;pageToken&quot; value to this.</summary>
        </member>
        <member name="P:Google.Apis.Adsense.v1_2.Data.UrlChannel.Id">
            <summary>Unique identifier of this URL channel. This should be considered an opaque identifier; it is not safe to rely on it being in any particular format.</summary>
        </member>
        <member name="P:Google.Apis.Adsense.v1_2.Data.UrlChannel.Kind">
            <summary>Kind of resource this is, in this case adsense#urlChannel.</summary>
        </member>
        <member name="P:Google.Apis.Adsense.v1_2.Data.UrlChannel.UrlPattern">
            <summary>URL Pattern of this URL channel. Does not include &quot;http://&quot; or &quot;https://&quot;. Example: www.example.com/home</summary>
        </member>
        <member name="P:Google.Apis.Adsense.v1_2.Data.UrlChannels.ETag">
            <summary>ETag of this response for caching purposes.</summary>
        </member>
        <member name="P:Google.Apis.Adsense.v1_2.Data.UrlChannels.Items">
            <summary>The URL channels returned in this list response.</summary>
        </member>
        <member name="P:Google.Apis.Adsense.v1_2.Data.UrlChannels.Kind">
            <summary>Kind of list this is, in this case adsense#urlChannels.</summary>
        </member>
        <member name="P:Google.Apis.Adsense.v1_2.Data.UrlChannels.NextPageToken">
            <summary>Continuation token used to page through URL channels. To retrieve the next page of results, set the next request&apos;s &quot;pageToken&quot; value to this.</summary>
        </member>
        <member name="P:Google.Apis.Adsense.v1_2.AdsenseService.Key">
            <summary>Sets the API-Key (or DeveloperKey) which this service uses for all requests</summary>
        </member>
        <member name="T:Google.Apis.Adsense.v1_2.AdsenseService.Scopes">
            <summary>A list of all OAuth2.0 scopes. Each of these scopes relates to a permission or group of permissions that different methods of this API may need.</summary>
        </member>
        <member name="F:Google.Apis.Adsense.v1_2.AdsenseService.Scopes.Adsense">
            <summary>View and manage your AdSense data</summary>
        </member>
        <member name="F:Google.Apis.Adsense.v1_2.AdsenseService.Scopes.AdsenseReadonly">
            <summary>View your AdSense data</summary>
        </member>
        <member name="M:Google.Apis.Adsense.v1_2.AccountsResource.Get(System.String)">
            <summary>Get information about the selected AdSense account.</summary>
            <param name="accountId">Required - Account to get information about.</param>
        </member>
        <member name="M:Google.Apis.Adsense.v1_2.AccountsResource.List">
            <summary>List all accounts available to this AdSense account.</summary>
        </member>
        <member name="M:Google.Apis.Adsense.v1_2.AccountsResource.AdclientsResource.List(System.String)">
            <summary>List all ad clients in the specified account.</summary>
            <param name="accountId">Required - Account for which to list ad clients.</param>
        </member>
        <member name="P:Google.Apis.Adsense.v1_2.AccountsResource.AdclientsResource.ListRequest.Oauth_token">
            <summary>OAuth 2.0 token for the current user.</summary>
        </member>
        <member name="P:Google.Apis.Adsense.v1_2.AccountsResource.AdclientsResource.ListRequest.PrettyPrint">
            <summary>Returns response with indentations and line breaks.</summary>
        </member>
        <member name="P:Google.Apis.Adsense.v1_2.AccountsResource.AdclientsResource.ListRequest.AccountId">
            <summary>Account for which to list ad clients.</summary>
        </member>
        <member name="P:Google.Apis.Adsense.v1_2.AccountsResource.AdclientsResource.ListRequest.MaxResults">
            <summary>The maximum number of ad clients to include in the response, used for paging.</summary>
        </member>
        <member name="P:Google.Apis.Adsense.v1_2.AccountsResource.AdclientsResource.ListRequest.PageToken">
            <summary>A continuation token, used to page through ad clients. To retrieve the next page, set this parameter to the value of "nextPageToken" from the previous response.</summary>
        </member>
        <member name="M:Google.Apis.Adsense.v1_2.AccountsResource.AdunitsResource.Get(System.String,System.String,System.String)">
            <summary>Gets the specified ad unit in the specified ad client for the specified account.</summary>
            <param name="accountId">Required - Account to which the ad client belongs.</param>
            <param name="adClientId">Required - Ad client for which to get the ad unit.</param>
            <param name="adUnitId">Required - Ad unit to retrieve.</param>
        </member>
        <member name="M:Google.Apis.Adsense.v1_2.AccountsResource.AdunitsResource.List(System.String,System.String)">
            <summary>List all ad units in the specified ad client for the specified account.</summary>
            <param name="accountId">Required - Account to which the ad client belongs.</param>
            <param name="adClientId">Required - Ad client for which to list ad units.</param>
        </member>
        <member name="M:Google.Apis.Adsense.v1_2.AccountsResource.AdunitsResource.CustomchannelsResource.List(System.String,System.String,System.String)">
            <summary>List all custom channels which the specified ad unit belongs to.</summary>
            <param name="accountId">Required - Account to which the ad client belongs.</param>
            <param name="adClientId">Required - Ad client which contains the ad unit.</param>
            <param name="adUnitId">Required - Ad unit for which to list custom channels.</param>
        </member>
        <member name="P:Google.Apis.Adsense.v1_2.AccountsResource.AdunitsResource.CustomchannelsResource.ListRequest.Oauth_token">
            <summary>OAuth 2.0 token for the current user.</summary>
        </member>
        <member name="P:Google.Apis.Adsense.v1_2.AccountsResource.AdunitsResource.CustomchannelsResource.ListRequest.PrettyPrint">
            <summary>Returns response with indentations and line breaks.</summary>
        </member>
        <member name="P:Google.Apis.Adsense.v1_2.AccountsResource.AdunitsResource.CustomchannelsResource.ListRequest.AccountId">
            <summary>Account to which the ad client belongs.</summary>
        </member>
        <member name="P:Google.Apis.Adsense.v1_2.AccountsResource.AdunitsResource.CustomchannelsResource.ListRequest.AdClientId">
            <summary>Ad client which contains the ad unit.</summary>
        </member>
        <member name="P:Google.Apis.Adsense.v1_2.AccountsResource.AdunitsResource.CustomchannelsResource.ListRequest.AdUnitId">
            <summary>Ad unit for which to list custom channels.</summary>
        </member>
        <member name="P:Google.Apis.Adsense.v1_2.AccountsResource.AdunitsResource.CustomchannelsResource.ListRequest.MaxResults">
            <summary>The maximum number of custom channels to include in the response, used for paging.</summary>
        </member>
        <member name="P:Google.Apis.Adsense.v1_2.AccountsResource.AdunitsResource.CustomchannelsResource.ListRequest.PageToken">
            <summary>A continuation token, used to page through custom channels. To retrieve the next page, set this parameter to the value of "nextPageToken" from the previous response.</summary>
        </member>
        <member name="P:Google.Apis.Adsense.v1_2.AccountsResource.AdunitsResource.GetRequest.Oauth_token">
            <summary>OAuth 2.0 token for the current user.</summary>
        </member>
        <member name="P:Google.Apis.Adsense.v1_2.AccountsResource.AdunitsResource.GetRequest.PrettyPrint">
            <summary>Returns response with indentations and line breaks.</summary>
        </member>
        <member name="P:Google.Apis.Adsense.v1_2.AccountsResource.AdunitsResource.GetRequest.AccountId">
            <summary>Account to which the ad client belongs.</summary>
        </member>
        <member name="P:Google.Apis.Adsense.v1_2.AccountsResource.AdunitsResource.GetRequest.AdClientId">
            <summary>Ad client for which to get the ad unit.</summary>
        </member>
        <member name="P:Google.Apis.Adsense.v1_2.AccountsResource.AdunitsResource.GetRequest.AdUnitId">
            <summary>Ad unit to retrieve.</summary>
        </member>
        <member name="P:Google.Apis.Adsense.v1_2.AccountsResource.AdunitsResource.ListRequest.Oauth_token">
            <summary>OAuth 2.0 token for the current user.</summary>
        </member>
        <member name="P:Google.Apis.Adsense.v1_2.AccountsResource.AdunitsResource.ListRequest.PrettyPrint">
            <summary>Returns response with indentations and line breaks.</summary>
        </member>
        <member name="P:Google.Apis.Adsense.v1_2.AccountsResource.AdunitsResource.ListRequest.AccountId">
            <summary>Account to which the ad client belongs.</summary>
        </member>
        <member name="P:Google.Apis.Adsense.v1_2.AccountsResource.AdunitsResource.ListRequest.AdClientId">
            <summary>Ad client for which to list ad units.</summary>
        </member>
        <member name="P:Google.Apis.Adsense.v1_2.AccountsResource.AdunitsResource.ListRequest.IncludeInactive">
            <summary>Whether to include inactive ad units. Default: true.</summary>
        </member>
        <member name="P:Google.Apis.Adsense.v1_2.AccountsResource.AdunitsResource.ListRequest.MaxResults">
            <summary>The maximum number of ad units to include in the response, used for paging.</summary>
        </member>
        <member name="P:Google.Apis.Adsense.v1_2.AccountsResource.AdunitsResource.ListRequest.PageToken">
            <summary>A continuation token, used to page through ad units. To retrieve the next page, set this parameter to the value of "nextPageToken" from the previous response.</summary>
        </member>
        <member name="M:Google.Apis.Adsense.v1_2.AccountsResource.CustomchannelsResource.Get(System.String,System.String,System.String)">
            <summary>Get the specified custom channel from the specified ad client for the specified account.</summary>
            <param name="accountId">Required - Account to which the ad client belongs.</param>
            <param name="adClientId">Required - Ad client which contains the custom channel.</param>
            <param name="customChannelId">Required - Custom channel to retrieve.</param>
        </member>
        <member name="M:Google.Apis.Adsense.v1_2.AccountsResource.CustomchannelsResource.List(System.String,System.String)">
            <summary>List all custom channels in the specified ad client for the specified account.</summary>
            <param name="accountId">Required - Account to which the ad client belongs.</param>
            <param name="adClientId">Required - Ad client for which to list custom channels.</param>
        </member>
        <member name="M:Google.Apis.Adsense.v1_2.AccountsResource.CustomchannelsResource.AdunitsResource.List(System.String,System.String,System.String)">
            <summary>List all ad units in the specified custom channel.</summary>
            <param name="accountId">Required - Account to which the ad client belongs.</param>
            <param name="adClientId">Required - Ad client which contains the custom channel.</param>
            <param name="customChannelId">Required - Custom channel for which to list ad units.</param>
        </member>
        <member name="P:Google.Apis.Adsense.v1_2.AccountsResource.CustomchannelsResource.AdunitsResource.ListRequest.Oauth_token">
            <summary>OAuth 2.0 token for the current user.</summary>
        </member>
        <member name="P:Google.Apis.Adsense.v1_2.AccountsResource.CustomchannelsResource.AdunitsResource.ListRequest.PrettyPrint">
            <summary>Returns response with indentations and line breaks.</summary>
        </member>
        <member name="P:Google.Apis.Adsense.v1_2.AccountsResource.CustomchannelsResource.AdunitsResource.ListRequest.AccountId">
            <summary>Account to which the ad client belongs.</summary>
        </member>
        <member name="P:Google.Apis.Adsense.v1_2.AccountsResource.CustomchannelsResource.AdunitsResource.ListRequest.AdClientId">
            <summary>Ad client which contains the custom channel.</summary>
        </member>
        <member name="P:Google.Apis.Adsense.v1_2.AccountsResource.CustomchannelsResource.AdunitsResource.ListRequest.CustomChannelId">
            <summary>Custom channel for which to list ad units.</summary>
        </member>
        <member name="P:Google.Apis.Adsense.v1_2.AccountsResource.CustomchannelsResource.AdunitsResource.ListRequest.IncludeInactive">
            <summary>Whether to include inactive ad units. Default: true.</summary>
        </member>
        <member name="P:Google.Apis.Adsense.v1_2.AccountsResource.CustomchannelsResource.AdunitsResource.ListRequest.MaxResults">
            <summary>The maximum number of ad units to include in the response, used for paging.</summary>
        </member>
        <member name="P:Google.Apis.Adsense.v1_2.AccountsResource.CustomchannelsResource.AdunitsResource.ListRequest.PageToken">
            <summary>A continuation token, used to page through ad units. To retrieve the next page, set this parameter to the value of "nextPageToken" from the previous response.</summary>
        </member>
        <member name="P:Google.Apis.Adsense.v1_2.AccountsResource.CustomchannelsResource.GetRequest.Oauth_token">
            <summary>OAuth 2.0 token for the current user.</summary>
        </member>
        <member name="P:Google.Apis.Adsense.v1_2.AccountsResource.CustomchannelsResource.GetRequest.PrettyPrint">
            <summary>Returns response with indentations and line breaks.</summary>
        </member>
        <member name="P:Google.Apis.Adsense.v1_2.AccountsResource.CustomchannelsResource.GetRequest.AccountId">
            <summary>Account to which the ad client belongs.</summary>
        </member>
        <member name="P:Google.Apis.Adsense.v1_2.AccountsResource.CustomchannelsResource.GetRequest.AdClientId">
            <summary>Ad client which contains the custom channel.</summary>
        </member>
        <member name="P:Google.Apis.Adsense.v1_2.AccountsResource.CustomchannelsResource.GetRequest.CustomChannelId">
            <summary>Custom channel to retrieve.</summary>
        </member>
        <member name="P:Google.Apis.Adsense.v1_2.AccountsResource.CustomchannelsResource.ListRequest.Oauth_token">
            <summary>OAuth 2.0 token for the current user.</summary>
        </member>
        <member name="P:Google.Apis.Adsense.v1_2.AccountsResource.CustomchannelsResource.ListRequest.PrettyPrint">
            <summary>Returns response with indentations and line breaks.</summary>
        </member>
        <member name="P:Google.Apis.Adsense.v1_2.AccountsResource.CustomchannelsResource.ListRequest.AccountId">
            <summary>Account to which the ad client belongs.</summary>
        </member>
        <member name="P:Google.Apis.Adsense.v1_2.AccountsResource.CustomchannelsResource.ListRequest.AdClientId">
            <summary>Ad client for which to list custom channels.</summary>
        </member>
        <member name="P:Google.Apis.Adsense.v1_2.AccountsResource.CustomchannelsResource.ListRequest.MaxResults">
            <summary>The maximum number of custom channels to include in the response, used for paging.</summary>
        </member>
        <member name="P:Google.Apis.Adsense.v1_2.AccountsResource.CustomchannelsResource.ListRequest.PageToken">
            <summary>A continuation token, used to page through custom channels. To retrieve the next page, set this parameter to the value of "nextPageToken" from the previous response.</summary>
        </member>
        <member name="M:Google.Apis.Adsense.v1_2.AccountsResource.ReportsResource.Generate(System.String,System.String,System.String)">
            <summary>Generate an AdSense report based on the report request sent in the query parameters. Returns the result as JSON; to retrieve output in CSV format specify &quot;alt=csv&quot; as a query parameter.</summary>
            <param name="accountId">Required - Account upon which to report.</param>
            <param name="startDate">Required - Must match pattern \d{4}-\d{2}-\d{2}|(today|startOfMonth|startOfYear)(([\-\+]\d+[dwmy]){0,2}?) - Start of the date range to report on in &quot;YYYY-MM-DD&quot; format, inclusive.</param>
            <param name="endDate">Required - Must match pattern \d{4}-\d{2}-\d{2}|(today|startOfMonth|startOfYear)(([\-\+]\d+[dwmy]){0,2}?) - End of the date range to report on in &quot;YYYY-MM-DD&quot; format, inclusive.</param>
        </member>
        <member name="M:Google.Apis.Adsense.v1_2.AccountsResource.ReportsResource.SavedResource.Generate(System.String,System.String)">
            <summary>Generate an AdSense report based on the saved report ID sent in the query parameters.</summary>
            <param name="accountId">Required - Account to which the saved reports belong.</param>
            <param name="savedReportId">Required - The saved report to retrieve.</param>
        </member>
        <member name="M:Google.Apis.Adsense.v1_2.AccountsResource.ReportsResource.SavedResource.List(System.String)">
            <summary>List all saved reports in the specified AdSense account.</summary>
            <param name="accountId">Required - Account to which the saved reports belong.</param>
        </member>
        <member name="P:Google.Apis.Adsense.v1_2.AccountsResource.ReportsResource.SavedResource.GenerateRequest.Oauth_token">
            <summary>OAuth 2.0 token for the current user.</summary>
        </member>
        <member name="P:Google.Apis.Adsense.v1_2.AccountsResource.ReportsResource.SavedResource.GenerateRequest.PrettyPrint">
            <summary>Returns response with indentations and line breaks.</summary>
        </member>
        <member name="P:Google.Apis.Adsense.v1_2.AccountsResource.ReportsResource.SavedResource.GenerateRequest.AccountId">
            <summary>Account to which the saved reports belong.</summary>
        </member>
        <member name="P:Google.Apis.Adsense.v1_2.AccountsResource.ReportsResource.SavedResource.GenerateRequest.Locale">
            <summary>Optional locale to use for translating report output to a local language. Defaults to "en_US" if not specified.</summary>
        </member>
        <member name="P:Google.Apis.Adsense.v1_2.AccountsResource.ReportsResource.SavedResource.GenerateRequest.MaxResults">
            <summary>The maximum number of rows of report data to return.</summary>
        </member>
        <member name="P:Google.Apis.Adsense.v1_2.AccountsResource.ReportsResource.SavedResource.GenerateRequest.SavedReportId">
            <summary>The saved report to retrieve.</summary>
        </member>
        <member name="P:Google.Apis.Adsense.v1_2.AccountsResource.ReportsResource.SavedResource.GenerateRequest.StartIndex">
            <summary>Index of the first row of report data to return.</summary>
        </member>
        <member name="P:Google.Apis.Adsense.v1_2.AccountsResource.ReportsResource.SavedResource.ListRequest.Oauth_token">
            <summary>OAuth 2.0 token for the current user.</summary>
        </member>
        <member name="P:Google.Apis.Adsense.v1_2.AccountsResource.ReportsResource.SavedResource.ListRequest.PrettyPrint">
            <summary>Returns response with indentations and line breaks.</summary>
        </member>
        <member name="P:Google.Apis.Adsense.v1_2.AccountsResource.ReportsResource.SavedResource.ListRequest.AccountId">
            <summary>Account to which the saved reports belong.</summary>
        </member>
        <member name="P:Google.Apis.Adsense.v1_2.AccountsResource.ReportsResource.SavedResource.ListRequest.MaxResults">
            <summary>The maximum number of saved reports to include in the response, used for paging.</summary>
        </member>
        <member name="P:Google.Apis.Adsense.v1_2.AccountsResource.ReportsResource.SavedResource.ListRequest.PageToken">
            <summary>A continuation token, used to page through saved reports. To retrieve the next page, set this parameter to the value of "nextPageToken" from the previous response.</summary>
        </member>
        <member name="P:Google.Apis.Adsense.v1_2.AccountsResource.ReportsResource.GenerateRequest.Oauth_token">
            <summary>OAuth 2.0 token for the current user.</summary>
        </member>
        <member name="P:Google.Apis.Adsense.v1_2.AccountsResource.ReportsResource.GenerateRequest.PrettyPrint">
            <summary>Returns response with indentations and line breaks.</summary>
        </member>
        <member name="P:Google.Apis.Adsense.v1_2.AccountsResource.ReportsResource.GenerateRequest.AccountId">
            <summary>Account upon which to report.</summary>
        </member>
        <member name="P:Google.Apis.Adsense.v1_2.AccountsResource.ReportsResource.GenerateRequest.Currency">
            <summary>Optional currency to use when reporting on monetary metrics. Defaults to the account's currency if not set.</summary>
        </member>
        <member name="P:Google.Apis.Adsense.v1_2.AccountsResource.ReportsResource.GenerateRequest.Dimension">
            <summary>Dimensions to base the report on.</summary>
        </member>
        <member name="P:Google.Apis.Adsense.v1_2.AccountsResource.ReportsResource.GenerateRequest.EndDate">
            <summary>End of the date range to report on in "YYYY-MM-DD" format, inclusive.</summary>
        </member>
        <member name="P:Google.Apis.Adsense.v1_2.AccountsResource.ReportsResource.GenerateRequest.Filter">
            <summary>Filters to be run on the report.</summary>
        </member>
        <member name="P:Google.Apis.Adsense.v1_2.AccountsResource.ReportsResource.GenerateRequest.Locale">
            <summary>Optional locale to use for translating report output to a local language. Defaults to "en_US" if not specified.</summary>
        </member>
        <member name="P:Google.Apis.Adsense.v1_2.AccountsResource.ReportsResource.GenerateRequest.MaxResults">
            <summary>The maximum number of rows of report data to return.</summary>
        </member>
        <member name="P:Google.Apis.Adsense.v1_2.AccountsResource.ReportsResource.GenerateRequest.Metric">
            <summary>Numeric columns to include in the report.</summary>
        </member>
        <member name="P:Google.Apis.Adsense.v1_2.AccountsResource.ReportsResource.GenerateRequest.Sort">
            <summary>The name of a dimension or metric to sort the resulting report on, optionally prefixed with "+" to sort ascending or "-" to sort descending. If no prefix is specified, the column is sorted ascending.</summary>
        </member>
        <member name="P:Google.Apis.Adsense.v1_2.AccountsResource.ReportsResource.GenerateRequest.StartDate">
            <summary>Start of the date range to report on in "YYYY-MM-DD" format, inclusive.</summary>
        </member>
        <member name="P:Google.Apis.Adsense.v1_2.AccountsResource.ReportsResource.GenerateRequest.StartIndex">
            <summary>Index of the first row of report data to return.</summary>
        </member>
        <member name="M:Google.Apis.Adsense.v1_2.AccountsResource.SavedadstylesResource.Get(System.String,System.String)">
            <summary>List a specific saved ad style for the specified account.</summary>
            <param name="accountId">Required - Account for which to get the saved ad style.</param>
            <param name="savedAdStyleId">Required - Saved ad style to retrieve.</param>
        </member>
        <member name="M:Google.Apis.Adsense.v1_2.AccountsResource.SavedadstylesResource.List(System.String)">
            <summary>List all saved ad styles in the specified account.</summary>
            <param name="accountId">Required - Account for which to list saved ad styles.</param>
        </member>
        <member name="P:Google.Apis.Adsense.v1_2.AccountsResource.SavedadstylesResource.GetRequest.Oauth_token">
            <summary>OAuth 2.0 token for the current user.</summary>
        </member>
        <member name="P:Google.Apis.Adsense.v1_2.AccountsResource.SavedadstylesResource.GetRequest.PrettyPrint">
            <summary>Returns response with indentations and line breaks.</summary>
        </member>
        <member name="P:Google.Apis.Adsense.v1_2.AccountsResource.SavedadstylesResource.GetRequest.AccountId">
            <summary>Account for which to get the saved ad style.</summary>
        </member>
        <member name="P:Google.Apis.Adsense.v1_2.AccountsResource.SavedadstylesResource.GetRequest.SavedAdStyleId">
            <summary>Saved ad style to retrieve.</summary>
        </member>
        <member name="P:Google.Apis.Adsense.v1_2.AccountsResource.SavedadstylesResource.ListRequest.Oauth_token">
            <summary>OAuth 2.0 token for the current user.</summary>
        </member>
        <member name="P:Google.Apis.Adsense.v1_2.AccountsResource.SavedadstylesResource.ListRequest.PrettyPrint">
            <summary>Returns response with indentations and line breaks.</summary>
        </member>
        <member name="P:Google.Apis.Adsense.v1_2.AccountsResource.SavedadstylesResource.ListRequest.AccountId">
            <summary>Account for which to list saved ad styles.</summary>
        </member>
        <member name="P:Google.Apis.Adsense.v1_2.AccountsResource.SavedadstylesResource.ListRequest.MaxResults">
            <summary>The maximum number of saved ad styles to include in the response, used for paging.</summary>
        </member>
        <member name="P:Google.Apis.Adsense.v1_2.AccountsResource.SavedadstylesResource.ListRequest.PageToken">
            <summary>A continuation token, used to page through saved ad styles. To retrieve the next page, set this parameter to the value of "nextPageToken" from the previous response.</summary>
        </member>
        <member name="M:Google.Apis.Adsense.v1_2.AccountsResource.UrlchannelsResource.List(System.String,System.String)">
            <summary>List all URL channels in the specified ad client for the specified account.</summary>
            <param name="accountId">Required - Account to which the ad client belongs.</param>
            <param name="adClientId">Required - Ad client for which to list URL channels.</param>
        </member>
        <member name="P:Google.Apis.Adsense.v1_2.AccountsResource.UrlchannelsResource.ListRequest.Oauth_token">
            <summary>OAuth 2.0 token for the current user.</summary>
        </member>
        <member name="P:Google.Apis.Adsense.v1_2.AccountsResource.UrlchannelsResource.ListRequest.PrettyPrint">
            <summary>Returns response with indentations and line breaks.</summary>
        </member>
        <member name="P:Google.Apis.Adsense.v1_2.AccountsResource.UrlchannelsResource.ListRequest.AccountId">
            <summary>Account to which the ad client belongs.</summary>
        </member>
        <member name="P:Google.Apis.Adsense.v1_2.AccountsResource.UrlchannelsResource.ListRequest.AdClientId">
            <summary>Ad client for which to list URL channels.</summary>
        </member>
        <member name="P:Google.Apis.Adsense.v1_2.AccountsResource.UrlchannelsResource.ListRequest.MaxResults">
            <summary>The maximum number of URL channels to include in the response, used for paging.</summary>
        </member>
        <member name="P:Google.Apis.Adsense.v1_2.AccountsResource.UrlchannelsResource.ListRequest.PageToken">
            <summary>A continuation token, used to page through URL channels. To retrieve the next page, set this parameter to the value of "nextPageToken" from the previous response.</summary>
        </member>
        <member name="P:Google.Apis.Adsense.v1_2.AccountsResource.GetRequest.Oauth_token">
            <summary>OAuth 2.0 token for the current user.</summary>
        </member>
        <member name="P:Google.Apis.Adsense.v1_2.AccountsResource.GetRequest.PrettyPrint">
            <summary>Returns response with indentations and line breaks.</summary>
        </member>
        <member name="P:Google.Apis.Adsense.v1_2.AccountsResource.GetRequest.AccountId">
            <summary>Account to get information about.</summary>
        </member>
        <member name="P:Google.Apis.Adsense.v1_2.AccountsResource.GetRequest.Tree">
            <summary>Whether the tree of sub accounts should be returned.</summary>
        </member>
        <member name="P:Google.Apis.Adsense.v1_2.AccountsResource.ListRequest.Oauth_token">
            <summary>OAuth 2.0 token for the current user.</summary>
        </member>
        <member name="P:Google.Apis.Adsense.v1_2.AccountsResource.ListRequest.PrettyPrint">
            <summary>Returns response with indentations and line breaks.</summary>
        </member>
        <member name="P:Google.Apis.Adsense.v1_2.AccountsResource.ListRequest.MaxResults">
            <summary>The maximum number of accounts to include in the response, used for paging.</summary>
        </member>
        <member name="P:Google.Apis.Adsense.v1_2.AccountsResource.ListRequest.PageToken">
            <summary>A continuation token, used to page through accounts. To retrieve the next page, set this parameter to the value of "nextPageToken" from the previous response.</summary>
        </member>
        <member name="M:Google.Apis.Adsense.v1_2.AdclientsResource.List">
            <summary>List all ad clients in this AdSense account.</summary>
        </member>
        <member name="P:Google.Apis.Adsense.v1_2.AdclientsResource.ListRequest.Oauth_token">
            <summary>OAuth 2.0 token for the current user.</summary>
        </member>
        <member name="P:Google.Apis.Adsense.v1_2.AdclientsResource.ListRequest.PrettyPrint">
            <summary>Returns response with indentations and line breaks.</summary>
        </member>
        <member name="P:Google.Apis.Adsense.v1_2.AdclientsResource.ListRequest.MaxResults">
            <summary>The maximum number of ad clients to include in the response, used for paging.</summary>
        </member>
        <member name="P:Google.Apis.Adsense.v1_2.AdclientsResource.ListRequest.PageToken">
            <summary>A continuation token, used to page through ad clients. To retrieve the next page, set this parameter to the value of "nextPageToken" from the previous response.</summary>
        </member>
        <member name="M:Google.Apis.Adsense.v1_2.AdunitsResource.Get(System.String,System.String)">
            <summary>Gets the specified ad unit in the specified ad client.</summary>
            <param name="adClientId">Required - Ad client for which to get the ad unit.</param>
            <param name="adUnitId">Required - Ad unit to retrieve.</param>
        </member>
        <member name="M:Google.Apis.Adsense.v1_2.AdunitsResource.List(System.String)">
            <summary>List all ad units in the specified ad client for this AdSense account.</summary>
            <param name="adClientId">Required - Ad client for which to list ad units.</param>
        </member>
        <member name="M:Google.Apis.Adsense.v1_2.AdunitsResource.CustomchannelsResource.List(System.String,System.String)">
            <summary>List all custom channels which the specified ad unit belongs to.</summary>
            <param name="adClientId">Required - Ad client which contains the ad unit.</param>
            <param name="adUnitId">Required - Ad unit for which to list custom channels.</param>
        </member>
        <member name="P:Google.Apis.Adsense.v1_2.AdunitsResource.CustomchannelsResource.ListRequest.Oauth_token">
            <summary>OAuth 2.0 token for the current user.</summary>
        </member>
        <member name="P:Google.Apis.Adsense.v1_2.AdunitsResource.CustomchannelsResource.ListRequest.PrettyPrint">
            <summary>Returns response with indentations and line breaks.</summary>
        </member>
        <member name="P:Google.Apis.Adsense.v1_2.AdunitsResource.CustomchannelsResource.ListRequest.AdClientId">
            <summary>Ad client which contains the ad unit.</summary>
        </member>
        <member name="P:Google.Apis.Adsense.v1_2.AdunitsResource.CustomchannelsResource.ListRequest.AdUnitId">
            <summary>Ad unit for which to list custom channels.</summary>
        </member>
        <member name="P:Google.Apis.Adsense.v1_2.AdunitsResource.CustomchannelsResource.ListRequest.MaxResults">
            <summary>The maximum number of custom channels to include in the response, used for paging.</summary>
        </member>
        <member name="P:Google.Apis.Adsense.v1_2.AdunitsResource.CustomchannelsResource.ListRequest.PageToken">
            <summary>A continuation token, used to page through custom channels. To retrieve the next page, set this parameter to the value of "nextPageToken" from the previous response.</summary>
        </member>
        <member name="P:Google.Apis.Adsense.v1_2.AdunitsResource.GetRequest.Oauth_token">
            <summary>OAuth 2.0 token for the current user.</summary>
        </member>
        <member name="P:Google.Apis.Adsense.v1_2.AdunitsResource.GetRequest.PrettyPrint">
            <summary>Returns response with indentations and line breaks.</summary>
        </member>
        <member name="P:Google.Apis.Adsense.v1_2.AdunitsResource.GetRequest.AdClientId">
            <summary>Ad client for which to get the ad unit.</summary>
        </member>
        <member name="P:Google.Apis.Adsense.v1_2.AdunitsResource.GetRequest.AdUnitId">
            <summary>Ad unit to retrieve.</summary>
        </member>
        <member name="P:Google.Apis.Adsense.v1_2.AdunitsResource.ListRequest.Oauth_token">
            <summary>OAuth 2.0 token for the current user.</summary>
        </member>
        <member name="P:Google.Apis.Adsense.v1_2.AdunitsResource.ListRequest.PrettyPrint">
            <summary>Returns response with indentations and line breaks.</summary>
        </member>
        <member name="P:Google.Apis.Adsense.v1_2.AdunitsResource.ListRequest.AdClientId">
            <summary>Ad client for which to list ad units.</summary>
        </member>
        <member name="P:Google.Apis.Adsense.v1_2.AdunitsResource.ListRequest.IncludeInactive">
            <summary>Whether to include inactive ad units. Default: true.</summary>
        </member>
        <member name="P:Google.Apis.Adsense.v1_2.AdunitsResource.ListRequest.MaxResults">
            <summary>The maximum number of ad units to include in the response, used for paging.</summary>
        </member>
        <member name="P:Google.Apis.Adsense.v1_2.AdunitsResource.ListRequest.PageToken">
            <summary>A continuation token, used to page through ad units. To retrieve the next page, set this parameter to the value of "nextPageToken" from the previous response.</summary>
        </member>
        <member name="M:Google.Apis.Adsense.v1_2.CustomchannelsResource.Get(System.String,System.String)">
            <summary>Get the specified custom channel from the specified ad client.</summary>
            <param name="adClientId">Required - Ad client which contains the custom channel.</param>
            <param name="customChannelId">Required - Custom channel to retrieve.</param>
        </member>
        <member name="M:Google.Apis.Adsense.v1_2.CustomchannelsResource.List(System.String)">
            <summary>List all custom channels in the specified ad client for this AdSense account.</summary>
            <param name="adClientId">Required - Ad client for which to list custom channels.</param>
        </member>
        <member name="M:Google.Apis.Adsense.v1_2.CustomchannelsResource.AdunitsResource.List(System.String,System.String)">
            <summary>List all ad units in the specified custom channel.</summary>
            <param name="adClientId">Required - Ad client which contains the custom channel.</param>
            <param name="customChannelId">Required - Custom channel for which to list ad units.</param>
        </member>
        <member name="P:Google.Apis.Adsense.v1_2.CustomchannelsResource.AdunitsResource.ListRequest.Oauth_token">
            <summary>OAuth 2.0 token for the current user.</summary>
        </member>
        <member name="P:Google.Apis.Adsense.v1_2.CustomchannelsResource.AdunitsResource.ListRequest.PrettyPrint">
            <summary>Returns response with indentations and line breaks.</summary>
        </member>
        <member name="P:Google.Apis.Adsense.v1_2.CustomchannelsResource.AdunitsResource.ListRequest.AdClientId">
            <summary>Ad client which contains the custom channel.</summary>
        </member>
        <member name="P:Google.Apis.Adsense.v1_2.CustomchannelsResource.AdunitsResource.ListRequest.CustomChannelId">
            <summary>Custom channel for which to list ad units.</summary>
        </member>
        <member name="P:Google.Apis.Adsense.v1_2.CustomchannelsResource.AdunitsResource.ListRequest.IncludeInactive">
            <summary>Whether to include inactive ad units. Default: true.</summary>
        </member>
        <member name="P:Google.Apis.Adsense.v1_2.CustomchannelsResource.AdunitsResource.ListRequest.MaxResults">
            <summary>The maximum number of ad units to include in the response, used for paging.</summary>
        </member>
        <member name="P:Google.Apis.Adsense.v1_2.CustomchannelsResource.AdunitsResource.ListRequest.PageToken">
            <summary>A continuation token, used to page through ad units. To retrieve the next page, set this parameter to the value of "nextPageToken" from the previous response.</summary>
        </member>
        <member name="P:Google.Apis.Adsense.v1_2.CustomchannelsResource.GetRequest.Oauth_token">
            <summary>OAuth 2.0 token for the current user.</summary>
        </member>
        <member name="P:Google.Apis.Adsense.v1_2.CustomchannelsResource.GetRequest.PrettyPrint">
            <summary>Returns response with indentations and line breaks.</summary>
        </member>
        <member name="P:Google.Apis.Adsense.v1_2.CustomchannelsResource.GetRequest.AdClientId">
            <summary>Ad client which contains the custom channel.</summary>
        </member>
        <member name="P:Google.Apis.Adsense.v1_2.CustomchannelsResource.GetRequest.CustomChannelId">
            <summary>Custom channel to retrieve.</summary>
        </member>
        <member name="P:Google.Apis.Adsense.v1_2.CustomchannelsResource.ListRequest.Oauth_token">
            <summary>OAuth 2.0 token for the current user.</summary>
        </member>
        <member name="P:Google.Apis.Adsense.v1_2.CustomchannelsResource.ListRequest.PrettyPrint">
            <summary>Returns response with indentations and line breaks.</summary>
        </member>
        <member name="P:Google.Apis.Adsense.v1_2.CustomchannelsResource.ListRequest.AdClientId">
            <summary>Ad client for which to list custom channels.</summary>
        </member>
        <member name="P:Google.Apis.Adsense.v1_2.CustomchannelsResource.ListRequest.MaxResults">
            <summary>The maximum number of custom channels to include in the response, used for paging.</summary>
        </member>
        <member name="P:Google.Apis.Adsense.v1_2.CustomchannelsResource.ListRequest.PageToken">
            <summary>A continuation token, used to page through custom channels. To retrieve the next page, set this parameter to the value of "nextPageToken" from the previous response.</summary>
        </member>
        <member name="M:Google.Apis.Adsense.v1_2.ReportsResource.Generate(System.String,System.String)">
            <summary>Generate an AdSense report based on the report request sent in the query parameters. Returns the result as JSON; to retrieve output in CSV format specify &quot;alt=csv&quot; as a query parameter.</summary>
            <param name="startDate">Required - Must match pattern \d{4}-\d{2}-\d{2}|(today|startOfMonth|startOfYear)(([\-\+]\d+[dwmy]){0,2}?) - Start of the date range to report on in &quot;YYYY-MM-DD&quot; format, inclusive.</param>
            <param name="endDate">Required - Must match pattern \d{4}-\d{2}-\d{2}|(today|startOfMonth|startOfYear)(([\-\+]\d+[dwmy]){0,2}?) - End of the date range to report on in &quot;YYYY-MM-DD&quot; format, inclusive.</param>
        </member>
        <member name="M:Google.Apis.Adsense.v1_2.ReportsResource.SavedResource.Generate(System.String)">
            <summary>Generate an AdSense report based on the saved report ID sent in the query parameters.</summary>
            <param name="savedReportId">Required - The saved report to retrieve.</param>
        </member>
        <member name="M:Google.Apis.Adsense.v1_2.ReportsResource.SavedResource.List">
            <summary>List all saved reports in this AdSense account.</summary>
        </member>
        <member name="P:Google.Apis.Adsense.v1_2.ReportsResource.SavedResource.GenerateRequest.Oauth_token">
            <summary>OAuth 2.0 token for the current user.</summary>
        </member>
        <member name="P:Google.Apis.Adsense.v1_2.ReportsResource.SavedResource.GenerateRequest.PrettyPrint">
            <summary>Returns response with indentations and line breaks.</summary>
        </member>
        <member name="P:Google.Apis.Adsense.v1_2.ReportsResource.SavedResource.GenerateRequest.Locale">
            <summary>Optional locale to use for translating report output to a local language. Defaults to "en_US" if not specified.</summary>
        </member>
        <member name="P:Google.Apis.Adsense.v1_2.ReportsResource.SavedResource.GenerateRequest.MaxResults">
            <summary>The maximum number of rows of report data to return.</summary>
        </member>
        <member name="P:Google.Apis.Adsense.v1_2.ReportsResource.SavedResource.GenerateRequest.SavedReportId">
            <summary>The saved report to retrieve.</summary>
        </member>
        <member name="P:Google.Apis.Adsense.v1_2.ReportsResource.SavedResource.GenerateRequest.StartIndex">
            <summary>Index of the first row of report data to return.</summary>
        </member>
        <member name="P:Google.Apis.Adsense.v1_2.ReportsResource.SavedResource.ListRequest.Oauth_token">
            <summary>OAuth 2.0 token for the current user.</summary>
        </member>
        <member name="P:Google.Apis.Adsense.v1_2.ReportsResource.SavedResource.ListRequest.PrettyPrint">
            <summary>Returns response with indentations and line breaks.</summary>
        </member>
        <member name="P:Google.Apis.Adsense.v1_2.ReportsResource.SavedResource.ListRequest.MaxResults">
            <summary>The maximum number of saved reports to include in the response, used for paging.</summary>
        </member>
        <member name="P:Google.Apis.Adsense.v1_2.ReportsResource.SavedResource.ListRequest.PageToken">
            <summary>A continuation token, used to page through saved reports. To retrieve the next page, set this parameter to the value of "nextPageToken" from the previous response.</summary>
        </member>
        <member name="P:Google.Apis.Adsense.v1_2.ReportsResource.GenerateRequest.Oauth_token">
            <summary>OAuth 2.0 token for the current user.</summary>
        </member>
        <member name="P:Google.Apis.Adsense.v1_2.ReportsResource.GenerateRequest.PrettyPrint">
            <summary>Returns response with indentations and line breaks.</summary>
        </member>
        <member name="P:Google.Apis.Adsense.v1_2.ReportsResource.GenerateRequest.AccountId">
            <summary>Accounts upon which to report.</summary>
        </member>
        <member name="P:Google.Apis.Adsense.v1_2.ReportsResource.GenerateRequest.Currency">
            <summary>Optional currency to use when reporting on monetary metrics. Defaults to the account's currency if not set.</summary>
        </member>
        <member name="P:Google.Apis.Adsense.v1_2.ReportsResource.GenerateRequest.Dimension">
            <summary>Dimensions to base the report on.</summary>
        </member>
        <member name="P:Google.Apis.Adsense.v1_2.ReportsResource.GenerateRequest.EndDate">
            <summary>End of the date range to report on in "YYYY-MM-DD" format, inclusive.</summary>
        </member>
        <member name="P:Google.Apis.Adsense.v1_2.ReportsResource.GenerateRequest.Filter">
            <summary>Filters to be run on the report.</summary>
        </member>
        <member name="P:Google.Apis.Adsense.v1_2.ReportsResource.GenerateRequest.Locale">
            <summary>Optional locale to use for translating report output to a local language. Defaults to "en_US" if not specified.</summary>
        </member>
        <member name="P:Google.Apis.Adsense.v1_2.ReportsResource.GenerateRequest.MaxResults">
            <summary>The maximum number of rows of report data to return.</summary>
        </member>
        <member name="P:Google.Apis.Adsense.v1_2.ReportsResource.GenerateRequest.Metric">
            <summary>Numeric columns to include in the report.</summary>
        </member>
        <member name="P:Google.Apis.Adsense.v1_2.ReportsResource.GenerateRequest.Sort">
            <summary>The name of a dimension or metric to sort the resulting report on, optionally prefixed with "+" to sort ascending or "-" to sort descending. If no prefix is specified, the column is sorted ascending.</summary>
        </member>
        <member name="P:Google.Apis.Adsense.v1_2.ReportsResource.GenerateRequest.StartDate">
            <summary>Start of the date range to report on in "YYYY-MM-DD" format, inclusive.</summary>
        </member>
        <member name="P:Google.Apis.Adsense.v1_2.ReportsResource.GenerateRequest.StartIndex">
            <summary>Index of the first row of report data to return.</summary>
        </member>
        <member name="M:Google.Apis.Adsense.v1_2.SavedadstylesResource.Get(System.String)">
            <summary>Get a specific saved ad style from the user&apos;s account.</summary>
            <param name="savedAdStyleId">Required - Saved ad style to retrieve.</param>
        </member>
        <member name="M:Google.Apis.Adsense.v1_2.SavedadstylesResource.List">
            <summary>List all saved ad styles in the user&apos;s account.</summary>
        </member>
        <member name="P:Google.Apis.Adsense.v1_2.SavedadstylesResource.GetRequest.Oauth_token">
            <summary>OAuth 2.0 token for the current user.</summary>
        </member>
        <member name="P:Google.Apis.Adsense.v1_2.SavedadstylesResource.GetRequest.PrettyPrint">
            <summary>Returns response with indentations and line breaks.</summary>
        </member>
        <member name="P:Google.Apis.Adsense.v1_2.SavedadstylesResource.GetRequest.SavedAdStyleId">
            <summary>Saved ad style to retrieve.</summary>
        </member>
        <member name="P:Google.Apis.Adsense.v1_2.SavedadstylesResource.ListRequest.Oauth_token">
            <summary>OAuth 2.0 token for the current user.</summary>
        </member>
        <member name="P:Google.Apis.Adsense.v1_2.SavedadstylesResource.ListRequest.PrettyPrint">
            <summary>Returns response with indentations and line breaks.</summary>
        </member>
        <member name="P:Google.Apis.Adsense.v1_2.SavedadstylesResource.ListRequest.MaxResults">
            <summary>The maximum number of saved ad styles to include in the response, used for paging.</summary>
        </member>
        <member name="P:Google.Apis.Adsense.v1_2.SavedadstylesResource.ListRequest.PageToken">
            <summary>A continuation token, used to page through saved ad styles. To retrieve the next page, set this parameter to the value of "nextPageToken" from the previous response.</summary>
        </member>
        <member name="M:Google.Apis.Adsense.v1_2.UrlchannelsResource.List(System.String)">
            <summary>List all URL channels in the specified ad client for this AdSense account.</summary>
            <param name="adClientId">Required - Ad client for which to list URL channels.</param>
        </member>
        <member name="P:Google.Apis.Adsense.v1_2.UrlchannelsResource.ListRequest.Oauth_token">
            <summary>OAuth 2.0 token for the current user.</summary>
        </member>
        <member name="P:Google.Apis.Adsense.v1_2.UrlchannelsResource.ListRequest.PrettyPrint">
            <summary>Returns response with indentations and line breaks.</summary>
        </member>
        <member name="P:Google.Apis.Adsense.v1_2.UrlchannelsResource.ListRequest.AdClientId">
            <summary>Ad client for which to list URL channels.</summary>
        </member>
        <member name="P:Google.Apis.Adsense.v1_2.UrlchannelsResource.ListRequest.MaxResults">
            <summary>The maximum number of URL channels to include in the response, used for paging.</summary>
        </member>
        <member name="P:Google.Apis.Adsense.v1_2.UrlchannelsResource.ListRequest.PageToken">
            <summary>A continuation token, used to page through URL channels. To retrieve the next page, set this parameter to the value of "nextPageToken" from the previous response.</summary>
        </member>
    </members>
</doc>
