<?xml version="1.0"?>
<doc>
    <assembly>
        <name>Google.Apis.Plus.v1moments</name>
    </assembly>
    <members>
        <member name="P:Google.Apis.Plus.v1moments.Data.ItemScope.AdditionalName">
            <summary>An additional name for a Person, can be used for a middle name.</summary>
        </member>
        <member name="P:Google.Apis.Plus.v1moments.Data.ItemScope.AddressCountry">
            <summary>Address country.</summary>
        </member>
        <member name="P:Google.Apis.Plus.v1moments.Data.ItemScope.AddressLocality">
            <summary>Address locality.</summary>
        </member>
        <member name="P:Google.Apis.Plus.v1moments.Data.ItemScope.AddressRegion">
            <summary>Address region.</summary>
        </member>
        <member name="P:Google.Apis.Plus.v1moments.Data.ItemScope.Associated_media">
            <summary>The encoding.</summary>
        </member>
        <member name="P:Google.Apis.Plus.v1moments.Data.ItemScope.AttendeeCount">
            <summary>Number of attendees.</summary>
        </member>
        <member name="P:Google.Apis.Plus.v1moments.Data.ItemScope.Attendees">
            <summary>A person attending the event.</summary>
        </member>
        <member name="P:Google.Apis.Plus.v1moments.Data.ItemScope.Author">
            <summary>The person who created this scope.</summary>
        </member>
        <member name="P:Google.Apis.Plus.v1moments.Data.ItemScope.BestRating">
            <summary>Best possible rating value.</summary>
        </member>
        <member name="P:Google.Apis.Plus.v1moments.Data.ItemScope.BirthDate">
            <summary>Date of birth.</summary>
        </member>
        <member name="P:Google.Apis.Plus.v1moments.Data.ItemScope.Caption">
            <summary>The caption for this object.</summary>
        </member>
        <member name="P:Google.Apis.Plus.v1moments.Data.ItemScope.ContentSize">
            <summary>File size in (mega/kilo) bytes.</summary>
        </member>
        <member name="P:Google.Apis.Plus.v1moments.Data.ItemScope.ContentUrl">
            <summary>Actual bytes of the media object, for example the image file or video file.</summary>
        </member>
        <member name="P:Google.Apis.Plus.v1moments.Data.ItemScope.Contributor">
            <summary>The list of contributors for this scope.</summary>
        </member>
        <member name="P:Google.Apis.Plus.v1moments.Data.ItemScope.DateCreated">
            <summary>The date this scope was created.</summary>
        </member>
        <member name="P:Google.Apis.Plus.v1moments.Data.ItemScope.DateModified">
            <summary>The date this scope was last modified.</summary>
        </member>
        <member name="P:Google.Apis.Plus.v1moments.Data.ItemScope.DatePublished">
            <summary>The initial date this scope was published.</summary>
        </member>
        <member name="P:Google.Apis.Plus.v1moments.Data.ItemScope.Description">
            <summary>The string describing the content of this scope.</summary>
        </member>
        <member name="P:Google.Apis.Plus.v1moments.Data.ItemScope.Duration">
            <summary>The duration of the item (movie, audio recording, event, etc.) in ISO 8601 date format.</summary>
        </member>
        <member name="P:Google.Apis.Plus.v1moments.Data.ItemScope.EmbedUrl">
            <summary>A URL pointing to a player for a specific video. In general, this is the information in the src element of an embed tag and should not be the same as the content of the loc tag.</summary>
        </member>
        <member name="P:Google.Apis.Plus.v1moments.Data.ItemScope.EndDate">
            <summary>The end date and time of the event (in ISO 8601 date format).</summary>
        </member>
        <member name="P:Google.Apis.Plus.v1moments.Data.ItemScope.FamilyName">
            <summary>Family name. In the U.S., the last name of an Person. This can be used along with givenName instead of the Name property.</summary>
        </member>
        <member name="P:Google.Apis.Plus.v1moments.Data.ItemScope.Gender">
            <summary>Gender of the person.</summary>
        </member>
        <member name="P:Google.Apis.Plus.v1moments.Data.ItemScope.GivenName">
            <summary>Given name. In the U.S., the first name of a Person. This can be used along with familyName instead of the Name property.</summary>
        </member>
        <member name="P:Google.Apis.Plus.v1moments.Data.ItemScope.Height">
            <summary>The height of the media object.</summary>
        </member>
        <member name="P:Google.Apis.Plus.v1moments.Data.ItemScope.Id">
            <summary>The id for this item scope.</summary>
        </member>
        <member name="P:Google.Apis.Plus.v1moments.Data.ItemScope.Image">
            <summary>A url to the image for this scope.</summary>
        </member>
        <member name="P:Google.Apis.Plus.v1moments.Data.ItemScope.Kind">
            <summary>Identifies this resource as an itemScope.</summary>
        </member>
        <member name="P:Google.Apis.Plus.v1moments.Data.ItemScope.Latitude">
            <summary>Latitude.</summary>
        </member>
        <member name="P:Google.Apis.Plus.v1moments.Data.ItemScope.Longitude">
            <summary>Longitude.</summary>
        </member>
        <member name="P:Google.Apis.Plus.v1moments.Data.ItemScope.Name">
            <summary>The name of this scope.</summary>
        </member>
        <member name="P:Google.Apis.Plus.v1moments.Data.ItemScope.Performers">
            <summary>The main performer or performers of the event-for example, a presenter, musician, or actor.</summary>
        </member>
        <member name="P:Google.Apis.Plus.v1moments.Data.ItemScope.PlayerType">
            <summary>Player type required-for example, Flash or Silverlight.</summary>
        </member>
        <member name="P:Google.Apis.Plus.v1moments.Data.ItemScope.PostOfficeBoxNumber">
            <summary>Post office box number.</summary>
        </member>
        <member name="P:Google.Apis.Plus.v1moments.Data.ItemScope.PostalCode">
            <summary>Postal code.</summary>
        </member>
        <member name="P:Google.Apis.Plus.v1moments.Data.ItemScope.RatingValue">
            <summary>Rating value.</summary>
        </member>
        <member name="P:Google.Apis.Plus.v1moments.Data.ItemScope.StartDate">
            <summary>The start date and time of the event (in ISO 8601 date format).</summary>
        </member>
        <member name="P:Google.Apis.Plus.v1moments.Data.ItemScope.StreetAddress">
            <summary>Street address.</summary>
        </member>
        <member name="P:Google.Apis.Plus.v1moments.Data.ItemScope.Text">
            <summary>Comment text, review text, etc.</summary>
        </member>
        <member name="P:Google.Apis.Plus.v1moments.Data.ItemScope.ThumbnailUrl">
            <summary>A url to a thumbnail image for this scope.</summary>
        </member>
        <member name="P:Google.Apis.Plus.v1moments.Data.ItemScope.TickerSymbol">
            <summary>The exchange traded instrument associated with a Corporation object. The tickerSymbol is expressed as an exchange and an instrument name separated by a space character. For the exchange component of the tickerSymbol attribute, we reccommend using the controlled vocaulary of Market Identifier Codes (MIC) specified in ISO15022.</summary>
        </member>
        <member name="P:Google.Apis.Plus.v1moments.Data.ItemScope.Type">
            <summary>The item type.</summary>
        </member>
        <member name="P:Google.Apis.Plus.v1moments.Data.ItemScope.Url">
            <summary>A URL for the item upon which the action was performed.</summary>
        </member>
        <member name="P:Google.Apis.Plus.v1moments.Data.ItemScope.Width">
            <summary>The width of the media object.</summary>
        </member>
        <member name="P:Google.Apis.Plus.v1moments.Data.ItemScope.WorstRating">
            <summary>Worst possible rating value.</summary>
        </member>
        <member name="P:Google.Apis.Plus.v1moments.Data.Moment.Id">
            <summary>The moment ID.</summary>
        </member>
        <member name="P:Google.Apis.Plus.v1moments.Data.Moment.Kind">
            <summary>Identifies this resource as a moment.</summary>
        </member>
        <member name="P:Google.Apis.Plus.v1moments.Data.Moment.StartDate">
            <summary>Time stamp of when the action occurred in RFC3339 format.</summary>
        </member>
        <member name="P:Google.Apis.Plus.v1moments.Data.Moment.Type">
            <summary>The schema.org activity type.</summary>
        </member>
        <member name="P:Google.Apis.Plus.v1moments.PlusService.Key">
            <summary>Sets the API-Key (or DeveloperKey) which this service uses for all requests</summary>
        </member>
        <member name="T:Google.Apis.Plus.v1moments.PlusService.Scopes">
            <summary>A list of all OAuth2.0 scopes. Each of these scopes relates to a permission or group of permissions that different methods of this API may need.</summary>
        </member>
        <member name="F:Google.Apis.Plus.v1moments.PlusService.Scopes.PlusMe">
            <summary>Know who you are on Google</summary>
        </member>
        <member name="F:Google.Apis.Plus.v1moments.PlusService.Scopes.PlusMomentsWrite">
            <summary>Send your activity to your private Google+ history</summary>
        </member>
        <member name="M:Google.Apis.Plus.v1moments.MomentsResource.Insert(Google.Apis.Plus.v1moments.Data.Moment,System.String,Google.Apis.Plus.v1moments.MomentsResource.Collection)">
            <summary>Record a user activity (e.g Bill watched a video on Youtube)</summary>
            <param name="userId">Required - The ID of the user to record activities for. The only valid values are &quot;me&quot; and the ID of the authenticated user.</param>
            <param name="collection">Required - Must be one of the following values [vault] - The collection to which to write moments.</param>
        </member>
        <member name="T:Google.Apis.Plus.v1moments.MomentsResource.Collection">
            <summary>The collection to which to write moments.</summary>
        </member>
        <member name="F:Google.Apis.Plus.v1moments.MomentsResource.Collection.Vault">
            <summary>The default collection for writing new moments.</summary>
        </member>
        <member name="P:Google.Apis.Plus.v1moments.MomentsResource.InsertRequest.Oauth_token">
            <summary>OAuth 2.0 token for the current user.</summary>
        </member>
        <member name="P:Google.Apis.Plus.v1moments.MomentsResource.InsertRequest.PrettyPrint">
            <summary>Returns response with indentations and line breaks.</summary>
        </member>
        <member name="P:Google.Apis.Plus.v1moments.MomentsResource.InsertRequest.Collection">
            <summary>The collection to which to write moments.</summary>
        </member>
        <member name="P:Google.Apis.Plus.v1moments.MomentsResource.InsertRequest.Debug">
            <summary>Return the moment as written. Should be used only for debugging.</summary>
        </member>
        <member name="P:Google.Apis.Plus.v1moments.MomentsResource.InsertRequest.UserId">
            <summary>The ID of the user to record activities for. The only valid values are "me" and the ID of the authenticated user.</summary>
        </member>
        <member name="P:Google.Apis.Plus.v1moments.MomentsResource.InsertRequest.Body">
            <summary>Gets/Sets the Body of this Request.</summary>
        </member>
    </members>
</doc>
