<?xml version="1.0"?>
<doc>
    <assembly>
        <name>Google.Apis.Prediction.v1_3</name>
    </assembly>
    <members>
        <member name="P:Google.Apis.Prediction.v1_3.Data.Input.InputValue">
            <summary>Input to the model for a prediction</summary>
        </member>
        <member name="P:Google.Apis.Prediction.v1_3.Data.Input.ETag">
            <summary>The ETag of the item.</summary>
        </member>
        <member name="T:Google.Apis.Prediction.v1_3.Data.Input.InputData">
            <summary>Input to the model for a prediction</summary>
        </member>
        <member name="P:Google.Apis.Prediction.v1_3.Data.Input.InputData.CsvInstance">
            <summary>A list of input features, these can be strings or doubles.</summary>
        </member>
        <member name="P:Google.Apis.Prediction.v1_3.Data.Output.Id">
            <summary>The unique name for the predictive model.</summary>
        </member>
        <member name="P:Google.Apis.Prediction.v1_3.Data.Output.Kind">
            <summary>What kind of resource this is.</summary>
        </member>
        <member name="P:Google.Apis.Prediction.v1_3.Data.Output.OutputLabel">
            <summary>The most likely class [Categorical models only].</summary>
        </member>
        <member name="P:Google.Apis.Prediction.v1_3.Data.Output.OutputMulti">
            <summary>A list of classes with their estimated probabilities [Categorical models only].</summary>
        </member>
        <member name="P:Google.Apis.Prediction.v1_3.Data.Output.OutputValue">
            <summary>The estimated regression value [Regression models only].</summary>
        </member>
        <member name="P:Google.Apis.Prediction.v1_3.Data.Output.SelfLink">
            <summary>A URL to re-request this resource.</summary>
        </member>
        <member name="P:Google.Apis.Prediction.v1_3.Data.Output.ETag">
            <summary>The ETag of the item.</summary>
        </member>
        <member name="P:Google.Apis.Prediction.v1_3.Data.Output.OutputMultiData.Label">
            <summary>The class label.</summary>
        </member>
        <member name="P:Google.Apis.Prediction.v1_3.Data.Output.OutputMultiData.Score">
            <summary>The probability of the class.</summary>
        </member>
        <member name="P:Google.Apis.Prediction.v1_3.Data.Training.Id">
            <summary>The unique name for the predictive model.</summary>
        </member>
        <member name="P:Google.Apis.Prediction.v1_3.Data.Training.Kind">
            <summary>What kind of resource this is.</summary>
        </member>
        <member name="P:Google.Apis.Prediction.v1_3.Data.Training.ModelInfo">
            <summary>Model metadata.</summary>
        </member>
        <member name="P:Google.Apis.Prediction.v1_3.Data.Training.SelfLink">
            <summary>A URL to re-request this resource.</summary>
        </member>
        <member name="P:Google.Apis.Prediction.v1_3.Data.Training.TrainingStatus">
            <summary>The current status of the training job. This can be one of following: RUNNING; DONE; ERROR; ERROR:
            TRAINING JOB NOT FOUND</summary>
        </member>
        <member name="P:Google.Apis.Prediction.v1_3.Data.Training.Utility">
            <summary>A class weighting function, which allows the importance weights for classes to be specified
            [Categorical models only].</summary>
        </member>
        <member name="P:Google.Apis.Prediction.v1_3.Data.Training.ETag">
            <summary>The ETag of the item.</summary>
        </member>
        <member name="T:Google.Apis.Prediction.v1_3.Data.Training.ModelInfoData">
            <summary>Model metadata.</summary>
        </member>
        <member name="P:Google.Apis.Prediction.v1_3.Data.Training.ModelInfoData.ClassWeightedAccuracy">
            <summary>Estimated accuracy of model taking utility weights into account [Categorical models
            only].</summary>
        </member>
        <member name="P:Google.Apis.Prediction.v1_3.Data.Training.ModelInfoData.ClassificationAccuracy">
            <summary>A number between 0.0 and 1.0, where 1.0 is 100% accurate. This is an estimate, based on the
            amount and quality of the training data, of the estimated prediction accuracy. You can use this is a
            guide to decide whether the results are accurate enough for your needs. This estimate will be more
            reliable if your real input data is similar to your training data [Categorical models only].</summary>
        </member>
        <member name="P:Google.Apis.Prediction.v1_3.Data.Training.ModelInfoData.ConfusionMatrix">
            <summary>An output confusion matrix. This shows an estimate for how this model will do in predictions.
            This is first indexed by the true class label. For each true class label, this provides a pair
            {predicted_label, count}, where count is the estimated number of times the model will predict the
            predicted label given the true label. Will not output if more then 100 classes [Categorical models
            only].</summary>
        </member>
        <member name="P:Google.Apis.Prediction.v1_3.Data.Training.ModelInfoData.ConfusionMatrixRowTotals">
            <summary>A list of the confusion matrix row totals</summary>
        </member>
        <member name="P:Google.Apis.Prediction.v1_3.Data.Training.ModelInfoData.MeanSquaredError">
            <summary>An estimated mean squared error. The can be used to measure the quality of the predicted model
            [Regression models only].</summary>
        </member>
        <member name="P:Google.Apis.Prediction.v1_3.Data.Training.ModelInfoData.ModelType">
            <summary>Type of predictive model (CLASSIFICATION or REGRESSION)</summary>
        </member>
        <member name="P:Google.Apis.Prediction.v1_3.Data.Training.ModelInfoData.NumberClasses">
            <summary>Number of classes in the trained model [Categorical models only].</summary>
        </member>
        <member name="P:Google.Apis.Prediction.v1_3.Data.Training.ModelInfoData.NumberInstances">
            <summary>Number of valid data instances used in the trained model.</summary>
        </member>
        <member name="P:Google.Apis.Prediction.v1_3.Data.Update.ClassLabel">
            <summary>The true class label of this instance</summary>
        </member>
        <member name="P:Google.Apis.Prediction.v1_3.Data.Update.CsvInstance">
            <summary>The input features for this instance</summary>
        </member>
        <member name="P:Google.Apis.Prediction.v1_3.Data.Update.ETag">
            <summary>The ETag of the item.</summary>
        </member>
        <member name="T:Google.Apis.Prediction.v1_3.PredictionService">
            <summary>The Prediction Service.</summary>
        </member>
        <member name="F:Google.Apis.Prediction.v1_3.PredictionService.Version">
            <summary>The API version.</summary>
        </member>
        <member name="F:Google.Apis.Prediction.v1_3.PredictionService.DiscoveryVersionUsed">
            <summary>The discovery version used to generate this service.</summary>
        </member>
        <member name="M:Google.Apis.Prediction.v1_3.PredictionService.#ctor">
            <summary>Constructs a new service.</summary>
        </member>
        <member name="M:Google.Apis.Prediction.v1_3.PredictionService.#ctor(Google.Apis.Services.BaseClientService.Initializer)">
            <summary>Constructs a new service.</summary>
            <param name="initializer">The service initializer.</param>
        </member>
        <member name="P:Google.Apis.Prediction.v1_3.PredictionService.Features">
            <summary>Gets the service supported features.</summary>
        </member>
        <member name="P:Google.Apis.Prediction.v1_3.PredictionService.Name">
            <summary>Gets the service name.</summary>
        </member>
        <member name="P:Google.Apis.Prediction.v1_3.PredictionService.BaseUri">
            <summary>Gets the service base URI.</summary>
        </member>
        <member name="P:Google.Apis.Prediction.v1_3.PredictionService.BasePath">
            <summary>Gets the service base path.</summary>
        </member>
        <member name="P:Google.Apis.Prediction.v1_3.PredictionService.Hostedmodels">
            <summary>Gets the Hostedmodels resource.</summary>
        </member>
        <member name="P:Google.Apis.Prediction.v1_3.PredictionService.Training">
            <summary>Gets the Training resource.</summary>
        </member>
        <member name="T:Google.Apis.Prediction.v1_3.PredictionService.Scopes">
            <summary>Available OAuth 2.0 scopes for use with the Prediction API.</summary>
        </member>
        <member name="F:Google.Apis.Prediction.v1_3.PredictionService.Scopes.DevstorageFullControl">
            <summary>Manage your data and permissions in Google Cloud Storage</summary>
        </member>
        <member name="F:Google.Apis.Prediction.v1_3.PredictionService.Scopes.DevstorageReadOnly">
            <summary>View your data in Google Cloud Storage</summary>
        </member>
        <member name="F:Google.Apis.Prediction.v1_3.PredictionService.Scopes.DevstorageReadWrite">
            <summary>Manage your data in Google Cloud Storage</summary>
        </member>
        <member name="F:Google.Apis.Prediction.v1_3.PredictionService.Scopes.Prediction">
            <summary>Manage your data in the Google Prediction API</summary>
        </member>
        <member name="T:Google.Apis.Prediction.v1_3.PredictionService.Scope">
            <summary>Available OAuth 2.0 scopes for use with the Prediction API.</summary>
        </member>
        <member name="F:Google.Apis.Prediction.v1_3.PredictionService.Scope.DevstorageFullControl">
            <summary>Manage your data and permissions in Google Cloud Storage</summary>
        </member>
        <member name="F:Google.Apis.Prediction.v1_3.PredictionService.Scope.DevstorageReadOnly">
            <summary>View your data in Google Cloud Storage</summary>
        </member>
        <member name="F:Google.Apis.Prediction.v1_3.PredictionService.Scope.DevstorageReadWrite">
            <summary>Manage your data in Google Cloud Storage</summary>
        </member>
        <member name="F:Google.Apis.Prediction.v1_3.PredictionService.Scope.Prediction">
            <summary>Manage your data in the Google Prediction API</summary>
        </member>
        <member name="T:Google.Apis.Prediction.v1_3.PredictionBaseServiceRequest`1">
            <summary>A base abstract class for Prediction requests.</summary>
        </member>
        <member name="M:Google.Apis.Prediction.v1_3.PredictionBaseServiceRequest`1.#ctor(Google.Apis.Services.IClientService)">
            <summary>Constructs a new PredictionBaseServiceRequest instance.</summary>
        </member>
        <member name="M:Google.Apis.Prediction.v1_3.PredictionBaseServiceRequest`1.InitParameters">
            <summary>Initializes Prediction parameter list.</summary>
        </member>
        <member name="P:Google.Apis.Prediction.v1_3.PredictionBaseServiceRequest`1.Alt">
            <summary>Data format for the response.</summary>
            [default: json]
        </member>
        <member name="P:Google.Apis.Prediction.v1_3.PredictionBaseServiceRequest`1.Fields">
            <summary>Selector specifying which fields to include in a partial response.</summary>
        </member>
        <member name="P:Google.Apis.Prediction.v1_3.PredictionBaseServiceRequest`1.Key">
            <summary>API key. Your API key identifies your project and provides you with API access, quota, and reports.
            Required unless you provide an OAuth 2.0 token.</summary>
        </member>
        <member name="P:Google.Apis.Prediction.v1_3.PredictionBaseServiceRequest`1.OauthToken">
            <summary>OAuth 2.0 token for the current user.</summary>
        </member>
        <member name="P:Google.Apis.Prediction.v1_3.PredictionBaseServiceRequest`1.PrettyPrint">
            <summary>Returns response with indentations and line breaks.</summary>
            [default: true]
        </member>
        <member name="P:Google.Apis.Prediction.v1_3.PredictionBaseServiceRequest`1.QuotaUser">
            <summary>Available to use for quota purposes for server-side applications. Can be any arbitrary string
            assigned to a user, but should not exceed 40 characters. Overrides userIp if both are provided.</summary>
        </member>
        <member name="P:Google.Apis.Prediction.v1_3.PredictionBaseServiceRequest`1.UserIp">
            <summary>IP address of the site where the request originates. Use this if you want to enforce per-user
            limits.</summary>
        </member>
        <member name="T:Google.Apis.Prediction.v1_3.PredictionBaseServiceRequest`1.AltEnum">
            <summary>Data format for the response.</summary>
        </member>
        <member name="F:Google.Apis.Prediction.v1_3.PredictionBaseServiceRequest`1.AltEnum.Json">
            <summary>Responses with Content-Type of application/json</summary>
        </member>
        <member name="T:Google.Apis.Prediction.v1_3.HostedmodelsResource">
            <summary>The "hostedmodels" collection of methods.</summary>
        </member>
        <member name="F:Google.Apis.Prediction.v1_3.HostedmodelsResource.service">
            <summary> The service whih this resource is belong to.</summary>
        </member>
        <member name="M:Google.Apis.Prediction.v1_3.HostedmodelsResource.#ctor(Google.Apis.Services.IClientService)">
            <summary>Constructs a new resource.</summary>
        </member>
        <member name="M:Google.Apis.Prediction.v1_3.HostedmodelsResource.Predict(Google.Apis.Prediction.v1_3.Data.Input,System.String)">
            <summary>Submit input and request an output against a hosted model</summary>
            <param name="body">The body of the request.</param>
            <param name="hostedModelName">The name of a hosted model</param>
        </member>
        <member name="T:Google.Apis.Prediction.v1_3.HostedmodelsResource.PredictRequest">
            <summary>Submit input and request an output against a hosted model</summary>
        </member>
        <member name="M:Google.Apis.Prediction.v1_3.HostedmodelsResource.PredictRequest.#ctor(Google.Apis.Services.IClientService,Google.Apis.Prediction.v1_3.Data.Input,System.String)">
            <summary>Constructs a new Predict request.</summary>
        </member>
        <member name="M:Google.Apis.Prediction.v1_3.HostedmodelsResource.PredictRequest.GetBody">
            <summary>Returns the body of the request.</summary>
        </member>
        <member name="M:Google.Apis.Prediction.v1_3.HostedmodelsResource.PredictRequest.InitParameters">
            <summary>Initializes Predict parameter list.</summary>
        </member>
        <member name="P:Google.Apis.Prediction.v1_3.HostedmodelsResource.PredictRequest.HostedModelName">
            <summary>The name of a hosted model</summary>
        </member>
        <member name="P:Google.Apis.Prediction.v1_3.HostedmodelsResource.PredictRequest.Body">
            <summary>Gets or sets the body of this request.</summary>
        </member>
        <member name="P:Google.Apis.Prediction.v1_3.HostedmodelsResource.PredictRequest.MethodName">
            <summary>Gets the method name.</summary>
        </member>
        <member name="P:Google.Apis.Prediction.v1_3.HostedmodelsResource.PredictRequest.HttpMethod">
            <summary>Gets the HTTP method.</summary>
        </member>
        <member name="P:Google.Apis.Prediction.v1_3.HostedmodelsResource.PredictRequest.RestPath">
            <summary>Gets the REST path.</summary>
        </member>
        <member name="T:Google.Apis.Prediction.v1_3.TrainingResource">
            <summary>The "training" collection of methods.</summary>
        </member>
        <member name="F:Google.Apis.Prediction.v1_3.TrainingResource.service">
            <summary> The service whih this resource is belong to.</summary>
        </member>
        <member name="M:Google.Apis.Prediction.v1_3.TrainingResource.#ctor(Google.Apis.Services.IClientService)">
            <summary>Constructs a new resource.</summary>
        </member>
        <member name="M:Google.Apis.Prediction.v1_3.TrainingResource.Delete(System.String)">
            <summary>Delete a trained model</summary>
            <param name="data">mybucket/mydata resource in Google Storage</param>
        </member>
        <member name="M:Google.Apis.Prediction.v1_3.TrainingResource.Get(System.String)">
            <summary>Check training status of your model</summary>
            <param name="data">mybucket/mydata resource in Google Storage</param>
        </member>
        <member name="M:Google.Apis.Prediction.v1_3.TrainingResource.Insert(Google.Apis.Prediction.v1_3.Data.Training)">
            <summary>Begin training your model</summary>
            <param name="body">The body of the request.</param>
        </member>
        <member name="M:Google.Apis.Prediction.v1_3.TrainingResource.Predict(Google.Apis.Prediction.v1_3.Data.Input,System.String)">
            <summary>Submit data and request a prediction</summary>
            <param name="body">The body of the request.</param>
            <param name="data">mybucket/mydata resource in Google Storage</param>
        </member>
        <member name="M:Google.Apis.Prediction.v1_3.TrainingResource.Update(Google.Apis.Prediction.v1_3.Data.Update,System.String)">
            <summary>Add new data to a trained model</summary>
            <param name="body">The body of the request.</param>
            <param name="data">mybucket/mydata resource in Google Storage</param>
        </member>
        <member name="T:Google.Apis.Prediction.v1_3.TrainingResource.DeleteRequest">
            <summary>Delete a trained model</summary>
        </member>
        <member name="M:Google.Apis.Prediction.v1_3.TrainingResource.DeleteRequest.#ctor(Google.Apis.Services.IClientService,System.String)">
            <summary>Constructs a new Delete request.</summary>
        </member>
        <member name="M:Google.Apis.Prediction.v1_3.TrainingResource.DeleteRequest.InitParameters">
            <summary>Initializes Delete parameter list.</summary>
        </member>
        <member name="P:Google.Apis.Prediction.v1_3.TrainingResource.DeleteRequest.Data">
            <summary>mybucket/mydata resource in Google Storage</summary>
        </member>
        <member name="P:Google.Apis.Prediction.v1_3.TrainingResource.DeleteRequest.MethodName">
            <summary>Gets the method name.</summary>
        </member>
        <member name="P:Google.Apis.Prediction.v1_3.TrainingResource.DeleteRequest.HttpMethod">
            <summary>Gets the HTTP method.</summary>
        </member>
        <member name="P:Google.Apis.Prediction.v1_3.TrainingResource.DeleteRequest.RestPath">
            <summary>Gets the REST path.</summary>
        </member>
        <member name="T:Google.Apis.Prediction.v1_3.TrainingResource.GetRequest">
            <summary>Check training status of your model</summary>
        </member>
        <member name="M:Google.Apis.Prediction.v1_3.TrainingResource.GetRequest.#ctor(Google.Apis.Services.IClientService,System.String)">
            <summary>Constructs a new Get request.</summary>
        </member>
        <member name="M:Google.Apis.Prediction.v1_3.TrainingResource.GetRequest.InitParameters">
            <summary>Initializes Get parameter list.</summary>
        </member>
        <member name="P:Google.Apis.Prediction.v1_3.TrainingResource.GetRequest.Data">
            <summary>mybucket/mydata resource in Google Storage</summary>
        </member>
        <member name="P:Google.Apis.Prediction.v1_3.TrainingResource.GetRequest.MethodName">
            <summary>Gets the method name.</summary>
        </member>
        <member name="P:Google.Apis.Prediction.v1_3.TrainingResource.GetRequest.HttpMethod">
            <summary>Gets the HTTP method.</summary>
        </member>
        <member name="P:Google.Apis.Prediction.v1_3.TrainingResource.GetRequest.RestPath">
            <summary>Gets the REST path.</summary>
        </member>
        <member name="T:Google.Apis.Prediction.v1_3.TrainingResource.InsertRequest">
            <summary>Begin training your model</summary>
        </member>
        <member name="M:Google.Apis.Prediction.v1_3.TrainingResource.InsertRequest.#ctor(Google.Apis.Services.IClientService,Google.Apis.Prediction.v1_3.Data.Training)">
            <summary>Constructs a new Insert request.</summary>
        </member>
        <member name="M:Google.Apis.Prediction.v1_3.TrainingResource.InsertRequest.GetBody">
            <summary>Returns the body of the request.</summary>
        </member>
        <member name="M:Google.Apis.Prediction.v1_3.TrainingResource.InsertRequest.InitParameters">
            <summary>Initializes Insert parameter list.</summary>
        </member>
        <member name="P:Google.Apis.Prediction.v1_3.TrainingResource.InsertRequest.Body">
            <summary>Gets or sets the body of this request.</summary>
        </member>
        <member name="P:Google.Apis.Prediction.v1_3.TrainingResource.InsertRequest.MethodName">
            <summary>Gets the method name.</summary>
        </member>
        <member name="P:Google.Apis.Prediction.v1_3.TrainingResource.InsertRequest.HttpMethod">
            <summary>Gets the HTTP method.</summary>
        </member>
        <member name="P:Google.Apis.Prediction.v1_3.TrainingResource.InsertRequest.RestPath">
            <summary>Gets the REST path.</summary>
        </member>
        <member name="T:Google.Apis.Prediction.v1_3.TrainingResource.PredictRequest">
            <summary>Submit data and request a prediction</summary>
        </member>
        <member name="M:Google.Apis.Prediction.v1_3.TrainingResource.PredictRequest.#ctor(Google.Apis.Services.IClientService,Google.Apis.Prediction.v1_3.Data.Input,System.String)">
            <summary>Constructs a new Predict request.</summary>
        </member>
        <member name="M:Google.Apis.Prediction.v1_3.TrainingResource.PredictRequest.GetBody">
            <summary>Returns the body of the request.</summary>
        </member>
        <member name="M:Google.Apis.Prediction.v1_3.TrainingResource.PredictRequest.InitParameters">
            <summary>Initializes Predict parameter list.</summary>
        </member>
        <member name="P:Google.Apis.Prediction.v1_3.TrainingResource.PredictRequest.Data">
            <summary>mybucket/mydata resource in Google Storage</summary>
        </member>
        <member name="P:Google.Apis.Prediction.v1_3.TrainingResource.PredictRequest.Body">
            <summary>Gets or sets the body of this request.</summary>
        </member>
        <member name="P:Google.Apis.Prediction.v1_3.TrainingResource.PredictRequest.MethodName">
            <summary>Gets the method name.</summary>
        </member>
        <member name="P:Google.Apis.Prediction.v1_3.TrainingResource.PredictRequest.HttpMethod">
            <summary>Gets the HTTP method.</summary>
        </member>
        <member name="P:Google.Apis.Prediction.v1_3.TrainingResource.PredictRequest.RestPath">
            <summary>Gets the REST path.</summary>
        </member>
        <member name="T:Google.Apis.Prediction.v1_3.TrainingResource.UpdateRequest">
            <summary>Add new data to a trained model</summary>
        </member>
        <member name="M:Google.Apis.Prediction.v1_3.TrainingResource.UpdateRequest.#ctor(Google.Apis.Services.IClientService,Google.Apis.Prediction.v1_3.Data.Update,System.String)">
            <summary>Constructs a new Update request.</summary>
        </member>
        <member name="M:Google.Apis.Prediction.v1_3.TrainingResource.UpdateRequest.GetBody">
            <summary>Returns the body of the request.</summary>
        </member>
        <member name="M:Google.Apis.Prediction.v1_3.TrainingResource.UpdateRequest.InitParameters">
            <summary>Initializes Update parameter list.</summary>
        </member>
        <member name="P:Google.Apis.Prediction.v1_3.TrainingResource.UpdateRequest.Data">
            <summary>mybucket/mydata resource in Google Storage</summary>
        </member>
        <member name="P:Google.Apis.Prediction.v1_3.TrainingResource.UpdateRequest.Body">
            <summary>Gets or sets the body of this request.</summary>
        </member>
        <member name="P:Google.Apis.Prediction.v1_3.TrainingResource.UpdateRequest.MethodName">
            <summary>Gets the method name.</summary>
        </member>
        <member name="P:Google.Apis.Prediction.v1_3.TrainingResource.UpdateRequest.HttpMethod">
            <summary>Gets the HTTP method.</summary>
        </member>
        <member name="P:Google.Apis.Prediction.v1_3.TrainingResource.UpdateRequest.RestPath">
            <summary>Gets the REST path.</summary>
        </member>
    </members>
</doc>
