<?xml version="1.0"?>
<doc>
    <assembly>
        <name>Google.Apis.SiteVerification.v1</name>
    </assembly>
    <members>
        <member name="P:Google.Apis.SiteVerification.v1.Data.SiteverificationWebResourceGettokenRequest.Site">
            <summary>The site for which a verification token will be generated.</summary>
        </member>
        <member name="P:Google.Apis.SiteVerification.v1.Data.SiteverificationWebResourceGettokenRequest.VerificationMethod">
            <summary>The verification method that will be used to verify this site. For sites, &apos;FILE&apos; or &apos;META&apos; methods may be used. For domains, only &apos;DNS&apos; may be used.</summary>
        </member>
        <member name="T:Google.Apis.SiteVerification.v1.Data.SiteverificationWebResourceGettokenRequest.SiteData">
            <summary>The site for which a verification token will be generated.</summary>
        </member>
        <member name="P:Google.Apis.SiteVerification.v1.Data.SiteverificationWebResourceGettokenRequest.SiteData.Identifier">
            <summary>The site identifier. If the type is set to SITE, the identifier is a URL. If the type is set to INET_DOMAIN, the site identifier is a domain name.</summary>
        </member>
        <member name="P:Google.Apis.SiteVerification.v1.Data.SiteverificationWebResourceGettokenRequest.SiteData.Type">
            <summary>The type of resource to be verified. Can be SITE or INET_DOMAIN (domain name).</summary>
        </member>
        <member name="P:Google.Apis.SiteVerification.v1.Data.SiteverificationWebResourceGettokenResponse.Method">
            <summary>The verification method to use in conjunction with this token. For FILE, the token should be placed in the top-level directory of the site, stored inside a file of the same name. For META, the token should be placed in the HEAD tag of the default page that is loaded for the site. For DNS, the token should be placed in a TXT record of the domain.</summary>
        </member>
        <member name="P:Google.Apis.SiteVerification.v1.Data.SiteverificationWebResourceGettokenResponse.Token">
            <summary>The verification token. The token must be placed appropriately in order for verification to succeed.</summary>
        </member>
        <member name="P:Google.Apis.SiteVerification.v1.Data.SiteverificationWebResourceListResponse.Items">
            <summary>The list of sites that are owned by the authenticated user.</summary>
        </member>
        <member name="P:Google.Apis.SiteVerification.v1.Data.SiteverificationWebResourceResource.Id">
            <summary>The string used to identify this site. This value should be used in the &quot;id&quot; portion of the REST URL for the Get, Update, and Delete operations.</summary>
        </member>
        <member name="P:Google.Apis.SiteVerification.v1.Data.SiteverificationWebResourceResource.Owners">
            <summary>The email addresses of all verified owners.</summary>
        </member>
        <member name="P:Google.Apis.SiteVerification.v1.Data.SiteverificationWebResourceResource.Site">
            <summary>The address and type of a site that is verified or will be verified.</summary>
        </member>
        <member name="T:Google.Apis.SiteVerification.v1.Data.SiteverificationWebResourceResource.SiteData">
            <summary>The address and type of a site that is verified or will be verified.</summary>
        </member>
        <member name="P:Google.Apis.SiteVerification.v1.Data.SiteverificationWebResourceResource.SiteData.Identifier">
            <summary>The site identifier. If the type is set to SITE, the identifier is a URL. If the type is set to INET_DOMAIN, the site identifier is a domain name.</summary>
        </member>
        <member name="P:Google.Apis.SiteVerification.v1.Data.SiteverificationWebResourceResource.SiteData.Type">
            <summary>The site type. Can be SITE or INET_DOMAIN (domain name).</summary>
        </member>
        <member name="P:Google.Apis.SiteVerification.v1.SiteVerificationService.Key">
            <summary>Sets the API-Key (or DeveloperKey) which this service uses for all requests</summary>
        </member>
        <member name="T:Google.Apis.SiteVerification.v1.SiteVerificationService.Scopes">
            <summary>A list of all OAuth2.0 scopes. Each of these scopes relates to a permission or group of permissions that different methods of this API may need.</summary>
        </member>
        <member name="F:Google.Apis.SiteVerification.v1.SiteVerificationService.Scopes.Siteverification">
            <summary>Manage the list of sites and domains you control</summary>
        </member>
        <member name="M:Google.Apis.SiteVerification.v1.WebResourceResource.Delete(System.String)">
            <summary>Relinquish ownership of a website or domain.</summary>
            <param name="id">Required - The id of a verified site or domain.</param>
        </member>
        <member name="M:Google.Apis.SiteVerification.v1.WebResourceResource.Get(System.String)">
            <summary>Get the most current data for a website or domain.</summary>
            <param name="id">Required - The id of a verified site or domain.</param>
        </member>
        <member name="M:Google.Apis.SiteVerification.v1.WebResourceResource.GetToken">
            <summary>Get a verification token for placing on a website or domain.</summary>
        </member>
        <member name="M:Google.Apis.SiteVerification.v1.WebResourceResource.GetToken(System.String,System.String,System.String)">
            <summary>Get a verification token for placing on a website or domain.</summary>
            <param name="identifier">Optional - The URL or domain to verify.</param>
            <param name="type">Optional - Type of resource to verify. Can be &apos;site&apos; (URL) or &apos;inet_domain&apos; (domain name).</param>
            <param name="verificationMethod">Optional - The method to use for verifying a site or domain.</param>
        </member>
        <member name="M:Google.Apis.SiteVerification.v1.WebResourceResource.Insert(Google.Apis.SiteVerification.v1.Data.SiteverificationWebResourceResource,System.String)">
            <summary>Attempt verification of a website or domain.</summary>
            <param name="verificationMethod">Required - The method to use for verifying a site or domain.</param>
        </member>
        <member name="M:Google.Apis.SiteVerification.v1.WebResourceResource.List">
            <summary>Get the list of your verified websites and domains.</summary>
        </member>
        <member name="M:Google.Apis.SiteVerification.v1.WebResourceResource.Patch(Google.Apis.SiteVerification.v1.Data.SiteverificationWebResourceResource,System.String)">
            <summary>Modify the list of owners for your website or domain. This method supports patch semantics.</summary>
            <param name="id">Required - The id of a verified site or domain.</param>
        </member>
        <member name="M:Google.Apis.SiteVerification.v1.WebResourceResource.Update(Google.Apis.SiteVerification.v1.Data.SiteverificationWebResourceResource,System.String)">
            <summary>Modify the list of owners for your website or domain.</summary>
            <param name="id">Required - The id of a verified site or domain.</param>
        </member>
        <member name="P:Google.Apis.SiteVerification.v1.WebResourceResource.DeleteRequest.Id">
            <summary>The id of a verified site or domain.</summary>
        </member>
        <member name="P:Google.Apis.SiteVerification.v1.WebResourceResource.GetRequest.Id">
            <summary>The id of a verified site or domain.</summary>
        </member>
        <member name="P:Google.Apis.SiteVerification.v1.WebResourceResource.GetTokenRequest.Identifier">
            <summary>The URL or domain to verify.</summary>
        </member>
        <member name="P:Google.Apis.SiteVerification.v1.WebResourceResource.GetTokenRequest.Type">
            <summary>Type of resource to verify. Can be 'site' (URL) or 'inet_domain' (domain name).</summary>
        </member>
        <member name="P:Google.Apis.SiteVerification.v1.WebResourceResource.GetTokenRequest.VerificationMethod">
            <summary>The method to use for verifying a site or domain.</summary>
        </member>
        <member name="P:Google.Apis.SiteVerification.v1.WebResourceResource.InsertRequest.VerificationMethod">
            <summary>The method to use for verifying a site or domain.</summary>
        </member>
        <member name="P:Google.Apis.SiteVerification.v1.WebResourceResource.InsertRequest.Body">
            <summary>Gets/Sets the Body of this Request.</summary>
        </member>
        <member name="P:Google.Apis.SiteVerification.v1.WebResourceResource.PatchRequest.Id">
            <summary>The id of a verified site or domain.</summary>
        </member>
        <member name="P:Google.Apis.SiteVerification.v1.WebResourceResource.PatchRequest.Body">
            <summary>Gets/Sets the Body of this Request.</summary>
        </member>
        <member name="P:Google.Apis.SiteVerification.v1.WebResourceResource.UpdateRequest.Id">
            <summary>The id of a verified site or domain.</summary>
        </member>
        <member name="P:Google.Apis.SiteVerification.v1.WebResourceResource.UpdateRequest.Body">
            <summary>Gets/Sets the Body of this Request.</summary>
        </member>
    </members>
</doc>
