<?xml version="1.0"?>
<doc>
    <assembly>
        <name>Google.Apis.Diacritize.v1</name>
    </assembly>
    <members>
        <member name="P:Google.Apis.Diacritize.v1.DiacritizeService.Key">
            <summary>Sets the API-Key (or DeveloperKey) which this service uses for all requests</summary>
        </member>
        <member name="M:Google.Apis.Diacritize.v1.DiacritizeResource.CorpusResource.Get(System.String,System.Boolean,System.String)">
            <summary>Adds diacritical marks to the given message.</summary>
            <param name="message">Required - Message to be diacritized</param>
            <param name="last_letter">Required - Flag to indicate whether the last letter in a word should be diacritized or not</param>
            <param name="lang">Required - Language of the message</param>
        </member>
        <member name="P:Google.Apis.Diacritize.v1.DiacritizeResource.CorpusResource.GetRequest.Lang">
            <summary>Language of the message</summary>
        </member>
        <member name="P:Google.Apis.Diacritize.v1.DiacritizeResource.CorpusResource.GetRequest.Last_letter">
            <summary>Flag to indicate whether the last letter in a word should be diacritized or not</summary>
        </member>
        <member name="P:Google.Apis.Diacritize.v1.DiacritizeResource.CorpusResource.GetRequest.Message">
            <summary>Message to be diacritized</summary>
        </member>
    </members>
</doc>
