<?xml version="1.0"?>
<doc>
    <assembly>
        <name>Google.Apis.Tasks.v1</name>
    </assembly>
    <members>
        <member name="P:Google.Apis.Tasks.v1.Data.Task.Completed">
            <summary>Completion date of the task (as a RFC 3339 timestamp). This field is omitted if the task has not been completed.</summary>
        </member>
        <member name="P:Google.Apis.Tasks.v1.Data.Task.Deleted">
            <summary>Flag indicating whether the task has been deleted. The default if False.</summary>
        </member>
        <member name="P:Google.Apis.Tasks.v1.Data.Task.Due">
            <summary>Due date of the task (as a RFC 3339 timestamp). Optional.</summary>
        </member>
        <member name="P:Google.Apis.Tasks.v1.Data.Task.ETag">
            <summary>ETag of the resource.</summary>
        </member>
        <member name="P:Google.Apis.Tasks.v1.Data.Task.Hidden">
            <summary>Flag indicating whether the task is hidden. This is the case if the task had been marked completed when the task list was last cleared. The default is False. This field is read-only.</summary>
        </member>
        <member name="P:Google.Apis.Tasks.v1.Data.Task.Id">
            <summary>Task identifier.</summary>
        </member>
        <member name="P:Google.Apis.Tasks.v1.Data.Task.Kind">
            <summary>Type of the resource. This is always &quot;tasks#task&quot;.</summary>
        </member>
        <member name="P:Google.Apis.Tasks.v1.Data.Task.Notes">
            <summary>Notes describing the task. Optional.</summary>
        </member>
        <member name="P:Google.Apis.Tasks.v1.Data.Task.Parent">
            <summary>Parent task identifier. This field is omitted if it is a top-level task. This field is read-only. Use the &quot;move&quot; method to move the task under a different parent or to the top level.</summary>
        </member>
        <member name="P:Google.Apis.Tasks.v1.Data.Task.Position">
            <summary>String indicating the position of the task among its sibling tasks under the same parent task or at the top level. If this string is greater than another task&apos;s corresponding position string according to lexicographical ordering, the task is positioned after the other task under the same parent task (or at the top level). This field is read-only. Use the &quot;move&quot; method to move the task to another position.</summary>
        </member>
        <member name="P:Google.Apis.Tasks.v1.Data.Task.SelfLink">
            <summary>URL pointing to this task. Used to retrieve, update, or delete this task.</summary>
        </member>
        <member name="P:Google.Apis.Tasks.v1.Data.Task.Status">
            <summary>Status of the task. This is either &quot;needsAction&quot; or &quot;completed&quot;.</summary>
        </member>
        <member name="P:Google.Apis.Tasks.v1.Data.Task.Title">
            <summary>Title of the task.</summary>
        </member>
        <member name="P:Google.Apis.Tasks.v1.Data.Task.Updated">
            <summary>Last modification time of the task (as a RFC 3339 timestamp).</summary>
        </member>
        <member name="P:Google.Apis.Tasks.v1.Data.TaskList.ETag">
            <summary>ETag of the resource.</summary>
        </member>
        <member name="P:Google.Apis.Tasks.v1.Data.TaskList.Id">
            <summary>Task list identifier.</summary>
        </member>
        <member name="P:Google.Apis.Tasks.v1.Data.TaskList.Kind">
            <summary>Type of the resource. This is always &quot;tasks#taskList&quot;.</summary>
        </member>
        <member name="P:Google.Apis.Tasks.v1.Data.TaskList.SelfLink">
            <summary>URL pointing to this task list. Used to retrieve, update, or delete this task list.</summary>
        </member>
        <member name="P:Google.Apis.Tasks.v1.Data.TaskList.Title">
            <summary>Title of the task list.</summary>
        </member>
        <member name="P:Google.Apis.Tasks.v1.Data.TaskLists.ETag">
            <summary>ETag of the resource.</summary>
        </member>
        <member name="P:Google.Apis.Tasks.v1.Data.TaskLists.Items">
            <summary>Collection of task lists.</summary>
        </member>
        <member name="P:Google.Apis.Tasks.v1.Data.TaskLists.Kind">
            <summary>Type of the resource. This is always &quot;tasks#taskLists&quot;.</summary>
        </member>
        <member name="P:Google.Apis.Tasks.v1.Data.TaskLists.NextPageToken">
            <summary>Token that can be used to request the next page of this result.</summary>
        </member>
        <member name="P:Google.Apis.Tasks.v1.Data.Tasks.ETag">
            <summary>ETag of the resource.</summary>
        </member>
        <member name="P:Google.Apis.Tasks.v1.Data.Tasks.Items">
            <summary>Collection of tasks.</summary>
        </member>
        <member name="P:Google.Apis.Tasks.v1.Data.Tasks.Kind">
            <summary>Type of the resource. This is always &quot;tasks#tasks&quot;.</summary>
        </member>
        <member name="P:Google.Apis.Tasks.v1.Data.Tasks.NextPageToken">
            <summary>Token used to access the next page of this result.</summary>
        </member>
        <member name="P:Google.Apis.Tasks.v1.TasksService.Key">
            <summary>Sets the API-Key (or DeveloperKey) which this service uses for all requests</summary>
        </member>
        <member name="T:Google.Apis.Tasks.v1.TasksService.Scopes">
            <summary>A list of all OAuth2.0 scopes. Each of these scopes relates to a permission or group of permissions that different methods of this API may need.</summary>
        </member>
        <member name="F:Google.Apis.Tasks.v1.TasksService.Scopes.Tasks">
            <summary>Manage your tasks</summary>
        </member>
        <member name="F:Google.Apis.Tasks.v1.TasksService.Scopes.TasksReadonly">
            <summary>View your tasks</summary>
        </member>
        <member name="M:Google.Apis.Tasks.v1.TasklistsResource.Delete(System.String)">
            <summary>Deletes the authenticated user&apos;s specified task list.</summary>
            <param name="tasklist">Required - Task list identifier.</param>
        </member>
        <member name="M:Google.Apis.Tasks.v1.TasklistsResource.Get(System.String)">
            <summary>Returns the authenticated user&apos;s specified task list.</summary>
            <param name="tasklist">Required - Task list identifier.</param>
        </member>
        <member name="M:Google.Apis.Tasks.v1.TasklistsResource.Insert(Google.Apis.Tasks.v1.Data.TaskList)">
            <summary>Creates a new task list and adds it to the authenticated user&apos;s task lists.</summary>
        </member>
        <member name="M:Google.Apis.Tasks.v1.TasklistsResource.List">
            <summary>Returns all the authenticated user&apos;s task lists.</summary>
        </member>
        <member name="M:Google.Apis.Tasks.v1.TasklistsResource.List(System.Nullable{System.Int64},System.String)">
            <summary>Returns all the authenticated user&apos;s task lists.</summary>
            <param name="maxResults">Optional - Minimum value of -9223372036854775808 - Maximum value of 9223372036854775807 - Maximum number of task lists returned on one page. Optional. The default is 100.</param>
            <param name="pageToken">Optional - Token specifying the result page to return. Optional.</param>
        </member>
        <member name="M:Google.Apis.Tasks.v1.TasklistsResource.Patch(Google.Apis.Tasks.v1.Data.TaskList,System.String)">
            <summary>Updates the authenticated user&apos;s specified task list. This method supports patch semantics.</summary>
            <param name="tasklist">Required - Task list identifier.</param>
        </member>
        <member name="M:Google.Apis.Tasks.v1.TasklistsResource.Update(Google.Apis.Tasks.v1.Data.TaskList,System.String)">
            <summary>Updates the authenticated user&apos;s specified task list.</summary>
            <param name="tasklist">Required - Task list identifier.</param>
        </member>
        <member name="P:Google.Apis.Tasks.v1.TasklistsResource.DeleteRequest.Tasklist">
            <summary>Task list identifier.</summary>
        </member>
        <member name="P:Google.Apis.Tasks.v1.TasklistsResource.GetRequest.Tasklist">
            <summary>Task list identifier.</summary>
        </member>
        <member name="P:Google.Apis.Tasks.v1.TasklistsResource.InsertRequest.Body">
            <summary>Gets/Sets the Body of this Request.</summary>
        </member>
        <member name="P:Google.Apis.Tasks.v1.TasklistsResource.ListRequest.MaxResults">
            <summary>Maximum number of task lists returned on one page. Optional. The default is 100.</summary>
        </member>
        <member name="P:Google.Apis.Tasks.v1.TasklistsResource.ListRequest.PageToken">
            <summary>Token specifying the result page to return. Optional.</summary>
        </member>
        <member name="P:Google.Apis.Tasks.v1.TasklistsResource.PatchRequest.Tasklist">
            <summary>Task list identifier.</summary>
        </member>
        <member name="P:Google.Apis.Tasks.v1.TasklistsResource.PatchRequest.Body">
            <summary>Gets/Sets the Body of this Request.</summary>
        </member>
        <member name="P:Google.Apis.Tasks.v1.TasklistsResource.UpdateRequest.Tasklist">
            <summary>Task list identifier.</summary>
        </member>
        <member name="P:Google.Apis.Tasks.v1.TasklistsResource.UpdateRequest.Body">
            <summary>Gets/Sets the Body of this Request.</summary>
        </member>
        <member name="M:Google.Apis.Tasks.v1.TasksResource.Clear(System.String)">
            <summary>Clears all completed tasks from the specified task list. The affected tasks will be marked as &apos;hidden&apos; and no longer be returned by default when retrieving all tasks for a task list.</summary>
            <param name="tasklist">Required - Task list identifier.</param>
        </member>
        <member name="M:Google.Apis.Tasks.v1.TasksResource.Delete(System.String,System.String)">
            <summary>Deletes the specified task from the task list.</summary>
            <param name="tasklist">Required - Task list identifier.</param>
            <param name="task">Required - Task identifier.</param>
        </member>
        <member name="M:Google.Apis.Tasks.v1.TasksResource.Get(System.String,System.String)">
            <summary>Returns the specified task.</summary>
            <param name="tasklist">Required - Task list identifier.</param>
            <param name="task">Required - Task identifier.</param>
        </member>
        <member name="M:Google.Apis.Tasks.v1.TasksResource.Insert(Google.Apis.Tasks.v1.Data.Task,System.String)">
            <summary>Creates a new task on the specified task list.</summary>
            <param name="tasklist">Required - Task list identifier.</param>
        </member>
        <member name="M:Google.Apis.Tasks.v1.TasksResource.Insert(Google.Apis.Tasks.v1.Data.Task,System.String,System.String,System.String)">
            <summary>Creates a new task on the specified task list.</summary>
            <param name="tasklist">Required - Task list identifier.</param>
            <param name="parent">Optional - Parent task identifier. If the task is created at the top level, this parameter is omitted. Optional.</param>
            <param name="previous">Optional - Previous sibling task identifier. If the task is created at the first position among its siblings, this parameter is omitted. Optional.</param>
        </member>
        <member name="M:Google.Apis.Tasks.v1.TasksResource.List(System.String)">
            <summary>Returns all tasks in the specified task list.</summary>
            <param name="tasklist">Required - Task list identifier.</param>
        </member>
        <member name="M:Google.Apis.Tasks.v1.TasksResource.List(System.String,System.String,System.String,System.String,System.String,System.Nullable{System.Int64},System.String,System.Nullable{System.Boolean},System.Nullable{System.Boolean},System.Nullable{System.Boolean},System.String)">
            <summary>Returns all tasks in the specified task list.</summary>
            <param name="tasklist">Required - Task list identifier.</param>
            <param name="completedMax">Optional - Upper bound for a task&apos;s completion date (as a RFC 3339 timestamp) to filter by. Optional. The default is not to filter by completion date.</param>
            <param name="completedMin">Optional - Lower bound for a task&apos;s completion date (as a RFC 3339 timestamp) to filter by. Optional. The default is not to filter by completion date.</param>
            <param name="dueMax">Optional - Upper bound for a task&apos;s due date (as a RFC 3339 timestamp) to filter by. Optional. The default is not to filter by due date.</param>
            <param name="dueMin">Optional - Lower bound for a task&apos;s due date (as a RFC 3339 timestamp) to filter by. Optional. The default is not to filter by due date.</param>
            <param name="maxResults">Optional - Minimum value of -9223372036854775808 - Maximum value of 9223372036854775807 - Maximum number of task lists returned on one page. Optional. The default is 100.</param>
            <param name="pageToken">Optional - Token specifying the result page to return. Optional.</param>
            <param name="showCompleted">Optional - Flag indicating whether completed tasks are returned in the result. Optional. The default is True.</param>
            <param name="showDeleted">Optional - Flag indicating whether deleted tasks are returned in the result. Optional. The default is False.</param>
            <param name="showHidden">Optional - Flag indicating whether hidden tasks are returned in the result. Optional. The default is False.</param>
            <param name="updatedMin">Optional - Lower bound for a task&apos;s last modification time (as a RFC 3339 timestamp) to filter by. Optional. The default is not to filter by last modification time.</param>
        </member>
        <member name="M:Google.Apis.Tasks.v1.TasksResource.Move(System.String,System.String)">
            <summary>Moves the specified task to another position in the task list. This can include putting it as a child task under a new parent and/or move it to a different position among its sibling tasks.</summary>
            <param name="tasklist">Required - Task list identifier.</param>
            <param name="task">Required - Task identifier.</param>
        </member>
        <member name="M:Google.Apis.Tasks.v1.TasksResource.Move(System.String,System.String,System.String,System.String)">
            <summary>Moves the specified task to another position in the task list. This can include putting it as a child task under a new parent and/or move it to a different position among its sibling tasks.</summary>
            <param name="tasklist">Required - Task list identifier.</param>
            <param name="task">Required - Task identifier.</param>
            <param name="parent">Optional - New parent task identifier. If the task is moved to the top level, this parameter is omitted. Optional.</param>
            <param name="previous">Optional - New previous sibling task identifier. If the task is moved to the first position among its siblings, this parameter is omitted. Optional.</param>
        </member>
        <member name="M:Google.Apis.Tasks.v1.TasksResource.Patch(Google.Apis.Tasks.v1.Data.Task,System.String,System.String)">
            <summary>Updates the specified task. This method supports patch semantics.</summary>
            <param name="tasklist">Required - Task list identifier.</param>
            <param name="task">Required - Task identifier.</param>
        </member>
        <member name="M:Google.Apis.Tasks.v1.TasksResource.Update(Google.Apis.Tasks.v1.Data.Task,System.String,System.String)">
            <summary>Updates the specified task.</summary>
            <param name="tasklist">Required - Task list identifier.</param>
            <param name="task">Required - Task identifier.</param>
        </member>
        <member name="P:Google.Apis.Tasks.v1.TasksResource.ClearRequest.Tasklist">
            <summary>Task list identifier.</summary>
        </member>
        <member name="P:Google.Apis.Tasks.v1.TasksResource.DeleteRequest.Task">
            <summary>Task identifier.</summary>
        </member>
        <member name="P:Google.Apis.Tasks.v1.TasksResource.DeleteRequest.Tasklist">
            <summary>Task list identifier.</summary>
        </member>
        <member name="P:Google.Apis.Tasks.v1.TasksResource.GetRequest.Task">
            <summary>Task identifier.</summary>
        </member>
        <member name="P:Google.Apis.Tasks.v1.TasksResource.GetRequest.Tasklist">
            <summary>Task list identifier.</summary>
        </member>
        <member name="P:Google.Apis.Tasks.v1.TasksResource.InsertRequest.Parent">
            <summary>Parent task identifier. If the task is created at the top level, this parameter is omitted. Optional.</summary>
        </member>
        <member name="P:Google.Apis.Tasks.v1.TasksResource.InsertRequest.Previous">
            <summary>Previous sibling task identifier. If the task is created at the first position among its siblings, this parameter is omitted. Optional.</summary>
        </member>
        <member name="P:Google.Apis.Tasks.v1.TasksResource.InsertRequest.Tasklist">
            <summary>Task list identifier.</summary>
        </member>
        <member name="P:Google.Apis.Tasks.v1.TasksResource.InsertRequest.Body">
            <summary>Gets/Sets the Body of this Request.</summary>
        </member>
        <member name="P:Google.Apis.Tasks.v1.TasksResource.ListRequest.CompletedMax">
            <summary>Upper bound for a task's completion date (as a RFC 3339 timestamp) to filter by. Optional. The default is not to filter by completion date.</summary>
        </member>
        <member name="P:Google.Apis.Tasks.v1.TasksResource.ListRequest.CompletedMin">
            <summary>Lower bound for a task's completion date (as a RFC 3339 timestamp) to filter by. Optional. The default is not to filter by completion date.</summary>
        </member>
        <member name="P:Google.Apis.Tasks.v1.TasksResource.ListRequest.DueMax">
            <summary>Upper bound for a task's due date (as a RFC 3339 timestamp) to filter by. Optional. The default is not to filter by due date.</summary>
        </member>
        <member name="P:Google.Apis.Tasks.v1.TasksResource.ListRequest.DueMin">
            <summary>Lower bound for a task's due date (as a RFC 3339 timestamp) to filter by. Optional. The default is not to filter by due date.</summary>
        </member>
        <member name="P:Google.Apis.Tasks.v1.TasksResource.ListRequest.MaxResults">
            <summary>Maximum number of task lists returned on one page. Optional. The default is 100.</summary>
        </member>
        <member name="P:Google.Apis.Tasks.v1.TasksResource.ListRequest.PageToken">
            <summary>Token specifying the result page to return. Optional.</summary>
        </member>
        <member name="P:Google.Apis.Tasks.v1.TasksResource.ListRequest.ShowCompleted">
            <summary>Flag indicating whether completed tasks are returned in the result. Optional. The default is True.</summary>
        </member>
        <member name="P:Google.Apis.Tasks.v1.TasksResource.ListRequest.ShowDeleted">
            <summary>Flag indicating whether deleted tasks are returned in the result. Optional. The default is False.</summary>
        </member>
        <member name="P:Google.Apis.Tasks.v1.TasksResource.ListRequest.ShowHidden">
            <summary>Flag indicating whether hidden tasks are returned in the result. Optional. The default is False.</summary>
        </member>
        <member name="P:Google.Apis.Tasks.v1.TasksResource.ListRequest.Tasklist">
            <summary>Task list identifier.</summary>
        </member>
        <member name="P:Google.Apis.Tasks.v1.TasksResource.ListRequest.UpdatedMin">
            <summary>Lower bound for a task's last modification time (as a RFC 3339 timestamp) to filter by. Optional. The default is not to filter by last modification time.</summary>
        </member>
        <member name="P:Google.Apis.Tasks.v1.TasksResource.MoveRequest.Parent">
            <summary>New parent task identifier. If the task is moved to the top level, this parameter is omitted. Optional.</summary>
        </member>
        <member name="P:Google.Apis.Tasks.v1.TasksResource.MoveRequest.Previous">
            <summary>New previous sibling task identifier. If the task is moved to the first position among its siblings, this parameter is omitted. Optional.</summary>
        </member>
        <member name="P:Google.Apis.Tasks.v1.TasksResource.MoveRequest.Task">
            <summary>Task identifier.</summary>
        </member>
        <member name="P:Google.Apis.Tasks.v1.TasksResource.MoveRequest.Tasklist">
            <summary>Task list identifier.</summary>
        </member>
        <member name="P:Google.Apis.Tasks.v1.TasksResource.PatchRequest.Task">
            <summary>Task identifier.</summary>
        </member>
        <member name="P:Google.Apis.Tasks.v1.TasksResource.PatchRequest.Tasklist">
            <summary>Task list identifier.</summary>
        </member>
        <member name="P:Google.Apis.Tasks.v1.TasksResource.PatchRequest.Body">
            <summary>Gets/Sets the Body of this Request.</summary>
        </member>
        <member name="P:Google.Apis.Tasks.v1.TasksResource.UpdateRequest.Task">
            <summary>Task identifier.</summary>
        </member>
        <member name="P:Google.Apis.Tasks.v1.TasksResource.UpdateRequest.Tasklist">
            <summary>Task list identifier.</summary>
        </member>
        <member name="P:Google.Apis.Tasks.v1.TasksResource.UpdateRequest.Body">
            <summary>Gets/Sets the Body of this Request.</summary>
        </member>
    </members>
</doc>
