<?xml version="1.0"?>
<doc>
    <assembly>
        <name>Google.Apis.Adexchangebuyer.v1</name>
    </assembly>
    <members>
        <member name="P:Google.Apis.Adexchangebuyer.v1.Data.Account.BidderLocation">
            <summary>Your bidder locations that have distinct URLs.</summary>
        </member>
        <member name="P:Google.Apis.Adexchangebuyer.v1.Data.Account.CookieMatchingNid">
            <summary>The nid parameter value used in cookie match requests. This value cannot by changed through an update operation. Please contact your technical account manager if you need to change it.</summary>
        </member>
        <member name="P:Google.Apis.Adexchangebuyer.v1.Data.Account.CookieMatchingUrl">
            <summary>The base url used in cookie match requests.</summary>
        </member>
        <member name="P:Google.Apis.Adexchangebuyer.v1.Data.Account.Id">
            <summary>Account id.</summary>
        </member>
        <member name="P:Google.Apis.Adexchangebuyer.v1.Data.Account.Kind">
            <summary>Resource type.</summary>
        </member>
        <member name="P:Google.Apis.Adexchangebuyer.v1.Data.Account.MaximumTotalQps">
            <summary>The sum of all bidderLocation.maximumQps values cannot exceed this. This value cannot by changed through an update operation. Please contact your technical account manager if you need to change it.</summary>
        </member>
        <member name="P:Google.Apis.Adexchangebuyer.v1.Data.Account.BidderLocationData.MaximumQps">
            <summary>The maximum queries per second the Ad Exchange will send.</summary>
        </member>
        <member name="P:Google.Apis.Adexchangebuyer.v1.Data.Account.BidderLocationData.Url">
            <summary>The URL to which the Ad Exchange will send bid requests.</summary>
        </member>
        <member name="P:Google.Apis.Adexchangebuyer.v1.Data.AccountsList.Items">
            <summary>A list of accounts.</summary>
        </member>
        <member name="P:Google.Apis.Adexchangebuyer.v1.Data.AccountsList.Kind">
            <summary>Resource type.</summary>
        </member>
        <member name="P:Google.Apis.Adexchangebuyer.v1.AdexchangebuyerService.Key">
            <summary>Sets the API-Key (or DeveloperKey) which this service uses for all requests</summary>
        </member>
        <member name="M:Google.Apis.Adexchangebuyer.v1.AccountsResource.Get(System.String)">
            <summary>Gets one account by id.</summary>
            <param name="id">Required - The account id</param>
        </member>
        <member name="M:Google.Apis.Adexchangebuyer.v1.AccountsResource.List">
            <summary>Retrieves a list of accounts.</summary>
        </member>
        <member name="M:Google.Apis.Adexchangebuyer.v1.AccountsResource.Patch(Google.Apis.Adexchangebuyer.v1.Data.Account,System.String)">
            <summary>Updates an existing account. This method supports patch semantics.</summary>
            <param name="id">Required - The account id</param>
        </member>
        <member name="M:Google.Apis.Adexchangebuyer.v1.AccountsResource.Update(Google.Apis.Adexchangebuyer.v1.Data.Account,System.String)">
            <summary>Updates an existing account.</summary>
            <param name="id">Required - The account id</param>
        </member>
        <member name="P:Google.Apis.Adexchangebuyer.v1.AccountsResource.GetRequest.Id">
            <summary>The account id</summary>
        </member>
        <member name="P:Google.Apis.Adexchangebuyer.v1.AccountsResource.PatchRequest.Id">
            <summary>The account id</summary>
        </member>
        <member name="P:Google.Apis.Adexchangebuyer.v1.AccountsResource.PatchRequest.Body">
            <summary>Gets/Sets the Body of this Request.</summary>
        </member>
        <member name="P:Google.Apis.Adexchangebuyer.v1.AccountsResource.UpdateRequest.Id">
            <summary>The account id</summary>
        </member>
        <member name="P:Google.Apis.Adexchangebuyer.v1.AccountsResource.UpdateRequest.Body">
            <summary>Gets/Sets the Body of this Request.</summary>
        </member>
    </members>
</doc>
